scene_id,cut,tier,kept,mismatch,n_gt_pos,max_on_gt,max_off_gt,delta_score,max_on_all,max_off_all,delta_frame,max_on_b1,max_off_b1,delta_b1,max_on_b2,max_off_b2,delta_b2,max_on_b3,max_off_b3,delta_b3,max_on_b4,max_off_b4,delta_b4
scene05,L0__s20260819__0000.png,V,True,,20,0.904293,0.016897,0.887396,0.904293,0.016897,0.887396,0.23897,0.000897,0.23807299999999998,0.857633,0.004702,0.852931,0.857526,0.001955,0.855571,0.904293,0.016897,0.887396
scene05,L0__s20260819__0001.png,V,True,,4,0.939043,0.403653,0.53539,0.939043,0.403653,0.53539,nan,nan,nan,nan,nan,nan,nan,nan,nan,0.939043,0.403653,0.53539
scene05,L0__s20260819__0002.png,V,True,,5,0.995894,0.921195,0.07469899999999996,0.995894,0.921195,0.07469899999999996,nan,nan,nan,nan,nan,nan,nan,nan,nan,0.995894,0.921195,0.07469899999999996
scene05,L0__s20260819__0003.png,V,True,,15,0.994457,0.001463,0.992994,0.994457,0.001463,0.992994,nan,nan,nan,0.876357,2e-06,0.8763550000000001,0.988621,3.4e-05,0.988587,0.994457,0.001463,0.992994
scene05,L0__s20260819__0004.png,V,True,,20,0.766186,0.000971,0.765215,0.766186,0.000971,0.765215,0.326788,1e-06,0.32678700000000005,0.526139,0.0,0.526139,0.766186,0.0,0.766186,0.561973,0.000971,0.5610019999999999
scene05,L0__s20260819__0005.png,V,True,,20,0.905886,0.039006,0.86688,0.905886,0.039006,0.86688,0.261273,1.3e-05,0.26126,0.905886,7e-06,0.905879,0.434183,8e-06,0.434175,0.88367,0.039006,0.844664
scene05,L0__s20260819__0006.png,V,True,,15,0.985753,0.835849,0.14990400000000004,0.985753,0.835849,0.14990400000000004,nan,nan,nan,0.824585,0.0,0.824585,0.767644,1e-06,0.767643,0.985753,0.835849,0.14990400000000004
scene05,L0__s20260819__0007.png,V,True,,15,0.955642,0.408581,0.547061,0.955642,0.408581,0.547061,nan,nan,nan,0.955642,0.0,0.955642,0.903081,3e-06,0.903078,0.911676,0.408581,0.5030950000000001
scene05,L0__s20260820__0000.png::boost_e,V,True,,10,0.982162,0.002002,0.98016,0.982162,0.002002,0.98016,nan,nan,nan,nan,nan,nan,0.965825,5.5e-05,0.96577,0.982162,0.002002,0.98016
scene05,L0__s20260820__0001.png::boost_e,V,True,,5,0.988831,0.679116,0.30971499999999996,0.988831,0.679116,0.30971499999999996,nan,nan,nan,nan,nan,nan,nan,nan,nan,0.988831,0.679116,0.30971499999999996
scene05,L0__s20260820__0002.png::boost_e,V,True,,9,0.996737,0.085128,0.911609,0.996737,0.085128,0.911609,nan,nan,nan,nan,nan,nan,0.942374,0.000311,0.9420630000000001,0.996737,0.085128,0.911609
scene05,L0__s20260820__0003.png::boost_e,V,True,,13,0.998088,0.596014,0.40207399999999993,0.998088,0.596014,0.40207399999999993,nan,nan,nan,0.935853,0.0,0.935853,0.986265,2e-06,0.986263,0.998088,0.596014,0.40207399999999993
scene05,L0__s20260820__0004.png::boost_e,V,True,,13,0.997364,0.010062,0.987302,0.997364,0.010062,0.987302,nan,nan,nan,0.57394,1e-05,0.57393,0.966573,2.1e-05,0.966552,0.997364,0.010062,0.987302
scene05,L0__s20260820__0005.png::boost_e,V,True,,12,0.999285,0.003535,0.99575,0.999285,0.003535,0.99575,nan,nan,nan,0.686114,0.0,0.686114,0.991695,5e-06,0.99169,0.999285,0.003535,0.99575
scene05,L0__s20260820__0006.png::boost_e,V,True,,5,0.969603,0.275469,0.694134,0.969603,0.275469,0.694134,nan,nan,nan,nan,nan,nan,nan,nan,nan,0.969603,0.275469,0.694134
scene05,L0__s20260820__0007.png::boost_e,V,True,,10,0.990092,0.000799,0.989293,0.990092,0.000799,0.989293,nan,nan,nan,nan,nan,nan,0.613884,0.0,0.613884,0.990092,0.000799,0.989293
scene05,L0__s20260821__0000.png::boost_e2,V,True,,9,0.961024,0.455207,0.505817,0.961024,0.455207,0.505817,nan,nan,nan,nan,nan,nan,0.41025,0.030012,0.380238,0.961024,0.455207,0.505817
scene05,L0__s20260821__0001.png::boost_e2,V,True,,9,0.705713,0.010702,0.695011,0.705713,0.010702,0.695011,nan,nan,nan,nan,nan,nan,0.331281,0.00033,0.330951,0.705713,0.010702,0.695011
scene05,L0__s20260821__0002.png::boost_e2,V,True,,13,0.308562,0.05363,0.254932,0.308562,0.05363,0.254932,nan,nan,nan,0.006086,0.015508,-0.009422,0.016633,0.0062,0.010432999999999998,0.308562,0.05363,0.254932
scene05,L0__s20260821__0003.png::boost_e2,V,True,,9,0.942672,0.268821,0.673851,0.942672,0.268821,0.673851,nan,nan,nan,nan,nan,nan,0.342505,0.002564,0.339941,0.942672,0.268821,0.673851
scene05,L0__s20260821__0004.png::boost_e2,V,True,,15,0.935871,0.001656,0.934215,0.935871,0.001656,0.934215,nan,nan,nan,0.128932,8e-06,0.12892399999999998,0.772781,2.7e-05,0.772754,0.935871,0.001656,0.934215
scene05,L0__s20260821__0005.png::boost_e2,V,True,,14,0.834821,0.062536,0.772285,0.834821,0.062536,0.772285,nan,nan,nan,0.057044,0.000105,0.056939,0.087967,0.000126,0.087841,0.834821,0.062536,0.772285
scene05,L0__s20260821__0006.png::boost_e2,V,True,,14,0.97178,0.001159,0.970621,0.97178,0.001159,0.970621,nan,nan,nan,0.068765,1.1e-05,0.06875400000000001,0.552345,6.4e-05,0.552281,0.97178,0.001159,0.970621
scene05,L0__s20260821__0007.png::boost_e2,V,True,,15,0.99271,0.0033,0.98941,0.99271,0.0033,0.98941,nan,nan,nan,0.662157,8e-06,0.662149,0.936502,4.6e-05,0.936456,0.99271,0.0033,0.98941
scene05,L5__s20260819__0000.png,V,True,,20,0.995862,0.004487,0.991375,0.995862,0.004487,0.991375,0.048483,0.000251,0.048232,0.983222,0.000572,0.98265,0.995862,0.000117,0.995745,0.989597,0.004487,0.9851099999999999
scene05,L5__s20260819__0001.png,V,True,,4,0.986863,0.836188,0.150675,0.986863,0.836188,0.150675,nan,nan,nan,nan,nan,nan,nan,nan,nan,0.986863,0.836188,0.150675
scene05,L5__s20260819__0002.png,V,True,,5,0.991935,0.898268,0.09366700000000006,0.991935,0.898268,0.09366700000000006,nan,nan,nan,nan,nan,nan,nan,nan,nan,0.991935,0.898268,0.09366700000000006
scene05,L5__s20260819__0003.png,V,True,,15,0.999244,0.03483,0.964414,0.999244,0.03483,0.964414,nan,nan,nan,0.868452,0.000148,0.868304,0.994795,0.001168,0.993627,0.999244,0.03483,0.964414
scene05,L5__s20260819__0004.png,V,True,,20,0.987712,0.002356,0.985356,0.987712,0.002356,0.985356,0.937393,1.2e-05,0.937381,0.683436,6e-06,0.6834300000000001,0.987712,9e-05,0.987622,0.958883,0.002356,0.956527
scene05,L5__s20260819__0005.png,V,True,,20,0.984991,0.612688,0.37230299999999994,0.984991,0.612688,0.37230299999999994,0.676587,5.8e-05,0.676529,0.976808,0.000144,0.976664,0.972151,0.000278,0.971873,0.984991,0.612688,0.37230299999999994
scene05,L5__s20260819__0006.png,V,True,,15,0.996101,0.944949,0.051151999999999975,0.996101,0.944949,0.051151999999999975,nan,nan,nan,0.937391,8.5e-05,0.937306,0.870741,0.000293,0.870448,0.996101,0.944949,0.051151999999999975
scene05,L5__s20260819__0007.png,V,True,,15,0.989561,0.366834,0.622727,0.989561,0.366834,0.622727,nan,nan,nan,0.973382,2e-06,0.97338,0.989561,6.6e-05,0.989495,0.979871,0.366834,0.613037
scene05,L5__s20260820__0000.png::boost_e,V,True,,10,0.99932,0.305281,0.694039,0.99932,0.305281,0.694039,nan,nan,nan,nan,nan,nan,0.989096,0.000648,0.988448,0.99932,0.305281,0.694039
scene05,L5__s20260820__0001.png::boost_e,V,True,,5,0.99869,0.961165,0.03752499999999992,0.99869,0.961165,0.03752499999999992,nan,nan,nan,nan,nan,nan,nan,nan,nan,0.99869,0.961165,0.03752499999999992
scene05,L5__s20260820__0002.png::boost_e,V,True,,9,0.998781,0.304175,0.6946060000000001,0.998781,0.304175,0.6946060000000001,nan,nan,nan,nan,nan,nan,0.985942,0.002262,0.98368,0.998781,0.304175,0.6946060000000001
scene05,L5__s20260820__0003.png::boost_e,V,True,,13,0.999543,0.870588,0.12895499999999993,0.999543,0.870588,0.12895499999999993,nan,nan,nan,0.858314,5e-06,0.858309,0.99786,0.000138,0.997722,0.999543,0.870588,0.12895499999999993
scene05,L5__s20260820__0004.png::boost_e,V,True,,13,0.99931,0.60168,0.39763000000000004,0.99931,0.60168,0.39763000000000004,nan,nan,nan,0.557908,0.000176,0.557732,0.986619,0.000242,0.9863770000000001,0.99931,0.60168,0.39763000000000004
scene05,L5__s20260820__0005.png::boost_e,V,True,,12,0.999323,0.587671,0.4116519999999999,0.999323,0.587671,0.4116519999999999,nan,nan,nan,0.686275,4e-06,0.686271,0.985911,0.000113,0.985798,0.999323,0.587671,0.4116519999999999
scene05,L5__s20260820__0006.png::boost_e,V,True,,5,0.993719,0.626673,0.367046,0.993719,0.626673,0.367046,nan,nan,nan,nan,nan,nan,nan,nan,nan,0.993719,0.626673,0.367046
scene05,L5__s20260820__0007.png::boost_e,V,True,,10,0.999156,0.134067,0.865089,0.999156,0.134067,0.865089,nan,nan,nan,nan,nan,nan,0.971586,4.2e-05,0.971544,0.999156,0.134067,0.865089
scene05,L5__s20260821__0000.png::boost_e2,V,True,,9,0.992855,0.73438,0.258475,0.992855,0.73438,0.258475,nan,nan,nan,nan,nan,nan,0.985618,0.203859,0.781759,0.992855,0.73438,0.258475
scene05,L5__s20260821__0001.png::boost_e2,V,True,,9,0.478032,0.003236,0.474796,0.478032,0.003236,0.474796,nan,nan,nan,nan,nan,nan,0.067954,0.000451,0.06750300000000001,0.478032,0.003236,0.474796
scene05,L5__s20260821__0002.png::boost_e2,V,True,,13,0.967538,0.093122,0.874416,0.967538,0.093122,0.874416,nan,nan,nan,0.375163,0.027989,0.34717400000000004,0.724916,0.045794,0.679122,0.967538,0.093122,0.874416
scene05,L5__s20260821__0003.png::boost_e2,V,True,,9,0.927034,0.092537,0.834497,0.927034,0.092537,0.834497,nan,nan,nan,nan,nan,nan,0.141451,0.002775,0.138676,0.927034,0.092537,0.834497
scene05,L5__s20260821__0004.png::boost_e2,V,True,,15,0.974684,0.011226,0.963458,0.974684,0.011226,0.963458,nan,nan,nan,0.427618,5.5e-05,0.42756299999999997,0.853071,0.000182,0.852889,0.974684,0.011226,0.963458
scene05,L5__s20260821__0005.png::boost_e2,V,True,,14,0.738217,0.043396,0.694821,0.738217,0.043396,0.694821,nan,nan,nan,0.008066,1.3e-05,0.008053,0.059572,3.1e-05,0.059541,0.738217,0.043396,0.694821
scene05,L5__s20260821__0006.png::boost_e2,V,True,,14,0.988337,0.008952,0.9793850000000001,0.988337,0.008952,0.9793850000000001,nan,nan,nan,0.074926,7e-06,0.07491900000000001,0.620907,0.000147,0.62076,0.988337,0.008952,0.9793850000000001
scene05,L5__s20260821__0007.png::boost_e2,V,True,,15,0.995323,0.002341,0.9929819999999999,0.995323,0.002341,0.9929819999999999,nan,nan,nan,0.491203,7e-06,0.491196,0.951629,1.9e-05,0.95161,0.995323,0.002341,0.9929819999999999
scene05,L7__s20260819__0000.png,V,True,,20,0.978245,0.00578,0.972465,0.978245,0.00578,0.972465,0.147105,6.3e-05,0.147042,0.978245,9.4e-05,0.978151,0.9139,1.2e-05,0.913888,0.927212,0.00578,0.921432
scene05,L7__s20260819__0001.png,V,True,,4,0.977398,0.262766,0.7146319999999999,0.977398,0.262766,0.7146319999999999,nan,nan,nan,nan,nan,nan,nan,nan,nan,0.977398,0.262766,0.7146319999999999
scene05,L7__s20260819__0002.png,V,True,,5,0.986871,0.825004,0.1618670000000001,0.986871,0.825004,0.1618670000000001,nan,nan,nan,nan,nan,nan,nan,nan,nan,0.986871,0.825004,0.1618670000000001
scene05,L7__s20260819__0003.png,V,True,,15,0.996612,0.015023,0.981589,0.996612,0.015023,0.981589,nan,nan,nan,0.963437,1.2e-05,0.963425,0.996612,5e-05,0.9965620000000001,0.994869,0.015023,0.979846
scene05,L7__s20260819__0004.png,V,True,,20,0.583356,0.000928,0.582428,0.583356,0.000928,0.582428,0.154594,1e-06,0.154593,0.525109,0.0,0.525109,0.583356,1e-06,0.583355,0.273619,0.000928,0.272691
scene05,L7__s20260819__0005.png,V,True,,20,0.670705,0.059167,0.611538,0.670705,0.059167,0.611538,0.582833,1.5e-05,0.5828180000000001,0.670705,1e-05,0.670695,0.154576,6e-06,0.15456999999999999,0.532307,0.059167,0.47314
scene05,L7__s20260819__0006.png,V,True,,15,0.947873,0.548042,0.39983099999999994,0.947873,0.548042,0.39983099999999994,nan,nan,nan,0.906085,0.0,0.906085,0.486161,1e-06,0.48616000000000004,0.947873,0.548042,0.39983099999999994
scene05,L7__s20260819__0007.png,V,True,,15,0.876205,0.139882,0.7363230000000001,0.876205,0.139882,0.7363230000000001,nan,nan,nan,0.876205,0.0,0.876205,0.706796,1e-06,0.706795,0.643382,0.139882,0.5035000000000001
scene05,L7__s20260820__0000.png::boost_e,V,True,,10,0.991606,0.006195,0.985411,0.991606,0.006195,0.985411,nan,nan,nan,nan,nan,nan,0.991606,1.6e-05,0.99159,0.988524,0.006195,0.982329
scene05,L7__s20260820__0001.png::boost_e,V,True,,5,0.994024,0.614166,0.37985800000000003,0.994024,0.614166,0.37985800000000003,nan,nan,nan,nan,nan,nan,nan,nan,nan,0.994024,0.614166,0.37985800000000003
scene05,L7__s20260820__0002.png::boost_e,V,True,,9,0.996925,0.355371,0.641554,0.996925,0.355371,0.641554,nan,nan,nan,nan,nan,nan,0.916191,0.000565,0.9156259999999999,0.996925,0.355371,0.641554
scene05,L7__s20260820__0003.png::boost_e,V,True,,13,0.998739,0.316811,0.6819280000000001,0.998739,0.316811,0.6819280000000001,nan,nan,nan,0.925918,0.0,0.925918,0.990061,2e-06,0.990059,0.998739,0.316811,0.6819280000000001
scene05,L7__s20260820__0004.png::boost_e,V,True,,13,0.992476,0.054193,0.938283,0.992476,0.054193,0.938283,nan,nan,nan,0.50982,2.6e-05,0.5097940000000001,0.86757,0.000103,0.867467,0.992476,0.054193,0.938283
scene05,L7__s20260820__0005.png::boost_e,V,True,,12,0.996491,0.057855,0.938636,0.996491,0.057855,0.938636,nan,nan,nan,0.624055,0.0,0.624055,0.947195,7e-06,0.947188,0.996491,0.057855,0.938636
scene05,L7__s20260820__0006.png::boost_e,V,True,,5,0.986242,0.333008,0.6532339999999999,0.986242,0.333008,0.6532339999999999,nan,nan,nan,nan,nan,nan,nan,nan,nan,0.986242,0.333008,0.6532339999999999
scene05,L7__s20260820__0007.png::boost_e,V,True,,10,0.998251,0.009806,0.988445,0.998251,0.009806,0.988445,nan,nan,nan,nan,nan,nan,0.904186,0.0,0.904186,0.998251,0.009806,0.988445
scene05,L7__s20260821__0000.png::boost_e2,V,True,,9,0.982281,0.091114,0.8911669999999999,0.982281,0.091114,0.8911669999999999,nan,nan,nan,nan,nan,nan,0.704132,0.000926,0.703206,0.982281,0.091114,0.8911669999999999
scene05,L7__s20260821__0001.png::boost_e2,V,True,,9,0.818538,0.017396,0.801142,0.818538,0.017396,0.801142,nan,nan,nan,nan,nan,nan,0.527195,0.000174,0.527021,0.818538,0.017396,0.801142
scene05,L7__s20260821__0002.png::boost_e2,V,True,,13,0.789458,0.002699,0.786759,0.789458,0.002699,0.786759,nan,nan,nan,0.033152,0.000827,0.032325,0.098144,0.000358,0.097786,0.789458,0.002699,0.786759
scene05,L7__s20260821__0003.png::boost_e2,V,True,,9,0.89199,0.065975,0.8260149999999999,0.89199,0.065975,0.8260149999999999,nan,nan,nan,nan,nan,nan,0.159878,0.000506,0.15937199999999999,0.89199,0.065975,0.8260149999999999
scene05,L7__s20260821__0004.png::boost_e2,V,True,,15,0.98655,0.057687,0.928863,0.98655,0.057687,0.928863,nan,nan,nan,0.757629,0.000125,0.757504,0.970368,0.000147,0.970221,0.98655,0.057687,0.928863
scene05,L7__s20260821__0005.png::boost_e2,V,True,,14,0.928173,0.131378,0.796795,0.928173,0.131378,0.796795,nan,nan,nan,0.251388,9.6e-05,0.251292,0.334568,6e-05,0.33450799999999997,0.928173,0.131378,0.796795
scene05,L7__s20260821__0006.png::boost_e2,V,True,,14,0.964077,0.004433,0.9596439999999999,0.964077,0.004433,0.9596439999999999,nan,nan,nan,0.316782,2e-06,0.31678,0.841737,6e-06,0.841731,0.964077,0.004433,0.9596439999999999
scene05,L7__s20260821__0007.png::boost_e2,V,True,,15,0.976348,0.005265,0.971083,0.976348,0.005265,0.971083,nan,nan,nan,0.509316,4e-06,0.509312,0.851976,1e-05,0.851966,0.976348,0.005265,0.971083
scene07,L0__s20260819__0000.png,V,False,ground_z,8,0.908972,0.301963,0.607009,0.908972,0.301963,0.607009,nan,nan,nan,nan,nan,nan,0.908972,0.089097,0.819875,0.856065,0.301963,0.554102
scene07,L0__s20260819__0001.png,none_in_fov,True,,0,nan,nan,nan,0.998847,0.000661,0.998186,nan,nan,nan,nan,nan,nan,nan,nan,nan,nan,nan,nan
scene07,L0__s20260819__0002.png,V,False,ground_z,5,0.948823,0.181077,0.767746,0.948823,0.181077,0.767746,nan,nan,nan,nan,nan,nan,nan,nan,nan,0.948823,0.181077,0.767746
scene07,L0__s20260819__0003.png,V,True,,10,0.997429,0.059766,0.937663,0.997429,0.059766,0.937663,nan,nan,nan,0.810926,0.028167,0.782759,0.991475,0.037145,0.95433,0.997429,0.059766,0.937663
scene07,L0__s20260819__0004.png,V,False,ground_z,6,0.726867,0.007679,0.719188,0.879958,0.251288,0.6286700000000001,nan,nan,nan,nan,nan,nan,0.60751,0.007679,0.599831,0.726867,0.005186,0.721681
scene07,L0__s20260819__0005.png,V,False,ground_z,7,0.747243,0.007842,0.739401,0.747243,0.007842,0.739401,nan,nan,nan,nan,nan,nan,0.476155,0.007842,0.468313,0.747243,0.003446,0.743797
scene07,L0__s20260819__0006.png,V,True,,10,0.925828,0.431472,0.49435599999999996,0.925828,0.431472,0.49435599999999996,nan,nan,nan,0.720671,0.191374,0.5292969999999999,0.925828,0.291302,0.6345259999999999,0.893732,0.431472,0.46225999999999995
scene07,L0__s20260819__0007.png,V,False,ground_z,7,0.639223,0.005097,0.634126,0.639223,0.00583,0.633393,nan,nan,nan,nan,nan,nan,0.639223,0.002848,0.636375,0.413998,0.005097,0.40890099999999996
scene07,L0__s20260820__0000.png::boost_e,none_in_fov,True,,0,nan,nan,nan,0.996967,0.005066,0.991901,nan,nan,nan,nan,nan,nan,nan,nan,nan,nan,nan,nan
scene07,L0__s20260820__0001.png::boost_e,none_in_fov,True,,0,nan,nan,nan,0.969675,0.021644,0.948031,nan,nan,nan,nan,nan,nan,nan,nan,nan,nan,nan,nan
scene07,L0__s20260820__0002.png::boost_e,none_in_fov,False,ground_z,0,nan,nan,nan,0.732932,0.291737,0.441195,nan,nan,nan,nan,nan,nan,nan,nan,nan,nan,nan,nan
scene07,L0__s20260820__0003.png::boost_e,none_in_fov,True,,0,nan,nan,nan,0.998948,0.116742,0.8822059999999999,nan,nan,nan,nan,nan,nan,nan,nan,nan,nan,nan,nan
scene07,L0__s20260820__0004.png::boost_e,none_in_fov,True,,0,nan,nan,nan,0.982205,0.029772,0.952433,nan,nan,nan,nan,nan,nan,nan,nan,nan,nan,nan,nan
scene07,L0__s20260820__0005.png::boost_e,none_in_fov,False,ground_z,0,nan,nan,nan,0.568294,0.040915,0.5273789999999999,nan,nan,nan,nan,nan,nan,nan,nan,nan,nan,nan,nan
scene07,L0__s20260820__0006.png::boost_e,none_in_fov,False,ground_z,0,nan,nan,nan,0.619578,0.012872,0.606706,nan,nan,nan,nan,nan,nan,nan,nan,nan,nan,nan,nan
scene07,L0__s20260820__0007.png::boost_e,none_in_fov,True,,0,nan,nan,nan,0.939413,0.016713,0.9227000000000001,nan,nan,nan,nan,nan,nan,nan,nan,nan,nan,nan,nan
scene07,L0__s20260821__0000.png::boost_e2,none_in_fov,False,ground_z,0,nan,nan,nan,0.888406,0.023434,0.8649720000000001,nan,nan,nan,nan,nan,nan,nan,nan,nan,nan,nan,nan
scene07,L0__s20260821__0001.png::boost_e2,none_in_fov,False,ground_z,0,nan,nan,nan,0.66581,0.021329,0.644481,nan,nan,nan,nan,nan,nan,nan,nan,nan,nan,nan,nan
scene07,L0__s20260821__0002.png::boost_e2,none_in_fov,True,,0,nan,nan,nan,0.988452,0.018888,0.969564,nan,nan,nan,nan,nan,nan,nan,nan,nan,nan,nan,nan
scene07,L0__s20260821__0003.png::boost_e2,none_in_fov,False,ground_z,0,nan,nan,nan,0.991809,0.117404,0.8744050000000001,nan,nan,nan,nan,nan,nan,nan,nan,nan,nan,nan,nan
scene07,L0__s20260821__0004.png::boost_e2,none_in_fov,False,ground_z,0,nan,nan,nan,0.805879,0.010004,0.795875,nan,nan,nan,nan,nan,nan,nan,nan,nan,nan,nan,nan
scene07,L0__s20260821__0005.png::boost_e2,none_in_fov,True,,0,nan,nan,nan,0.982786,0.026111,0.956675,nan,nan,nan,nan,nan,nan,nan,nan,nan,nan,nan,nan
scene07,L0__s20260821__0006.png::boost_e2,none_in_fov,False,ground_z,0,nan,nan,nan,0.782131,0.00713,0.775001,nan,nan,nan,nan,nan,nan,nan,nan,nan,nan,nan,nan
scene07,L0__s20260821__0007.png::boost_e2,none_in_fov,False,ground_z,0,nan,nan,nan,0.838232,0.037632,0.8006,nan,nan,nan,nan,nan,nan,nan,nan,nan,nan,nan,nan
scene07,L5__s20260819__0000.png,V,False,ground_z,8,0.164812,0.005718,0.15909399999999999,0.164812,0.005718,0.15909399999999999,nan,nan,nan,nan,nan,nan,0.073689,0.000288,0.07340100000000001,0.164812,0.005718,0.15909399999999999
scene07,L5__s20260819__0001.png,none_in_fov,True,,0,nan,nan,nan,0.979852,0.038906,0.940946,nan,nan,nan,nan,nan,nan,nan,nan,nan,nan,nan,nan
scene07,L5__s20260819__0002.png,V,False,ground_z,5,0.347257,0.001514,0.34574299999999997,0.347257,0.001514,0.34574299999999997,nan,nan,nan,nan,nan,nan,nan,nan,nan,0.347257,0.001514,0.34574299999999997
scene07,L5__s20260819__0003.png,V,True,,10,0.995335,0.000384,0.9949509999999999,0.995335,0.000384,0.9949509999999999,nan,nan,nan,0.893727,2e-06,0.8937250000000001,0.991548,1.6e-05,0.991532,0.995335,0.000384,0.9949509999999999
scene07,L5__s20260819__0004.png,V,False,ground_z,6,0.721617,0.041957,0.6796599999999999,0.840752,0.041957,0.798795,nan,nan,nan,nan,nan,nan,0.674784,0.01986,0.6549240000000001,0.721617,0.041957,0.6796599999999999
scene07,L5__s20260819__0005.png,V,False,ground_z,7,0.901907,0.073095,0.828812,0.901907,0.073095,0.828812,nan,nan,nan,nan,nan,nan,0.893376,0.010351,0.883025,0.901907,0.073095,0.828812
scene07,L5__s20260819__0006.png,V,True,,10,0.985672,0.387549,0.598123,0.985672,0.387549,0.598123,nan,nan,nan,0.65344,0.055284,0.598156,0.985672,0.204904,0.780768,0.967219,0.387549,0.5796700000000001
scene07,L5__s20260819__0007.png,V,False,ground_z,7,0.775476,0.23303,0.5424460000000001,0.775476,0.23303,0.5424460000000001,nan,nan,nan,nan,nan,nan,0.775476,0.045356,0.7301200000000001,0.498052,0.23303,0.265022
scene07,L5__s20260820__0000.png::boost_e,none_in_fov,True,,0,nan,nan,nan,0.996275,0.096053,0.9002220000000001,nan,nan,nan,nan,nan,nan,nan,nan,nan,nan,nan,nan
scene07,L5__s20260820__0001.png::boost_e,none_in_fov,True,,0,nan,nan,nan,0.945059,0.465555,0.479504,nan,nan,nan,nan,nan,nan,nan,nan,nan,nan,nan,nan
scene07,L5__s20260820__0002.png::boost_e,none_in_fov,False,ground_z,0,nan,nan,nan,0.431769,0.002488,0.429281,nan,nan,nan,nan,nan,nan,nan,nan,nan,nan,nan,nan
scene07,L5__s20260820__0003.png::boost_e,none_in_fov,True,,0,nan,nan,nan,0.998092,0.186159,0.811933,nan,nan,nan,nan,nan,nan,nan,nan,nan,nan,nan,nan
scene07,L5__s20260820__0004.png::boost_e,none_in_fov,True,,0,nan,nan,nan,0.910394,0.002186,0.908208,nan,nan,nan,nan,nan,nan,nan,nan,nan,nan,nan,nan
scene07,L5__s20260820__0005.png::boost_e,none_in_fov,False,ground_z,0,nan,nan,nan,0.874618,0.243968,0.63065,nan,nan,nan,nan,nan,nan,nan,nan,nan,nan,nan,nan
scene07,L5__s20260820__0006.png::boost_e,none_in_fov,False,ground_z,0,nan,nan,nan,0.083775,0.000223,0.083552,nan,nan,nan,nan,nan,nan,nan,nan,nan,nan,nan,nan
scene07,L5__s20260820__0007.png::boost_e,none_in_fov,True,,0,nan,nan,nan,0.934227,0.193143,0.7410840000000001,nan,nan,nan,nan,nan,nan,nan,nan,nan,nan,nan,nan
scene07,L5__s20260821__0000.png::boost_e2,none_in_fov,False,ground_z,0,nan,nan,nan,0.793839,0.083767,0.7100719999999999,nan,nan,nan,nan,nan,nan,nan,nan,nan,nan,nan,nan
scene07,L5__s20260821__0001.png::boost_e2,none_in_fov,False,ground_z,0,nan,nan,nan,0.289014,0.000655,0.288359,nan,nan,nan,nan,nan,nan,nan,nan,nan,nan,nan,nan
scene07,L5__s20260821__0002.png::boost_e2,none_in_fov,True,,0,nan,nan,nan,0.924472,0.035577,0.888895,nan,nan,nan,nan,nan,nan,nan,nan,nan,nan,nan,nan
scene07,L5__s20260821__0003.png::boost_e2,none_in_fov,False,ground_z,0,nan,nan,nan,0.615778,0.001406,0.614372,nan,nan,nan,nan,nan,nan,nan,nan,nan,nan,nan,nan
scene07,L5__s20260821__0004.png::boost_e2,none_in_fov,False,ground_z,0,nan,nan,nan,0.386172,0.000344,0.385828,nan,nan,nan,nan,nan,nan,nan,nan,nan,nan,nan,nan
scene07,L5__s20260821__0005.png::boost_e2,none_in_fov,True,,0,nan,nan,nan,0.97866,0.138893,0.8397669999999999,nan,nan,nan,nan,nan,nan,nan,nan,nan,nan,nan,nan
scene07,L5__s20260821__0006.png::boost_e2,none_in_fov,False,ground_z,0,nan,nan,nan,0.362414,0.000415,0.361999,nan,nan,nan,nan,nan,nan,nan,nan,nan,nan,nan,nan
scene07,L5__s20260821__0007.png::boost_e2,none_in_fov,False,ground_z,0,nan,nan,nan,0.247603,0.000419,0.247184,nan,nan,nan,nan,nan,nan,nan,nan,nan,nan,nan,nan
scene07,L7__s20260819__0000.png,V,False,ground_z,8,0.261277,0.062524,0.19875299999999999,0.358666,0.062524,0.296142,nan,nan,nan,nan,nan,nan,0.261277,0.024105,0.237172,0.049451,0.062524,-0.013072999999999994
scene07,L7__s20260819__0001.png,none_in_fov,True,,0,nan,nan,nan,0.970626,0.000675,0.969951,nan,nan,nan,nan,nan,nan,nan,nan,nan,nan,nan,nan
scene07,L7__s20260819__0002.png,V,False,ground_z,5,0.408784,0.022101,0.386683,0.408784,0.056972,0.35181199999999996,nan,nan,nan,nan,nan,nan,nan,nan,nan,0.408784,0.022101,0.386683
scene07,L7__s20260819__0003.png,V,True,,10,0.964327,0.001443,0.9628840000000001,0.964327,0.003134,0.9611930000000001,nan,nan,nan,0.726933,0.000338,0.7265950000000001,0.952781,0.001266,0.951515,0.964327,0.001443,0.9628840000000001
scene07,L7__s20260819__0004.png,V,False,ground_z,6,0.317735,0.001801,0.315934,0.318513,0.008012,0.31050099999999997,nan,nan,nan,nan,nan,nan,0.078981,0.001801,0.07718,0.317735,0.001294,0.316441
scene07,L7__s20260819__0005.png,V,False,ground_z,7,0.01398,0.001046,0.012934,0.135436,0.001046,0.13439,nan,nan,nan,nan,nan,nan,0.01002,0.001046,0.008974,0.01398,0.000526,0.013453999999999999
scene07,L7__s20260819__0006.png,V,True,,10,0.741261,0.013132,0.7281289999999999,0.797667,0.013853,0.783814,nan,nan,nan,0.252533,0.003241,0.249292,0.652892,0.005223,0.647669,0.741261,0.013132,0.7281289999999999
scene07,L7__s20260819__0007.png,V,False,ground_z,7,0.146388,0.000694,0.145694,0.166325,0.001388,0.164937,nan,nan,nan,nan,nan,nan,0.146388,0.000474,0.145914,0.073046,0.000694,0.072352
scene07,L7__s20260820__0000.png::boost_e,none_in_fov,True,,0,nan,nan,nan,0.925514,0.00137,0.924144,nan,nan,nan,nan,nan,nan,nan,nan,nan,nan,nan,nan
scene07,L7__s20260820__0001.png::boost_e,none_in_fov,True,,0,nan,nan,nan,0.90485,0.032814,0.872036,nan,nan,nan,nan,nan,nan,nan,nan,nan,nan,nan,nan
scene07,L7__s20260820__0002.png::boost_e,none_in_fov,False,ground_z,0,nan,nan,nan,0.184462,0.123538,0.06092399999999999,nan,nan,nan,nan,nan,nan,nan,nan,nan,nan,nan,nan
scene07,L7__s20260820__0003.png::boost_e,none_in_fov,True,,0,nan,nan,nan,0.83894,0.010791,0.828149,nan,nan,nan,nan,nan,nan,nan,nan,nan,nan,nan,nan
scene07,L7__s20260820__0004.png::boost_e,none_in_fov,True,,0,nan,nan,nan,0.802434,0.03075,0.771684,nan,nan,nan,nan,nan,nan,nan,nan,nan,nan,nan,nan
scene07,L7__s20260820__0005.png::boost_e,none_in_fov,False,ground_z,0,nan,nan,nan,0.46348,0.201669,0.261811,nan,nan,nan,nan,nan,nan,nan,nan,nan,nan,nan,nan
scene07,L7__s20260820__0006.png::boost_e,none_in_fov,False,ground_z,0,nan,nan,nan,0.125971,0.000979,0.124992,nan,nan,nan,nan,nan,nan,nan,nan,nan,nan,nan,nan
scene07,L7__s20260820__0007.png::boost_e,none_in_fov,True,,0,nan,nan,nan,0.654554,0.111914,0.54264,nan,nan,nan,nan,nan,nan,nan,nan,nan,nan,nan,nan
scene07,L7__s20260821__0000.png::boost_e2,none_in_fov,False,ground_z,0,nan,nan,nan,0.219048,0.041434,0.177614,nan,nan,nan,nan,nan,nan,nan,nan,nan,nan,nan,nan
scene07,L7__s20260821__0001.png::boost_e2,none_in_fov,False,ground_z,0,nan,nan,nan,0.058765,0.000786,0.057978999999999996,nan,nan,nan,nan,nan,nan,nan,nan,nan,nan,nan,nan
scene07,L7__s20260821__0002.png::boost_e2,none_in_fov,True,,0,nan,nan,nan,0.815743,0.048796,0.766947,nan,nan,nan,nan,nan,nan,nan,nan,nan,nan,nan,nan
scene07,L7__s20260821__0003.png::boost_e2,none_in_fov,False,ground_z,0,nan,nan,nan,0.926463,0.002655,0.9238080000000001,nan,nan,nan,nan,nan,nan,nan,nan,nan,nan,nan,nan
scene07,L7__s20260821__0004.png::boost_e2,none_in_fov,False,ground_z,0,nan,nan,nan,0.449854,0.005432,0.444422,nan,nan,nan,nan,nan,nan,nan,nan,nan,nan,nan,nan
scene07,L7__s20260821__0005.png::boost_e2,none_in_fov,True,,0,nan,nan,nan,0.881878,0.07974,0.802138,nan,nan,nan,nan,nan,nan,nan,nan,nan,nan,nan,nan
scene07,L7__s20260821__0006.png::boost_e2,none_in_fov,False,ground_z,0,nan,nan,nan,0.138812,0.003126,0.135686,nan,nan,nan,nan,nan,nan,nan,nan,nan,nan,nan,nan
scene07,L7__s20260821__0007.png::boost_e2,none_in_fov,False,ground_z,0,nan,nan,nan,0.243276,0.008624,0.234652,nan,nan,nan,nan,nan,nan,nan,nan,nan,nan,nan,nan
scene14,L0__s20260819__0000.png,H,True,,10,0.806817,0.403082,0.403735,0.806817,0.403082,0.403735,nan,nan,nan,nan,nan,nan,0.048754,0.106222,-0.057468,0.806817,0.403082,0.403735
scene14,L0__s20260819__0001.png,H,True,,9,0.921277,0.28906,0.632217,0.921277,0.28906,0.632217,nan,nan,nan,nan,nan,nan,0.238515,0.141242,0.097273,0.921277,0.28906,0.632217
scene14,L0__s20260819__0002.png,V,True,,15,0.995196,0.674496,0.3207,0.995196,0.674496,0.3207,nan,nan,nan,0.84825,0.158478,0.6897719999999999,0.974133,0.352787,0.621346,0.995196,0.674496,0.3207
scene14,L0__s20260819__0003.png,H,True,,10,0.906747,0.917941,-0.011194000000000037,0.906747,0.917941,-0.011194000000000037,nan,nan,nan,nan,nan,nan,0.369546,0.917941,-0.548395,0.906747,0.574539,0.33220799999999995
scene14,L0__s20260819__0004.png,H,True,,4,0.561849,0.132946,0.42890300000000003,0.561849,0.243924,0.317925,nan,nan,nan,nan,nan,nan,nan,nan,nan,0.561849,0.132946,0.42890300000000003
scene14,L0__s20260819__0005.png,V,True,,10,0.99687,0.826139,0.17073100000000008,0.99687,0.826139,0.17073100000000008,nan,nan,nan,nan,nan,nan,0.989603,0.822448,0.16715500000000005,0.99687,0.826139,0.17073100000000008
scene14,L0__s20260819__0006.png,H,True,,10,0.946977,0.485218,0.461759,0.946977,0.485218,0.461759,nan,nan,nan,nan,nan,nan,0.30198,0.19597,0.10601000000000002,0.946977,0.485218,0.461759
scene14,L0__s20260819__0007.png,H,True,,10,0.867838,0.618876,0.24896200000000002,0.867838,0.618876,0.24896200000000002,nan,nan,nan,nan,nan,nan,0.173477,0.423335,-0.24985800000000002,0.867838,0.618876,0.24896200000000002
scene14,L0__s20260820__0000.png::boost_e,H,True,,5,0.058431,0.238023,-0.17959200000000003,0.058431,0.238023,-0.17959200000000003,nan,nan,nan,nan,nan,nan,nan,nan,nan,0.058431,0.238023,-0.17959200000000003
scene14,L0__s20260820__0000.png::boost_h,H,True,,5,0.613855,0.169099,0.44475600000000004,0.613855,0.169099,0.44475600000000004,nan,nan,nan,nan,nan,nan,nan,nan,nan,0.613855,0.169099,0.44475600000000004
scene14,L0__s20260820__0001.png::boost_e,H,True,,4,0.253168,0.092083,0.161085,0.253168,0.092083,0.161085,nan,nan,nan,nan,nan,nan,nan,nan,nan,0.253168,0.092083,0.161085
scene14,L0__s20260820__0001.png::boost_h,H,True,,4,0.410575,0.141914,0.26866100000000004,0.410575,0.141914,0.26866100000000004,nan,nan,nan,nan,nan,nan,nan,nan,nan,0.410575,0.141914,0.26866100000000004
scene14,L0__s20260820__0002.png::boost_e,none_in_fov,True,,0,nan,nan,nan,0.189528,0.154309,0.035219,nan,nan,nan,nan,nan,nan,nan,nan,nan,nan,nan,nan
scene14,L0__s20260820__0002.png::boost_h,none_in_fov,True,,0,nan,nan,nan,0.72149,0.130788,0.590702,nan,nan,nan,nan,nan,nan,nan,nan,nan,nan,nan,nan
scene14,L0__s20260820__0003.png::boost_e,H,True,,4,0.770474,0.106666,0.663808,0.770474,0.115479,0.654995,nan,nan,nan,nan,nan,nan,nan,nan,nan,0.770474,0.106666,0.663808
scene14,L0__s20260820__0003.png::boost_h,H,True,,4,0.493973,0.072157,0.42181599999999997,0.493973,0.072157,0.42181599999999997,nan,nan,nan,nan,nan,nan,nan,nan,nan,0.493973,0.072157,0.42181599999999997
scene14,L0__s20260820__0004.png::boost_e,H,True,,10,0.760955,0.060508,0.700447,0.760955,0.060508,0.700447,nan,nan,nan,nan,nan,nan,0.075978,0.007708,0.06827,0.760955,0.060508,0.700447
scene14,L0__s20260820__0004.png::boost_h,H,True,,10,0.059081,0.086098,-0.027016999999999992,0.059081,0.086098,-0.027016999999999992,nan,nan,nan,nan,nan,nan,0.001371,0.005644,-0.004273,0.059081,0.086098,-0.027016999999999992
scene14,L0__s20260820__0005.png::boost_e,H,True,,5,0.613614,0.077436,0.536178,0.613614,0.077436,0.536178,nan,nan,nan,nan,nan,nan,nan,nan,nan,0.613614,0.077436,0.536178
scene14,L0__s20260820__0005.png::boost_h,H,True,,5,0.256498,0.035167,0.221331,0.256498,0.035167,0.221331,nan,nan,nan,nan,nan,nan,nan,nan,nan,0.256498,0.035167,0.221331
scene14,L0__s20260820__0006.png::boost_e,H,True,,5,0.060159,0.012766,0.047393,0.060159,0.012766,0.047393,nan,nan,nan,nan,nan,nan,nan,nan,nan,0.060159,0.012766,0.047393
scene14,L0__s20260820__0006.png::boost_h,H,True,,5,0.014725,0.00487,0.009855,0.025711,0.00487,0.020841000000000002,nan,nan,nan,nan,nan,nan,nan,nan,nan,0.014725,0.00487,0.009855
scene14,L0__s20260820__0007.png::boost_e,H,True,,5,0.237204,0.091949,0.145255,0.237204,0.091949,0.145255,nan,nan,nan,nan,nan,nan,nan,nan,nan,0.237204,0.091949,0.145255
scene14,L0__s20260820__0007.png::boost_h,H,True,,5,0.458274,0.223505,0.234769,0.772107,0.223505,0.548602,nan,nan,nan,nan,nan,nan,nan,nan,nan,0.458274,0.223505,0.234769
scene14,L5__s20260819__0000.png,H,True,,10,0.772104,0.208516,0.563588,0.772104,0.208516,0.563588,nan,nan,nan,nan,nan,nan,0.103937,0.208516,-0.104579,0.772104,0.18128,0.590824
scene14,L5__s20260819__0001.png,H,True,,9,0.841409,0.272492,0.5689169999999999,0.841409,0.272492,0.5689169999999999,nan,nan,nan,nan,nan,nan,0.081399,0.082936,-0.0015369999999999967,0.841409,0.272492,0.5689169999999999
scene14,L5__s20260819__0002.png,V,True,,15,0.991674,0.37205,0.6196240000000001,0.991674,0.37205,0.6196240000000001,nan,nan,nan,0.886807,0.101964,0.784843,0.958642,0.210575,0.748067,0.991674,0.37205,0.6196240000000001
scene14,L5__s20260819__0003.png,H,True,,10,0.882199,0.958528,-0.07632900000000009,0.882199,0.958528,-0.07632900000000009,nan,nan,nan,nan,nan,nan,0.263724,0.958528,-0.694804,0.882199,0.59939,0.282809
scene14,L5__s20260819__0004.png,H,True,,4,0.667755,0.104285,0.56347,0.922088,0.449593,0.472495,nan,nan,nan,nan,nan,nan,nan,nan,nan,0.667755,0.104285,0.56347
scene14,L5__s20260819__0005.png,V,True,,10,0.994413,0.911786,0.082627,0.994413,0.911786,0.082627,nan,nan,nan,nan,nan,nan,0.983163,0.911786,0.07137700000000002,0.994413,0.805001,0.18941200000000002
scene14,L5__s20260819__0006.png,H,True,,10,0.98075,0.638573,0.34217700000000006,0.98075,0.638573,0.34217700000000006,nan,nan,nan,nan,nan,nan,0.871473,0.638573,0.2329000000000001,0.98075,0.449117,0.531633
scene14,L5__s20260819__0007.png,H,True,,10,0.958281,0.61033,0.347951,0.958281,0.61033,0.347951,nan,nan,nan,nan,nan,nan,0.610641,0.576592,0.034048999999999996,0.958281,0.61033,0.347951
scene14,L5__s20260820__0000.png::boost_e,H,True,,5,0.089348,0.16161,-0.072262,0.089348,0.16161,-0.072262,nan,nan,nan,nan,nan,nan,nan,nan,nan,0.089348,0.16161,-0.072262
scene14,L5__s20260820__0000.png::boost_h,H,True,,5,0.618616,0.313451,0.3051650000000001,0.618616,0.313451,0.3051650000000001,nan,nan,nan,nan,nan,nan,nan,nan,nan,0.618616,0.313451,0.3051650000000001
scene14,L5__s20260820__0001.png::boost_e,H,True,,4,0.35984,0.105073,0.25476699999999997,0.35984,0.105073,0.25476699999999997,nan,nan,nan,nan,nan,nan,nan,nan,nan,0.35984,0.105073,0.25476699999999997
scene14,L5__s20260820__0001.png::boost_h,H,True,,4,0.251455,0.064274,0.187181,0.326916,0.064274,0.262642,nan,nan,nan,nan,nan,nan,nan,nan,nan,0.251455,0.064274,0.187181
scene14,L5__s20260820__0002.png::boost_e,none_in_fov,True,,0,nan,nan,nan,0.199152,0.071575,0.127577,nan,nan,nan,nan,nan,nan,nan,nan,nan,nan,nan,nan
scene14,L5__s20260820__0002.png::boost_h,none_in_fov,True,,0,nan,nan,nan,0.647845,0.237318,0.410527,nan,nan,nan,nan,nan,nan,nan,nan,nan,nan,nan,nan
scene14,L5__s20260820__0003.png::boost_e,H,True,,4,0.746547,0.158491,0.5880559999999999,0.746547,0.158491,0.5880559999999999,nan,nan,nan,nan,nan,nan,nan,nan,nan,0.746547,0.158491,0.5880559999999999
scene14,L5__s20260820__0003.png::boost_h,H,True,,4,0.101934,0.109601,-0.007667000000000007,0.101934,0.109601,-0.007667000000000007,nan,nan,nan,nan,nan,nan,nan,nan,nan,0.101934,0.109601,-0.007667000000000007
scene14,L5__s20260820__0004.png::boost_e,H,True,,10,0.913646,0.273026,0.64062,0.913646,0.273026,0.64062,nan,nan,nan,nan,nan,nan,0.449524,0.189108,0.260416,0.913646,0.273026,0.64062
scene14,L5__s20260820__0004.png::boost_h,H,True,,10,0.071112,0.082286,-0.011174000000000003,0.071112,0.082286,-0.011174000000000003,nan,nan,nan,nan,nan,nan,0.071112,0.082286,-0.011174000000000003,0.055715,0.056217,-0.0005020000000000024
scene14,L5__s20260820__0005.png::boost_e,H,True,,5,0.465194,0.158767,0.306427,0.535846,0.845976,-0.3101299999999999,nan,nan,nan,nan,nan,nan,nan,nan,nan,0.465194,0.158767,0.306427
scene14,L5__s20260820__0005.png::boost_h,H,True,,5,0.340236,0.036456,0.30378,0.340236,0.037837,0.302399,nan,nan,nan,nan,nan,nan,nan,nan,nan,0.340236,0.036456,0.30378
scene14,L5__s20260820__0006.png::boost_e,H,True,,5,0.425742,0.057104,0.368638,0.425742,0.207619,0.218123,nan,nan,nan,nan,nan,nan,nan,nan,nan,0.425742,0.057104,0.368638
scene14,L5__s20260820__0006.png::boost_h,H,True,,5,0.002945,0.001362,0.0015830000000000002,0.006966,0.001362,0.005604,nan,nan,nan,nan,nan,nan,nan,nan,nan,0.002945,0.001362,0.0015830000000000002
scene14,L5__s20260820__0007.png::boost_e,H,True,,5,0.104667,0.092284,0.012382999999999991,0.104667,0.092284,0.012382999999999991,nan,nan,nan,nan,nan,nan,nan,nan,nan,0.104667,0.092284,0.012382999999999991
scene14,L5__s20260820__0007.png::boost_h,H,True,,5,0.424299,0.153275,0.271024,0.747006,0.153275,0.593731,nan,nan,nan,nan,nan,nan,nan,nan,nan,0.424299,0.153275,0.271024
scene14,L7__s20260819__0000.png,H,True,,10,0.718305,0.34718,0.371125,0.718305,0.34718,0.371125,nan,nan,nan,nan,nan,nan,0.017803,0.083617,-0.065814,0.718305,0.34718,0.371125
scene14,L7__s20260819__0001.png,H,True,,9,0.883215,0.321177,0.562038,0.883215,0.321177,0.562038,nan,nan,nan,nan,nan,nan,0.095473,0.129354,-0.033880999999999994,0.883215,0.321177,0.562038
scene14,L7__s20260819__0002.png,V,True,,15,0.99307,0.55638,0.43669,0.99307,0.55638,0.43669,nan,nan,nan,0.912707,0.179668,0.733039,0.947136,0.421199,0.525937,0.99307,0.55638,0.43669
scene14,L7__s20260819__0003.png,H,True,,10,0.833472,0.885727,-0.05225500000000005,0.833472,0.885727,-0.05225500000000005,nan,nan,nan,nan,nan,nan,0.161309,0.885727,-0.724418,0.833472,0.387702,0.44577
scene14,L7__s20260819__0004.png,H,True,,4,0.545611,0.033714,0.5118969999999999,0.545611,0.066882,0.47872899999999996,nan,nan,nan,nan,nan,nan,nan,nan,nan,0.545611,0.033714,0.5118969999999999
scene14,L7__s20260819__0005.png,V,True,,10,0.996158,0.78011,0.21604800000000002,0.996158,0.78011,0.21604800000000002,nan,nan,nan,nan,nan,nan,0.990622,0.78011,0.21051200000000003,0.996158,0.703464,0.292694
scene14,L7__s20260819__0006.png,H,True,,10,0.90654,0.320751,0.585789,0.90654,0.320751,0.585789,nan,nan,nan,nan,nan,nan,0.134334,0.133617,0.0007169999999999954,0.90654,0.320751,0.585789
scene14,L7__s20260819__0007.png,H,True,,10,0.735204,0.534036,0.201168,0.735204,0.534036,0.201168,nan,nan,nan,nan,nan,nan,0.204258,0.343804,-0.139546,0.735204,0.534036,0.201168
scene14,L7__s20260820__0000.png::boost_e,H,True,,5,0.029905,0.081416,-0.051511,0.029905,0.081416,-0.051511,nan,nan,nan,nan,nan,nan,nan,nan,nan,0.029905,0.081416,-0.051511
scene14,L7__s20260820__0000.png::boost_h,H,True,,5,0.450946,0.049616,0.40133,0.450946,0.049616,0.40133,nan,nan,nan,nan,nan,nan,nan,nan,nan,0.450946,0.049616,0.40133
scene14,L7__s20260820__0001.png::boost_e,H,True,,4,0.15007,0.135724,0.014345999999999998,0.15007,0.135724,0.014345999999999998,nan,nan,nan,nan,nan,nan,nan,nan,nan,0.15007,0.135724,0.014345999999999998
scene14,L7__s20260820__0001.png::boost_h,H,True,,4,0.308382,0.058352,0.25003,0.308382,0.058352,0.25003,nan,nan,nan,nan,nan,nan,nan,nan,nan,0.308382,0.058352,0.25003
scene14,L7__s20260820__0002.png::boost_e,none_in_fov,True,,0,nan,nan,nan,0.130745,0.032533,0.098212,nan,nan,nan,nan,nan,nan,nan,nan,nan,nan,nan,nan
scene14,L7__s20260820__0002.png::boost_h,none_in_fov,True,,0,nan,nan,nan,0.714725,0.110798,0.6039270000000001,nan,nan,nan,nan,nan,nan,nan,nan,nan,nan,nan,nan
scene14,L7__s20260820__0003.png::boost_e,H,True,,4,0.827347,0.113544,0.7138030000000001,0.827347,0.126983,0.700364,nan,nan,nan,nan,nan,nan,nan,nan,nan,0.827347,0.113544,0.7138030000000001
scene14,L7__s20260820__0003.png::boost_h,H,True,,4,0.301256,0.111119,0.19013700000000003,0.301256,0.111119,0.19013700000000003,nan,nan,nan,nan,nan,nan,nan,nan,nan,0.301256,0.111119,0.19013700000000003
scene14,L7__s20260820__0004.png::boost_e,H,True,,10,0.725355,0.044946,0.6804089999999999,0.725355,0.044946,0.6804089999999999,nan,nan,nan,nan,nan,nan,0.060688,0.00905,0.051637999999999996,0.725355,0.044946,0.6804089999999999
scene14,L7__s20260820__0004.png::boost_h,H,True,,10,0.071137,0.041898,0.029239000000000008,0.071137,0.041898,0.029239000000000008,nan,nan,nan,nan,nan,nan,0.002586,0.001842,0.0007440000000000001,0.071137,0.041898,0.029239000000000008
scene14,L7__s20260820__0005.png::boost_e,H,True,,5,0.374802,0.037587,0.33721500000000004,0.374802,0.037587,0.33721500000000004,nan,nan,nan,nan,nan,nan,nan,nan,nan,0.374802,0.037587,0.33721500000000004
scene14,L7__s20260820__0005.png::boost_h,H,True,,5,0.207848,0.043118,0.16473000000000002,0.207848,0.043118,0.16473000000000002,nan,nan,nan,nan,nan,nan,nan,nan,nan,0.207848,0.043118,0.16473000000000002
scene14,L7__s20260820__0006.png::boost_e,H,True,,5,0.019807,0.001604,0.018203,0.019807,0.001604,0.018203,nan,nan,nan,nan,nan,nan,nan,nan,nan,0.019807,0.001604,0.018203
scene14,L7__s20260820__0006.png::boost_h,H,True,,5,0.007976,0.005707,0.002269,0.01049,0.005707,0.004782999999999999,nan,nan,nan,nan,nan,nan,nan,nan,nan,0.007976,0.005707,0.002269
scene14,L7__s20260820__0007.png::boost_e,H,True,,5,0.243,0.030294,0.212706,0.243,0.030294,0.212706,nan,nan,nan,nan,nan,nan,nan,nan,nan,0.243,0.030294,0.212706
scene14,L7__s20260820__0007.png::boost_h,H,True,,5,0.591297,0.310211,0.28108599999999995,0.835426,0.310211,0.525215,nan,nan,nan,nan,nan,nan,nan,nan,nan,0.591297,0.310211,0.28108599999999995
scene15,L0__s20260819__0000.png,H,True,,1,0.667933,0.626736,0.04119700000000004,0.667933,0.626736,0.04119700000000004,nan,nan,nan,nan,nan,nan,nan,nan,nan,0.667933,0.626736,0.04119700000000004
scene15,L0__s20260819__0001.png,V,True,,6,0.880515,0.513938,0.36657700000000004,0.880515,0.513938,0.36657700000000004,nan,nan,nan,0.171082,0.089532,0.08155000000000001,0.549875,0.161475,0.38839999999999997,0.880515,0.513938,0.36657700000000004
scene15,L0__s20260819__0002.png,V,True,,4,0.7854,0.728821,0.056578999999999935,0.7854,0.728821,0.056578999999999935,nan,nan,nan,nan,nan,nan,0.159202,0.158036,0.0011660000000000004,0.7854,0.728821,0.056578999999999935
scene15,L0__s20260819__0003.png,V,True,,9,0.971865,0.889658,0.08220700000000003,0.971865,0.912806,0.05905899999999997,0.005724,0.002428,0.003296,0.330781,0.070913,0.259868,0.727568,0.295532,0.432036,0.971865,0.889658,0.08220700000000003
scene15,L0__s20260819__0004.png,V,True,,4,0.528095,0.45334,0.07475499999999996,0.528095,0.45334,0.07475499999999996,nan,nan,nan,nan,nan,nan,0.102774,0.09093,0.011844000000000007,0.528095,0.45334,0.07475499999999996
scene15,L0__s20260819__0005.png,V,True,,6,0.876574,0.880325,-0.00375100000000006,0.876574,0.880325,-0.00375100000000006,nan,nan,nan,0.254422,0.242779,0.011642999999999987,0.811872,0.723046,0.08882600000000007,0.876574,0.880325,-0.00375100000000006
scene15,L0__s20260819__0006.png,V,True,,6,0.958631,0.880352,0.07827899999999999,0.963162,0.880352,0.08280999999999994,nan,nan,nan,0.274349,0.25852,0.015828999999999982,0.902795,0.752254,0.15054100000000004,0.958631,0.880352,0.07827899999999999
scene15,L0__s20260819__0007.png,V,True,,2,0.21667,0.229213,-0.012542999999999999,0.305863,0.339075,-0.03321200000000002,nan,nan,nan,nan,nan,nan,0.032229,0.036048,-0.003818999999999996,0.21667,0.229213,-0.012542999999999999
scene15,L0__s20260820__0000.png::boost_e,H,True,,2,0.607134,0.5817,0.025433999999999957,0.607134,0.5817,0.025433999999999957,nan,nan,nan,nan,nan,nan,nan,nan,nan,0.607134,0.5817,0.025433999999999957
scene15,L0__s20260820__0000.png::boost_h,H,True,,2,0.640006,0.620794,0.019212000000000007,0.640006,0.620794,0.019212000000000007,nan,nan,nan,nan,nan,nan,nan,nan,nan,0.640006,0.620794,0.019212000000000007
scene15,L0__s20260820__0001.png::boost_e,H_weak,True,,1,0.587668,0.516575,0.07109299999999996,0.639437,0.551299,0.08813800000000005,nan,nan,nan,nan,nan,nan,nan,nan,nan,0.587668,0.516575,0.07109299999999996
scene15,L0__s20260820__0001.png::boost_h,H,True,,1,0.50447,0.453026,0.05144399999999999,0.510158,0.453026,0.057132000000000016,nan,nan,nan,nan,nan,nan,nan,nan,nan,0.50447,0.453026,0.05144399999999999
scene15,L0__s20260820__0002.png::boost_e,V,True,,4,0.626342,0.515214,0.111128,0.626342,0.515214,0.111128,nan,nan,nan,nan,nan,nan,0.097567,0.058511,0.039056,0.626342,0.515214,0.111128
scene15,L0__s20260820__0002.png::boost_h,V,True,,4,0.586459,0.484276,0.10218299999999997,0.586459,0.484276,0.10218299999999997,nan,nan,nan,nan,nan,nan,0.250886,0.123611,0.127275,0.586459,0.484276,0.10218299999999997
scene15,L0__s20260820__0003.png::boost_e,H,True,,4,0.823965,0.802724,0.021240999999999954,0.823965,0.802724,0.021240999999999954,nan,nan,nan,nan,nan,nan,0.428321,0.374372,0.053949000000000025,0.823965,0.802724,0.021240999999999954
scene15,L0__s20260820__0003.png::boost_h,H,True,,4,0.808286,0.781598,0.026687999999999934,0.808286,0.781598,0.026687999999999934,nan,nan,nan,nan,nan,nan,0.360412,0.305455,0.054957000000000034,0.808286,0.781598,0.026687999999999934
scene15,L0__s20260820__0004.png::boost_e,H,True,,2,0.392169,0.345755,0.04641400000000001,0.392169,0.345755,0.04641400000000001,nan,nan,nan,nan,nan,nan,nan,nan,nan,0.392169,0.345755,0.04641400000000001
scene15,L0__s20260820__0004.png::boost_h,H,True,,2,0.305919,0.286316,0.01960299999999998,0.305919,0.286316,0.01960299999999998,nan,nan,nan,nan,nan,nan,nan,nan,nan,0.305919,0.286316,0.01960299999999998
scene15,L0__s20260820__0005.png::boost_e,H,True,,1,0.398225,0.44543,-0.047205,0.398225,0.44543,-0.047205,nan,nan,nan,nan,nan,nan,nan,nan,nan,0.398225,0.44543,-0.047205
scene15,L0__s20260820__0005.png::boost_h,H,True,,1,0.311235,0.276096,0.035138999999999976,0.311235,0.276096,0.035138999999999976,nan,nan,nan,nan,nan,nan,nan,nan,nan,0.311235,0.276096,0.035138999999999976
scene15,L0__s20260820__0006.png::boost_e,H,True,,4,0.872248,0.873118,-0.0008699999999999264,0.872248,0.873118,-0.0008699999999999264,nan,nan,nan,nan,nan,nan,0.732936,0.716998,0.015938000000000008,0.872248,0.873118,-0.0008699999999999264
scene15,L0__s20260820__0006.png::boost_h,H,True,,4,0.930779,0.895409,0.03537000000000001,0.930779,0.895409,0.03537000000000001,nan,nan,nan,nan,nan,nan,0.798044,0.725044,0.07299999999999995,0.930779,0.895409,0.03537000000000001
scene15,L0__s20260820__0007.png::boost_e,V,True,,1,0.753957,0.728707,0.025249999999999995,0.775493,0.744485,0.031008000000000036,nan,nan,nan,nan,nan,nan,nan,nan,nan,0.753957,0.728707,0.025249999999999995
scene15,L0__s20260820__0007.png::boost_h,H_weak,True,,1,0.6944,0.660976,0.03342400000000001,0.6944,0.660976,0.03342400000000001,nan,nan,nan,nan,nan,nan,nan,nan,nan,0.6944,0.660976,0.03342400000000001
scene15,L4__s20260819__0000.png,H,True,,1,0.499288,0.504799,-0.005510999999999988,0.592459,0.600344,-0.007885000000000031,nan,nan,nan,nan,nan,nan,nan,nan,nan,0.499288,0.504799,-0.005510999999999988
scene15,L4__s20260819__0001.png,V,True,,6,0.954303,0.896532,0.05777100000000002,0.954303,0.896532,0.05777100000000002,nan,nan,nan,0.165755,0.055223,0.11053200000000002,0.778381,0.356088,0.422293,0.954303,0.896532,0.05777100000000002
scene15,L4__s20260819__0002.png,V,True,,4,0.835421,0.840487,-0.005066000000000015,0.835421,0.840487,-0.005066000000000015,nan,nan,nan,nan,nan,nan,0.304339,0.348547,-0.04420799999999997,0.835421,0.840487,-0.005066000000000015
scene15,L4__s20260819__0003.png,V,True,,9,0.983148,0.952546,0.030602000000000018,0.983148,0.975307,0.007840999999999987,0.004752,0.001984,0.002768,0.342666,0.215162,0.12750400000000003,0.892347,0.85404,0.03830699999999998,0.983148,0.952546,0.030602000000000018
scene15,L4__s20260819__0004.png,V,True,,4,0.639857,0.633221,0.006635999999999975,0.639857,0.633221,0.006635999999999975,nan,nan,nan,nan,nan,nan,0.226161,0.248591,-0.022430000000000005,0.639857,0.633221,0.006635999999999975
scene15,L4__s20260819__0005.png,V,True,,6,0.958468,0.95338,0.005087999999999981,0.958468,0.95338,0.005087999999999981,nan,nan,nan,0.116613,0.177137,-0.060523999999999994,0.901599,0.879465,0.022133999999999987,0.958468,0.95338,0.005087999999999981
scene15,L4__s20260819__0006.png,V,True,,6,0.984885,0.892078,0.09280699999999997,0.984885,0.892078,0.09280699999999997,nan,nan,nan,0.214547,0.213901,0.0006459999999999799,0.943882,0.715164,0.22871799999999998,0.984885,0.892078,0.09280699999999997
scene15,L4__s20260819__0007.png,V,True,,2,0.568982,0.652465,-0.08348299999999997,0.588293,0.657791,-0.06949800000000006,nan,nan,nan,nan,nan,nan,0.05831,0.111512,-0.053202,0.568982,0.652465,-0.08348299999999997
scene15,L4__s20260820__0000.png::boost_e,H,True,,2,0.738954,0.744123,-0.005168999999999979,0.738954,0.744123,-0.005168999999999979,nan,nan,nan,nan,nan,nan,nan,nan,nan,0.738954,0.744123,-0.005168999999999979
scene15,L4__s20260820__0000.png::boost_h,H,True,,2,0.759889,0.760309,-0.00041999999999997595,0.759889,0.760309,-0.00041999999999997595,nan,nan,nan,nan,nan,nan,nan,nan,nan,0.759889,0.760309,-0.00041999999999997595
scene15,L4__s20260820__0001.png::boost_e,H_weak,True,,1,0.723048,0.711248,0.011800000000000033,0.723048,0.716073,0.0069750000000000645,nan,nan,nan,nan,nan,nan,nan,nan,nan,0.723048,0.711248,0.011800000000000033
scene15,L4__s20260820__0001.png::boost_h,H,True,,1,0.635684,0.652075,-0.016390999999999933,0.635684,0.652075,-0.016390999999999933,nan,nan,nan,nan,nan,nan,nan,nan,nan,0.635684,0.652075,-0.016390999999999933
scene15,L4__s20260820__0002.png::boost_e,V,True,,4,0.717078,0.680671,0.03640699999999997,0.717078,0.680671,0.03640699999999997,nan,nan,nan,nan,nan,nan,0.040525,0.041956,-0.0014310000000000017,0.717078,0.680671,0.03640699999999997
scene15,L4__s20260820__0002.png::boost_h,V,True,,4,0.811792,0.787172,0.024619999999999975,0.811792,0.787172,0.024619999999999975,nan,nan,nan,nan,nan,nan,0.121276,0.103852,0.017423999999999995,0.811792,0.787172,0.024619999999999975
scene15,L4__s20260820__0003.png::boost_e,H,True,,4,0.729068,0.741107,-0.012038999999999911,0.729068,0.741107,-0.012038999999999911,nan,nan,nan,nan,nan,nan,0.072211,0.071418,0.000793000000000002,0.729068,0.741107,-0.012038999999999911
scene15,L4__s20260820__0003.png::boost_h,H,True,,4,0.719165,0.746644,-0.02747899999999992,0.719165,0.746644,-0.02747899999999992,nan,nan,nan,nan,nan,nan,0.096916,0.097672,-0.0007559999999999928,0.719165,0.746644,-0.02747899999999992
scene15,L4__s20260820__0004.png::boost_e,H,True,,2,0.523655,0.580251,-0.05659599999999998,0.523655,0.580251,-0.05659599999999998,nan,nan,nan,nan,nan,nan,nan,nan,nan,0.523655,0.580251,-0.05659599999999998
scene15,L4__s20260820__0004.png::boost_h,H,True,,2,0.449546,0.542632,-0.093086,0.449546,0.542632,-0.093086,nan,nan,nan,nan,nan,nan,nan,nan,nan,0.449546,0.542632,-0.093086
scene15,L4__s20260820__0005.png::boost_e,H,True,,1,0.8041,0.797722,0.006377999999999995,0.8041,0.797722,0.006377999999999995,nan,nan,nan,nan,nan,nan,nan,nan,nan,0.8041,0.797722,0.006377999999999995
scene15,L4__s20260820__0005.png::boost_h,H,True,,1,0.713604,0.755859,-0.04225499999999993,0.713604,0.755859,-0.04225499999999993,nan,nan,nan,nan,nan,nan,nan,nan,nan,0.713604,0.755859,-0.04225499999999993
scene15,L4__s20260820__0006.png::boost_e,H,True,,4,0.711691,0.772805,-0.061114,0.711691,0.772805,-0.061114,nan,nan,nan,nan,nan,nan,0.213068,0.258391,-0.045322999999999974,0.711691,0.772805,-0.061114
scene15,L4__s20260820__0006.png::boost_h,H,True,,4,0.777559,0.814412,-0.036853000000000025,0.777559,0.814412,-0.036853000000000025,nan,nan,nan,nan,nan,nan,0.286181,0.283108,0.0030729999999999924,0.777559,0.814412,-0.036853000000000025
scene15,L4__s20260820__0007.png::boost_e,V,True,,1,0.779723,0.795149,-0.01542599999999994,0.786613,0.799848,-0.013234999999999997,nan,nan,nan,nan,nan,nan,nan,nan,nan,0.779723,0.795149,-0.01542599999999994
scene15,L4__s20260820__0007.png::boost_h,H_weak,True,,1,0.662279,0.661691,0.0005879999999999219,0.662279,0.661691,0.0005879999999999219,nan,nan,nan,nan,nan,nan,nan,nan,nan,0.662279,0.661691,0.0005879999999999219
scene15,L7__s20260819__0000.png,H,True,,1,0.373841,0.390912,-0.017071000000000003,0.533638,0.539823,-0.006185000000000107,nan,nan,nan,nan,nan,nan,nan,nan,nan,0.373841,0.390912,-0.017071000000000003
scene15,L7__s20260819__0001.png,V,True,,6,0.959919,0.911356,0.04856299999999991,0.959919,0.911356,0.04856299999999991,nan,nan,nan,0.102378,0.567789,-0.465411,0.636327,0.214276,0.42205099999999995,0.959919,0.911356,0.04856299999999991
scene15,L7__s20260819__0002.png,V,True,,4,0.779292,0.745317,0.03397499999999998,0.779292,0.745317,0.03397499999999998,nan,nan,nan,nan,nan,nan,0.244733,0.236364,0.008369000000000015,0.779292,0.745317,0.03397499999999998
scene15,L7__s20260819__0003.png,V,True,,9,0.976028,0.925977,0.05005099999999996,0.976028,0.961112,0.01491600000000004,0.003834,0.001162,0.002672,0.16043,0.042771,0.11765899999999999,0.643877,0.299219,0.344658,0.976028,0.925977,0.05005099999999996
scene15,L7__s20260819__0004.png,V,True,,4,0.696235,0.700404,-0.004168999999999978,0.696235,0.700404,-0.004168999999999978,nan,nan,nan,nan,nan,nan,0.085038,0.097114,-0.012076000000000003,0.696235,0.700404,-0.004168999999999978
scene15,L7__s20260819__0005.png,V,True,,6,0.91609,0.889382,0.026707999999999954,0.91609,0.889382,0.026707999999999954,nan,nan,nan,0.340122,0.42753,-0.08740800000000004,0.820073,0.685931,0.1341420000000001,0.91609,0.889382,0.026707999999999954
scene15,L7__s20260819__0006.png,V,True,,6,0.970646,0.798982,0.17166400000000004,0.970646,0.798982,0.17166400000000004,nan,nan,nan,0.149356,0.084236,0.06511999999999998,0.763569,0.164704,0.5988650000000001,0.970646,0.798982,0.17166400000000004
scene15,L7__s20260819__0007.png,V,True,,2,0.586591,0.685224,-0.09863300000000008,0.586591,0.685224,-0.09863300000000008,nan,nan,nan,nan,nan,nan,0.011304,0.022057,-0.010753,0.586591,0.685224,-0.09863300000000008
scene15,L7__s20260820__0000.png::boost_e,H,True,,2,0.632549,0.625501,0.007048000000000054,0.632549,0.625501,0.007048000000000054,nan,nan,nan,nan,nan,nan,nan,nan,nan,0.632549,0.625501,0.007048000000000054
scene15,L7__s20260820__0000.png::boost_h,H,True,,2,0.577513,0.64023,-0.06271699999999991,0.577513,0.64023,-0.06271699999999991,nan,nan,nan,nan,nan,nan,nan,nan,nan,0.577513,0.64023,-0.06271699999999991
scene15,L7__s20260820__0001.png::boost_e,H_weak,True,,1,0.723917,0.71931,0.004607000000000028,0.723917,0.71931,0.004607000000000028,nan,nan,nan,nan,nan,nan,nan,nan,nan,0.723917,0.71931,0.004607000000000028
scene15,L7__s20260820__0001.png::boost_h,H,True,,1,0.643336,0.671821,-0.028484999999999983,0.643336,0.671821,-0.028484999999999983,nan,nan,nan,nan,nan,nan,nan,nan,nan,0.643336,0.671821,-0.028484999999999983
scene15,L7__s20260820__0002.png::boost_e,V,True,,4,0.699253,0.632319,0.06693400000000005,0.699253,0.632319,0.06693400000000005,nan,nan,nan,nan,nan,nan,0.010407,0.007591,0.002816,0.699253,0.632319,0.06693400000000005
scene15,L7__s20260820__0002.png::boost_h,V,True,,4,0.761326,0.695263,0.06606299999999998,0.761326,0.695263,0.06606299999999998,nan,nan,nan,nan,nan,nan,0.052319,0.032885,0.019434,0.761326,0.695263,0.06606299999999998
scene15,L7__s20260820__0003.png::boost_e,H,True,,4,0.717597,0.714643,0.002954000000000012,0.717597,0.714643,0.002954000000000012,nan,nan,nan,nan,nan,nan,0.108548,0.100559,0.00798900000000001,0.717597,0.714643,0.002954000000000012
scene15,L7__s20260820__0003.png::boost_h,H,True,,4,0.681675,0.639361,0.042314000000000074,0.681675,0.639361,0.042314000000000074,nan,nan,nan,nan,nan,nan,0.145996,0.099858,0.046137999999999985,0.681675,0.639361,0.042314000000000074
scene15,L7__s20260820__0004.png::boost_e,H,True,,2,0.671502,0.680467,-0.008965,0.671502,0.680467,-0.008965,nan,nan,nan,nan,nan,nan,nan,nan,nan,0.671502,0.680467,-0.008965
scene15,L7__s20260820__0004.png::boost_h,H,True,,2,0.528699,0.606272,-0.077573,0.528699,0.606272,-0.077573,nan,nan,nan,nan,nan,nan,nan,nan,nan,0.528699,0.606272,-0.077573
scene15,L7__s20260820__0005.png::boost_e,H,True,,1,0.725823,0.756336,-0.030513000000000012,0.725823,0.756336,-0.030513000000000012,nan,nan,nan,nan,nan,nan,nan,nan,nan,0.725823,0.756336,-0.030513000000000012
scene15,L7__s20260820__0005.png::boost_h,H,True,,1,0.662278,0.712704,-0.05042599999999997,0.662278,0.712704,-0.05042599999999997,nan,nan,nan,nan,nan,nan,nan,nan,nan,0.662278,0.712704,-0.05042599999999997
scene15,L7__s20260820__0006.png::boost_e,H,True,,4,0.67749,0.748323,-0.07083299999999992,0.747552,0.80407,-0.05651799999999996,nan,nan,nan,nan,nan,nan,0.170652,0.213987,-0.04333500000000001,0.67749,0.748323,-0.07083299999999992
scene15,L7__s20260820__0006.png::boost_h,H,True,,4,0.783461,0.774185,0.009275999999999951,0.794941,0.802405,-0.007464000000000026,nan,nan,nan,nan,nan,nan,0.276691,0.263809,0.012882000000000005,0.783461,0.774185,0.009275999999999951
scene15,L7__s20260820__0007.png::boost_e,V,True,,1,0.777067,0.779897,-0.002829999999999999,0.777067,0.779897,-0.002829999999999999,nan,nan,nan,nan,nan,nan,nan,nan,nan,0.777067,0.779897,-0.002829999999999999
scene15,L7__s20260820__0007.png::boost_h,H_weak,True,,1,0.66443,0.614758,0.04967199999999994,0.66443,0.614758,0.04967199999999994,nan,nan,nan,nan,nan,nan,nan,nan,nan,0.66443,0.614758,0.04967199999999994
scene18,L0__s20260819__0000.png,V,True,,20,0.546885,0.216078,0.33080699999999996,0.546885,0.216078,0.33080699999999996,0.546885,0.00397,0.5429149999999999,0.484842,0.011255,0.473587,0.522675,0.025005,0.49767,0.448537,0.216078,0.23245900000000003
scene18,L0__s20260819__0001.png,V,True,,16,0.551971,0.004867,0.547104,0.551971,0.004867,0.547104,0.551971,4.3e-05,0.551928,0.013897,2.7e-05,0.01387,0.064928,7.4e-05,0.064854,0.241337,0.004867,0.23646999999999999
scene18,L0__s20260819__0002.png,E,True,,4,0.568812,0.245281,0.323531,0.731503,0.245281,0.48622200000000004,nan,nan,nan,nan,nan,nan,nan,nan,nan,0.568812,0.245281,0.323531
scene18,L0__s20260819__0003.png,V,True,,20,0.15998,0.029554,0.13042600000000001,0.15998,0.029554,0.13042600000000001,0.15998,0.000596,0.159384,0.049057,0.000186,0.048871000000000005,0.086468,0.000218,0.08625000000000001,0.120723,0.029554,0.091169
scene18,L0__s20260819__0004.png,V,True,,20,0.113025,0.065807,0.047217999999999996,0.113025,0.065807,0.047217999999999996,0.113025,0.015498,0.097527,0.025964,0.005165,0.020799,0.069554,0.008311,0.061243000000000006,0.088643,0.065807,0.022835999999999995
scene18,L0__s20260819__0005.png,V,True,,20,0.530975,0.054209,0.47676599999999997,0.530975,0.054209,0.47676599999999997,0.340818,0.004494,0.336324,0.530975,0.001818,0.529157,0.323491,0.00196,0.32153099999999996,0.278367,0.054209,0.22415799999999997
scene18,L0__s20260819__0006.png,E,True,,10,0.63359,0.405625,0.22796499999999997,0.63359,0.609759,0.023830999999999936,nan,nan,nan,nan,nan,nan,0.452309,0.074388,0.377921,0.63359,0.405625,0.22796499999999997
scene18,L0__s20260819__0007.png,E,True,,4,0.203211,0.114267,0.08894400000000001,0.34967,0.114267,0.23540299999999997,nan,nan,nan,nan,nan,nan,nan,nan,nan,0.203211,0.114267,0.08894400000000001
scene18,L0__s20260820__0000.png::boost_e,E,True,,5,0.251314,0.237346,0.01396799999999998,0.251314,0.252801,-0.001487000000000016,nan,nan,nan,nan,nan,nan,nan,nan,nan,0.251314,0.237346,0.01396799999999998
scene18,L0__s20260820__0001.png::boost_e,E,True,,4,0.12592,0.050892,0.07502800000000001,0.577259,0.364928,0.212331,nan,nan,nan,nan,nan,nan,nan,nan,nan,0.12592,0.050892,0.07502800000000001
scene18,L0__s20260820__0002.png::boost_e,V,True,,9,0.95413,0.897683,0.056447000000000025,0.95413,0.897683,0.056447000000000025,nan,nan,nan,nan,nan,nan,0.95413,0.897683,0.056447000000000025,0.717535,0.323431,0.394104
scene18,L0__s20260820__0003.png::boost_e,V,True,,5,0.836944,0.656415,0.18052900000000005,0.836944,0.656415,0.18052900000000005,nan,nan,nan,nan,nan,nan,nan,nan,nan,0.836944,0.656415,0.18052900000000005
scene18,L0__s20260820__0004.png::boost_e,E,True,,5,0.400546,0.151165,0.24938100000000002,0.400546,0.151165,0.24938100000000002,nan,nan,nan,nan,nan,nan,nan,nan,nan,0.400546,0.151165,0.24938100000000002
scene18,L0__s20260820__0005.png::boost_e,V,True,,10,0.924485,0.490419,0.434066,0.924485,0.490419,0.434066,nan,nan,nan,nan,nan,nan,0.924485,0.46494,0.459545,0.70138,0.490419,0.210961
scene18,L0__s20260820__0006.png::boost_e,V,True,,10,0.895199,0.785907,0.10929199999999994,0.895199,0.785907,0.10929199999999994,nan,nan,nan,nan,nan,nan,0.59014,0.67219,-0.08204999999999996,0.895199,0.785907,0.10929199999999994
scene18,L0__s20260820__0007.png::boost_e,E,True,,5,0.359998,0.069026,0.290972,0.359998,0.069026,0.290972,nan,nan,nan,nan,nan,nan,nan,nan,nan,0.359998,0.069026,0.290972
scene18,L0__s20260821__0000.png::boost_e2,E,True,,10,0.744716,0.685724,0.058992000000000044,0.744716,0.685724,0.058992000000000044,nan,nan,nan,nan,nan,nan,0.679668,0.281533,0.39813500000000007,0.744716,0.685724,0.058992000000000044
scene18,L0__s20260821__0001.png::boost_e2,E,True,,15,0.786201,0.567986,0.21821500000000005,0.786201,0.567986,0.21821500000000005,nan,nan,nan,0.236326,0.07009,0.166236,0.258168,0.079222,0.178946,0.786201,0.567986,0.21821500000000005
scene18,L0__s20260821__0002.png::boost_e2,E,True,,10,0.906529,0.564834,0.3416950000000001,0.906529,0.564834,0.3416950000000001,nan,nan,nan,nan,nan,nan,0.906529,0.564834,0.3416950000000001,0.693584,0.216498,0.477086
scene18,L0__s20260821__0003.png::boost_e2,E,True,,5,0.912869,0.708802,0.204067,0.912869,0.708802,0.204067,nan,nan,nan,nan,nan,nan,nan,nan,nan,0.912869,0.708802,0.204067
scene18,L0__s20260821__0004.png::boost_e2,E,True,,10,0.764323,0.605032,0.15929099999999996,0.764323,0.605032,0.15929099999999996,nan,nan,nan,nan,nan,nan,0.764323,0.605032,0.15929099999999996,0.582559,0.465189,0.11737000000000003
scene18,L0__s20260821__0005.png::boost_e2,E,True,,10,0.580929,0.137677,0.44325200000000003,0.580929,0.137677,0.44325200000000003,nan,nan,nan,nan,nan,nan,0.580929,0.041676,0.539253,0.529211,0.137677,0.391534
scene18,L0__s20260821__0006.png::boost_e2,E,True,,9,0.696825,0.428653,0.268172,0.696825,0.428653,0.268172,nan,nan,nan,nan,nan,nan,0.696825,0.428653,0.268172,0.695778,0.349532,0.346246
scene18,L0__s20260821__0007.png::boost_e2,E,True,,10,0.773556,0.681855,0.09170100000000003,0.773556,0.681855,0.09170100000000003,nan,nan,nan,nan,nan,nan,0.513083,0.066455,0.44662799999999997,0.773556,0.681855,0.09170100000000003
scene18,L5__s20260819__0000.png,V,True,,20,0.503348,0.351235,0.152113,0.503348,0.351235,0.152113,0.11076,0.002333,0.108427,0.249555,0.011086,0.238469,0.310924,0.049171,0.26175299999999996,0.503348,0.351235,0.152113
scene18,L5__s20260819__0001.png,V,True,,16,0.842206,0.000137,0.842069,0.842206,0.000137,0.842069,0.842206,3e-06,0.842203,0.00017,1e-06,0.00016900000000000002,0.000903,0.000137,0.0007660000000000001,0.003814,5.8e-05,0.0037560000000000002
scene18,L5__s20260819__0002.png,E,True,,4,0.077361,0.07668,0.000681000000000001,0.914843,0.967749,-0.05290600000000001,nan,nan,nan,nan,nan,nan,nan,nan,nan,0.077361,0.07668,0.000681000000000001
scene18,L5__s20260819__0003.png,V,True,,20,0.030645,0.018377,0.012267999999999998,0.030645,0.018377,0.012267999999999998,0.026071,0.000686,0.025385,0.005999,0.000134,0.005865,0.010348,0.000139,0.010209,0.030645,0.018377,0.012267999999999998
scene18,L5__s20260819__0004.png,V,True,,20,0.010327,0.001353,0.008974,0.010327,0.001353,0.008974,0.008703,0.000248,0.008455,0.001176,2.5e-05,0.001151,0.002136,6.2e-05,0.002074,0.010327,0.001353,0.008974
scene18,L5__s20260819__0005.png,V,True,,20,0.529369,0.325556,0.20381299999999997,0.529369,0.325556,0.20381299999999997,0.529369,0.00499,0.5243789999999999,0.029362,0.028304,0.001058,0.032825,0.325556,-0.292731,0.048298,0.139807,-0.09150899999999998
scene18,L5__s20260819__0006.png,E,True,,10,0.631174,0.278301,0.352873,0.631174,0.278301,0.352873,nan,nan,nan,nan,nan,nan,0.631174,0.139382,0.491792,0.626163,0.278301,0.347862
scene18,L5__s20260819__0007.png,E,True,,4,0.100668,0.079595,0.021072999999999995,0.100668,0.079595,0.021072999999999995,nan,nan,nan,nan,nan,nan,nan,nan,nan,0.100668,0.079595,0.021072999999999995
scene18,L5__s20260820__0000.png::boost_e,E,True,,5,0.168998,0.22728,-0.058282,0.168998,0.380574,-0.21157600000000001,nan,nan,nan,nan,nan,nan,nan,nan,nan,0.168998,0.22728,-0.058282
scene18,L5__s20260820__0001.png::boost_e,E,True,,4,0.126947,0.138073,-0.011125999999999997,0.850156,0.926071,-0.07591499999999995,nan,nan,nan,nan,nan,nan,nan,nan,nan,0.126947,0.138073,-0.011125999999999997
scene18,L5__s20260820__0002.png::boost_e,V,True,,9,0.982437,0.763923,0.21851399999999999,0.982437,0.763923,0.21851399999999999,nan,nan,nan,nan,nan,nan,0.982437,0.763923,0.21851399999999999,0.780939,0.204832,0.576107
scene18,L5__s20260820__0003.png::boost_e,V,True,,5,0.513668,0.596715,-0.08304699999999998,0.513668,0.596715,-0.08304699999999998,nan,nan,nan,nan,nan,nan,nan,nan,nan,0.513668,0.596715,-0.08304699999999998
scene18,L5__s20260820__0004.png::boost_e,E,True,,5,0.202475,0.140396,0.062078999999999995,0.599491,0.830933,-0.23144200000000004,nan,nan,nan,nan,nan,nan,nan,nan,nan,0.202475,0.140396,0.062078999999999995
scene18,L5__s20260820__0005.png::boost_e,V,True,,10,0.982263,0.707639,0.274624,0.982263,0.707639,0.274624,nan,nan,nan,nan,nan,nan,0.982263,0.707639,0.274624,0.822929,0.063877,0.7590520000000001
scene18,L5__s20260820__0006.png::boost_e,V,True,,10,0.919982,0.826252,0.09372999999999998,0.919982,0.826252,0.09372999999999998,nan,nan,nan,nan,nan,nan,0.904914,0.764501,0.140413,0.919982,0.826252,0.09372999999999998
scene18,L5__s20260820__0007.png::boost_e,E,True,,5,0.03987,0.023167,0.016703000000000003,0.03987,0.023167,0.016703000000000003,nan,nan,nan,nan,nan,nan,nan,nan,nan,0.03987,0.023167,0.016703000000000003
scene18,L5__s20260821__0000.png::boost_e2,E,True,,10,0.743231,0.621851,0.12137999999999993,0.743231,0.621851,0.12137999999999993,nan,nan,nan,nan,nan,nan,0.201462,0.272352,-0.07088999999999998,0.743231,0.621851,0.12137999999999993
scene18,L5__s20260821__0001.png::boost_e2,E,True,,15,0.660494,0.405424,0.25507,0.660494,0.405424,0.25507,nan,nan,nan,0.236641,0.059185,0.177456,0.660494,0.405424,0.25507,0.345007,0.309903,0.035104000000000024
scene18,L5__s20260821__0002.png::boost_e2,E,True,,10,0.838135,0.607211,0.23092400000000002,0.838135,0.607211,0.23092400000000002,nan,nan,nan,nan,nan,nan,0.838135,0.607211,0.23092400000000002,0.698228,0.218384,0.47984399999999994
scene18,L5__s20260821__0003.png::boost_e2,E,True,,5,0.880149,0.747048,0.1331009999999999,0.880149,0.747048,0.1331009999999999,nan,nan,nan,nan,nan,nan,nan,nan,nan,0.880149,0.747048,0.1331009999999999
scene18,L5__s20260821__0004.png::boost_e2,E,True,,10,0.898944,0.951301,-0.05235699999999999,0.898944,0.951301,-0.05235699999999999,nan,nan,nan,nan,nan,nan,0.898944,0.951301,-0.05235699999999999,0.613135,0.64663,-0.03349500000000005
scene18,L5__s20260821__0005.png::boost_e2,E,True,,10,0.317058,0.163495,0.153563,0.317058,0.163495,0.153563,nan,nan,nan,nan,nan,nan,0.115991,0.106275,0.009716000000000002,0.317058,0.163495,0.153563
scene18,L5__s20260821__0006.png::boost_e2,E,True,,9,0.889201,0.876404,0.012797000000000058,0.889201,0.876404,0.012797000000000058,nan,nan,nan,nan,nan,nan,0.889201,0.876404,0.012797000000000058,0.198707,0.381099,-0.18239200000000003
scene18,L5__s20260821__0007.png::boost_e2,E,True,,10,0.687483,0.720447,-0.03296399999999999,0.687483,0.720447,-0.03296399999999999,nan,nan,nan,nan,nan,nan,0.269705,0.211782,0.057922999999999975,0.687483,0.720447,-0.03296399999999999
scene18,L7__s20260819__0000.png,V,True,,20,0.427361,0.236648,0.190713,0.427361,0.236648,0.190713,0.229488,0.003704,0.22578399999999998,0.239125,0.012338,0.22678700000000002,0.322103,0.044914,0.27718899999999996,0.427361,0.236648,0.190713
scene18,L7__s20260819__0001.png,V,True,,16,0.349674,0.002903,0.346771,0.349674,0.002903,0.346771,0.349674,7e-05,0.34960399999999997,0.008862,3.3e-05,0.008829,0.041895,0.000137,0.041758,0.115505,0.002903,0.112602
scene18,L7__s20260819__0002.png,E,True,,4,0.634274,0.25672,0.377554,0.801077,0.25672,0.544357,nan,nan,nan,nan,nan,nan,nan,nan,nan,0.634274,0.25672,0.377554
scene18,L7__s20260819__0003.png,V,True,,20,0.132914,0.017052,0.115862,0.132914,0.017052,0.115862,0.132914,0.000806,0.132108,0.036044,0.000247,0.035797,0.072516,0.000347,0.072169,0.085487,0.017052,0.068435
scene18,L7__s20260819__0004.png,V,True,,20,0.159798,0.038743,0.121055,0.159798,0.038743,0.121055,0.159798,0.014739,0.145059,0.148546,0.004528,0.144018,0.148546,0.010074,0.138472,0.12325,0.038743,0.084507
scene18,L7__s20260819__0005.png,V,True,,20,0.541635,0.028524,0.513111,0.541635,0.028524,0.513111,0.541635,0.003338,0.538297,0.428714,0.001342,0.427372,0.290109,0.001997,0.288112,0.209237,0.028524,0.180713
scene18,L7__s20260819__0006.png,E,True,,10,0.528838,0.295628,0.23321000000000003,0.528838,0.295628,0.23321000000000003,nan,nan,nan,nan,nan,nan,0.334166,0.083193,0.250973,0.528838,0.295628,0.23321000000000003
scene18,L7__s20260819__0007.png,E,True,,4,0.075217,0.065896,0.00932100000000001,0.157473,0.067328,0.090145,nan,nan,nan,nan,nan,nan,nan,nan,nan,0.075217,0.065896,0.00932100000000001
scene18,L7__s20260820__0000.png::boost_e,E,True,,5,0.286363,0.235889,0.05047399999999999,0.286363,0.243768,0.042594999999999966,nan,nan,nan,nan,nan,nan,nan,nan,nan,0.286363,0.235889,0.05047399999999999
scene18,L7__s20260820__0001.png::boost_e,E,True,,4,0.128771,0.054241,0.07453,0.588577,0.344846,0.24373100000000003,nan,nan,nan,nan,nan,nan,nan,nan,nan,0.128771,0.054241,0.07453
scene18,L7__s20260820__0002.png::boost_e,V,True,,9,0.960328,0.754618,0.20570999999999995,0.960328,0.754618,0.20570999999999995,nan,nan,nan,nan,nan,nan,0.960328,0.754618,0.20570999999999995,0.743337,0.205553,0.537784
scene18,L7__s20260820__0003.png::boost_e,V,True,,5,0.794489,0.605781,0.188708,0.794489,0.605781,0.188708,nan,nan,nan,nan,nan,nan,nan,nan,nan,0.794489,0.605781,0.188708
scene18,L7__s20260820__0004.png::boost_e,E,True,,5,0.431825,0.178529,0.253296,0.431825,0.178529,0.253296,nan,nan,nan,nan,nan,nan,nan,nan,nan,0.431825,0.178529,0.253296
scene18,L7__s20260820__0005.png::boost_e,V,True,,10,0.897674,0.405743,0.49193099999999995,0.897674,0.405743,0.49193099999999995,nan,nan,nan,nan,nan,nan,0.897674,0.396526,0.5011479999999999,0.717895,0.405743,0.31215199999999993
scene18,L7__s20260820__0006.png::boost_e,V,True,,10,0.895132,0.747339,0.14779300000000006,0.895132,0.747339,0.14779300000000006,nan,nan,nan,nan,nan,nan,0.590345,0.512198,0.07814699999999997,0.895132,0.747339,0.14779300000000006
scene18,L7__s20260820__0007.png::boost_e,E,True,,5,0.373449,0.069769,0.30367999999999995,0.373449,0.069769,0.30367999999999995,nan,nan,nan,nan,nan,nan,nan,nan,nan,0.373449,0.069769,0.30367999999999995
scene18,L7__s20260821__0000.png::boost_e2,E,True,,10,0.797922,0.62798,0.16994200000000004,0.797922,0.62798,0.16994200000000004,nan,nan,nan,nan,nan,nan,0.759313,0.238536,0.520777,0.797922,0.62798,0.16994200000000004
scene18,L7__s20260821__0001.png::boost_e2,E,True,,15,0.761386,0.45421,0.307176,0.761386,0.45421,0.307176,nan,nan,nan,0.335954,0.071387,0.264567,0.260696,0.057389,0.203307,0.761386,0.45421,0.307176
scene18,L7__s20260821__0002.png::boost_e2,E,True,,10,0.919632,0.638621,0.281011,0.919632,0.638621,0.281011,nan,nan,nan,nan,nan,nan,0.919632,0.638621,0.281011,0.740505,0.215808,0.524697
scene18,L7__s20260821__0003.png::boost_e2,E,True,,5,0.934125,0.637164,0.29696100000000003,0.934125,0.637164,0.29696100000000003,nan,nan,nan,nan,nan,nan,nan,nan,nan,0.934125,0.637164,0.29696100000000003
scene18,L7__s20260821__0004.png::boost_e2,E,True,,10,0.749017,0.659171,0.08984600000000009,0.749017,0.659171,0.08984600000000009,nan,nan,nan,nan,nan,nan,0.749017,0.659171,0.08984600000000009,0.597563,0.462981,0.13458199999999998
scene18,L7__s20260821__0005.png::boost_e2,E,True,,10,0.272397,0.108981,0.163416,0.272397,0.108981,0.163416,nan,nan,nan,nan,nan,nan,0.272397,0.058112,0.214285,0.257854,0.108981,0.14887300000000003
scene18,L7__s20260821__0006.png::boost_e2,E,True,,9,0.700998,0.336249,0.364749,0.700998,0.336249,0.364749,nan,nan,nan,nan,nan,nan,0.684593,0.336249,0.348344,0.700998,0.308847,0.392151
scene18,L7__s20260821__0007.png::boost_e2,E,True,,10,0.709692,0.580577,0.12911499999999998,0.709692,0.580577,0.12911499999999998,nan,nan,nan,nan,nan,nan,0.367938,0.080559,0.287379,0.709692,0.580577,0.12911499999999998
sceneC2,L2__s20260819__0000.png,V,True,,12,0.419774,0.009308,0.410466,0.419774,0.016973,0.40280099999999996,nan,nan,nan,0.001568,0.004235,-0.002667,0.032895,0.001931,0.030964000000000002,0.419774,0.009308,0.410466
sceneC2,L2__s20260819__0001.png,V,True,,6,0.510699,0.08232,0.428379,0.510699,0.08232,0.428379,nan,nan,nan,nan,nan,nan,0.510699,0.08232,0.428379,0.510699,0.000793,0.509906
sceneC2,L2__s20260819__0002.png,V,True,,2,0.139098,0.001777,0.137321,0.708076,0.472615,0.23546100000000003,nan,nan,nan,nan,nan,nan,nan,nan,nan,0.139098,0.001777,0.137321
sceneC2,L2__s20260819__0003.png,V,True,,15,0.667646,0.079687,0.587959,0.667646,0.079687,0.587959,nan,nan,nan,0.605413,0.002075,0.6033379999999999,0.173744,0.000681,0.17306300000000002,0.667646,0.079687,0.587959
sceneC2,L2__s20260819__0004.png,V,True,,13,0.970892,0.695114,0.27577799999999997,0.970892,0.695114,0.27577799999999997,nan,nan,nan,0.115552,0.25801,-0.14245800000000003,0.928168,0.695114,0.23305399999999998,0.970892,0.091325,0.879567
sceneC2,L2__s20260819__0005.png,V,True,,8,0.946688,0.265167,0.681521,0.946688,0.265167,0.681521,nan,nan,nan,nan,nan,nan,0.946688,0.265167,0.681521,0.290628,0.169353,0.121275
sceneC2,L2__s20260819__0006.png,V,True,,8,0.734324,0.00134,0.732984,0.734324,0.00134,0.732984,nan,nan,nan,nan,nan,nan,0.734324,0.00134,0.732984,0.670146,0.000295,0.669851
sceneC2,L2__s20260819__0007.png,V,True,,15,0.975667,0.002179,0.9734879999999999,0.975667,0.002586,0.973081,nan,nan,nan,0.09026,0.001728,0.08853200000000001,0.912445,0.002179,0.9102659999999999,0.975667,0.000414,0.9752529999999999
sceneC2,L3__s20260819__0000.png,V,True,,12,0.474793,0.00864,0.46615300000000004,0.474793,0.016698,0.45809500000000003,nan,nan,nan,0.001409,0.003567,-0.0021579999999999998,0.023932,0.001833,0.022098999999999997,0.474793,0.00864,0.46615300000000004
sceneC2,L3__s20260819__0001.png,V,True,,6,0.503401,0.149115,0.354286,0.503401,0.149115,0.354286,nan,nan,nan,nan,nan,nan,0.503401,0.149115,0.354286,0.503401,0.001036,0.502365
sceneC2,L3__s20260819__0002.png,V,True,,2,0.143434,0.002331,0.141103,0.724563,0.654173,0.07038999999999995,nan,nan,nan,nan,nan,nan,nan,nan,nan,0.143434,0.002331,0.141103
sceneC2,L3__s20260819__0003.png,V,True,,15,0.741815,0.074024,0.667791,0.741815,0.074024,0.667791,nan,nan,nan,0.741815,0.001254,0.740561,0.158939,0.00048,0.158459,0.645791,0.074024,0.571767
sceneC2,L3__s20260819__0004.png,V,True,,13,0.969447,0.686258,0.2831889999999999,0.969447,0.686258,0.2831889999999999,nan,nan,nan,0.136127,0.236718,-0.10059100000000001,0.922702,0.686258,0.236444,0.969447,0.097038,0.872409
sceneC2,L3__s20260819__0005.png,V,True,,8,0.952003,0.267563,0.68444,0.952003,0.267563,0.68444,nan,nan,nan,nan,nan,nan,0.952003,0.267563,0.68444,0.310592,0.18909,0.12150199999999997
sceneC2,L3__s20260819__0006.png,V,True,,8,0.716106,0.002311,0.7137950000000001,0.716106,0.002311,0.7137950000000001,nan,nan,nan,nan,nan,nan,0.716106,0.002311,0.7137950000000001,0.552048,0.000489,0.551559
sceneC2,L3__s20260819__0007.png,V,True,,15,0.965797,0.002438,0.963359,0.965797,0.00277,0.963027,nan,nan,nan,0.088085,0.001756,0.086329,0.898415,0.002438,0.8959769999999999,0.965797,0.000535,0.9652620000000001
sceneC2,L7__s20260819__0000.png,V,True,,12,0.475954,0.012228,0.46372599999999997,0.475954,0.0342,0.441754,nan,nan,nan,0.191904,0.011352,0.180552,0.03667,0.004806,0.031864,0.475954,0.012228,0.46372599999999997
sceneC2,L7__s20260819__0001.png,V,True,,6,0.440396,0.195461,0.244935,0.440396,0.195461,0.244935,nan,nan,nan,nan,nan,nan,0.440396,0.195461,0.244935,0.440396,0.001389,0.43900700000000004
sceneC2,L7__s20260819__0002.png,V,True,,2,0.126218,0.003052,0.123166,0.724108,0.694073,0.030034999999999923,nan,nan,nan,nan,nan,nan,nan,nan,nan,0.126218,0.003052,0.123166
sceneC2,L7__s20260819__0003.png,V,True,,15,0.58587,0.062661,0.523209,0.58587,0.062661,0.523209,nan,nan,nan,0.58587,0.002032,0.583838,0.161291,0.000736,0.160555,0.514156,0.062661,0.451495
sceneC2,L7__s20260819__0004.png,V,True,,13,0.984195,0.646755,0.3374400000000001,0.984195,0.646755,0.3374400000000001,nan,nan,nan,0.262596,0.227599,0.034997,0.959157,0.646755,0.31240200000000007,0.984195,0.08857,0.895625
sceneC2,L7__s20260819__0005.png,V,True,,8,0.968742,0.358297,0.610445,0.968742,0.358297,0.610445,nan,nan,nan,nan,nan,nan,0.968742,0.358297,0.610445,0.344992,0.22867,0.11632200000000001
sceneC2,L7__s20260819__0006.png,V,True,,8,0.699684,0.01053,0.6891539999999999,0.699684,0.01053,0.6891539999999999,nan,nan,nan,nan,nan,nan,0.699684,0.01053,0.6891539999999999,0.536265,0.000691,0.535574
sceneC2,L7__s20260819__0007.png,V,True,,15,0.957643,0.006789,0.950854,0.957643,0.006789,0.950854,nan,nan,nan,0.105513,0.002869,0.102644,0.912327,0.006789,0.905538,0.957643,0.000852,0.9567910000000001
sceneN3,L0__s20260819__0000.png,none_in_fov,True,,0,nan,nan,nan,0.894162,0.886002,0.008160000000000056,nan,nan,nan,nan,nan,nan,nan,nan,nan,nan,nan,nan
sceneN3,L0__s20260819__0001.png,none_in_fov,True,,0,nan,nan,nan,0.978113,0.943116,0.034997000000000056,nan,nan,nan,nan,nan,nan,nan,nan,nan,nan,nan,nan
sceneN3,L0__s20260819__0002.png,none_in_fov,True,,0,nan,nan,nan,0.948483,0.89974,0.04874299999999998,nan,nan,nan,nan,nan,nan,nan,nan,nan,nan,nan,nan
sceneN3,L0__s20260819__0003.png,none_in_fov,True,,0,nan,nan,nan,0.95921,0.941126,0.01808399999999999,nan,nan,nan,nan,nan,nan,nan,nan,nan,nan,nan,nan
sceneN3,L0__s20260819__0004.png,none_in_fov,True,,0,nan,nan,nan,0.972973,0.972244,0.0007289999999999797,nan,nan,nan,nan,nan,nan,nan,nan,nan,nan,nan,nan
sceneN3,L0__s20260819__0005.png,none_in_fov,True,,0,nan,nan,nan,0.991378,0.957395,0.033982999999999985,nan,nan,nan,nan,nan,nan,nan,nan,nan,nan,nan,nan
sceneN3,L0__s20260819__0006.png,none_in_fov,True,,0,nan,nan,nan,0.934576,0.915362,0.019213999999999953,nan,nan,nan,nan,nan,nan,nan,nan,nan,nan,nan,nan
sceneN3,L0__s20260819__0007.png,none_in_fov,True,,0,nan,nan,nan,0.965456,0.928723,0.036733000000000016,nan,nan,nan,nan,nan,nan,nan,nan,nan,nan,nan,nan
sceneN3,L5__s20260819__0000.png,none_in_fov,True,,0,nan,nan,nan,0.833183,0.824351,0.008832000000000062,nan,nan,nan,nan,nan,nan,nan,nan,nan,nan,nan,nan
sceneN3,L5__s20260819__0001.png,none_in_fov,True,,0,nan,nan,nan,0.99639,0.987679,0.008711000000000024,nan,nan,nan,nan,nan,nan,nan,nan,nan,nan,nan,nan
sceneN3,L5__s20260819__0002.png,none_in_fov,True,,0,nan,nan,nan,0.973057,0.964256,0.008800999999999948,nan,nan,nan,nan,nan,nan,nan,nan,nan,nan,nan,nan
sceneN3,L5__s20260819__0003.png,none_in_fov,True,,0,nan,nan,nan,0.974696,0.963962,0.010734000000000021,nan,nan,nan,nan,nan,nan,nan,nan,nan,nan,nan,nan
sceneN3,L5__s20260819__0004.png,none_in_fov,True,,0,nan,nan,nan,0.963009,0.956957,0.006052000000000057,nan,nan,nan,nan,nan,nan,nan,nan,nan,nan,nan,nan
sceneN3,L5__s20260819__0005.png,none_in_fov,True,,0,nan,nan,nan,0.976189,0.897466,0.07872299999999999,nan,nan,nan,nan,nan,nan,nan,nan,nan,nan,nan,nan
sceneN3,L5__s20260819__0006.png,none_in_fov,True,,0,nan,nan,nan,0.992379,0.96645,0.02592899999999998,nan,nan,nan,nan,nan,nan,nan,nan,nan,nan,nan,nan
sceneN3,L5__s20260819__0007.png,none_in_fov,True,,0,nan,nan,nan,0.916593,0.906688,0.009904999999999942,nan,nan,nan,nan,nan,nan,nan,nan,nan,nan,nan,nan
sceneN3,L7__s20260819__0000.png,none_in_fov,True,,0,nan,nan,nan,0.746473,0.685675,0.06079800000000002,nan,nan,nan,nan,nan,nan,nan,nan,nan,nan,nan,nan
sceneN3,L7__s20260819__0001.png,none_in_fov,True,,0,nan,nan,nan,0.986876,0.956275,0.03060099999999999,nan,nan,nan,nan,nan,nan,nan,nan,nan,nan,nan,nan
sceneN3,L7__s20260819__0002.png,none_in_fov,True,,0,nan,nan,nan,0.941838,0.900668,0.04116999999999993,nan,nan,nan,nan,nan,nan,nan,nan,nan,nan,nan,nan
sceneN3,L7__s20260819__0003.png,none_in_fov,True,,0,nan,nan,nan,0.921741,0.87028,0.05146099999999998,nan,nan,nan,nan,nan,nan,nan,nan,nan,nan,nan,nan
sceneN3,L7__s20260819__0004.png,none_in_fov,True,,0,nan,nan,nan,0.959533,0.955112,0.004421000000000008,nan,nan,nan,nan,nan,nan,nan,nan,nan,nan,nan,nan
sceneN3,L7__s20260819__0005.png,none_in_fov,True,,0,nan,nan,nan,0.978152,0.881166,0.09698600000000002,nan,nan,nan,nan,nan,nan,nan,nan,nan,nan,nan,nan
sceneN3,L7__s20260819__0006.png,none_in_fov,True,,0,nan,nan,nan,0.980218,0.918314,0.06190400000000007,nan,nan,nan,nan,nan,nan,nan,nan,nan,nan,nan,nan
sceneN3,L7__s20260819__0007.png,none_in_fov,True,,0,nan,nan,nan,0.914975,0.874915,0.040059999999999985,nan,nan,nan,nan,nan,nan,nan,nan,nan,nan,nan,nan
