file,license,license_url,author,credit,date,commons_page,original_url,orig_w,orig_h,harvest_query,title
wc001_ccby20_3a419a_Korea_Damyang_Juknogwon_Bamboo_Garden_04.jpg,CC BY 2.0,https://creativecommons.org/licenses/by/2.0,Byungjoon Kim,IMG_1263 Uploaded by Caspian blue,2008-11-01 08:15,https://commons.wikimedia.org/wiki/File%3AKorea-Damyang-Juknogwon-Bamboo_Garden-04.jpg,https://upload.wikimedia.org/wikipedia/commons/4/4d/Korea-Damyang-Juknogwon-Bamboo_Garden-04.jpg,2912,4368,search:Korea park stairs,File:Korea-Damyang-Juknogwon-Bamboo Garden-04.jpg
wc005_ccby40_caddc6_삼일공원_1.jpg,CC BY 4.0,https://creativecommons.org/licenses/by/4.0,씽푸미니,Tistory,Taken on 31 August 2020,https://commons.wikimedia.org/wiki/File%3A%EC%82%BC%EC%9D%BC%EA%B3%B5%EC%9B%90_1.jpg,https://upload.wikimedia.org/wikipedia/commons/9/9b/%EC%82%BC%EC%9D%BC%EA%B3%B5%EC%9B%90_1.jpg,1440,1080,search:stairs Seoul outdoor,File:삼일공원 1.jpg
wc007_ccbysa40_276551_Korean_War_Veterans_Plaza_1.jpg,CC BY-SA 4.0,https://creativecommons.org/licenses/by-sa/4.0,Louis Minsky,Own work,2023-10-25 07:25:58,https://commons.wikimedia.org/wiki/File%3AKorean_War_Veterans_Plaza_1.jpg,https://upload.wikimedia.org/wikipedia/commons/1/1f/Korean_War_Veterans_Plaza_1.jpg,4080,3072,search:Korea park stairs,File:Korean War Veterans Plaza 1.jpg
wc010_cc0_120ca9_Hwaseong_City_Hwaseong_ro_Road_Crosswalk_Sign_20240803.jpg,CC0,http://creativecommons.org/publicdomain/zero/1.0/deed.en,LandAndTree,Own work,Taken on 3 August 2024,https://commons.wikimedia.org/wiki/File%3AHwaseong_City_Hwaseong-ro_Road_Crosswalk_Sign_20240803.jpg,https://upload.wikimedia.org/wikipedia/commons/1/13/Hwaseong_City_Hwaseong-ro_Road_Crosswalk_Sign_20240803.jpg,5328,4000,cat:Sidewalks in South Korea,File:Hwaseong City Hwaseong-ro Road Crosswalk Sign 20240803.jpg
wc011_cc0_00294c_20200806_164648_things_places_in_south_korea_IMG_9615.jpg,CC0,http://creativecommons.org/publicdomain/zero/1.0/deed.en,Choi Kwang-mo,Own work,2020-08-07 10:46:48,https://commons.wikimedia.org/wiki/File%3A20200806_164648_things_places_in_south_korea_IMG_9615.jpg,https://upload.wikimedia.org/wikipedia/commons/5/51/20200806_164648_things_places_in_south_korea_IMG_9615.jpg,4032,3024,cat:Stairs in South Korea,File:20200806 164648 things places in south korea IMG 9615.jpg
wc012_ccbysa40_48846b_Stairs_of_Pyeongchon_Central_Park.jpg,CC BY-SA 4.0,https://creativecommons.org/licenses/by-sa/4.0,BoeunKim,Own work,2018-04-21 16:53:02,https://commons.wikimedia.org/wiki/File%3AStairs_of_Pyeongchon_Central_Park.jpg,https://upload.wikimedia.org/wikipedia/commons/0/07/Stairs_of_Pyeongchon_Central_Park.jpg,4160,2080,cat:Stairs in South Korea,File:Stairs of Pyeongchon Central Park.jpg
wc015_ccbysa40_948e17_Stairs_of_Pyeongchon_Central_Park4.jpg,CC BY-SA 4.0,https://creativecommons.org/licenses/by-sa/4.0,BoeunKim,Own work,2018-04-21 16:53:50,https://commons.wikimedia.org/wiki/File%3AStairs_of_Pyeongchon_Central_Park4.jpg,https://upload.wikimedia.org/wikipedia/commons/f/f1/Stairs_of_Pyeongchon_Central_Park4.jpg,4160,2080,cat:Stairs in South Korea,File:Stairs of Pyeongchon Central Park4.jpg
wc016_ccbysa40_bf9d96_Stairs_of_Pyeongchon_Central_Park5.jpg,CC BY-SA 4.0,https://creativecommons.org/licenses/by-sa/4.0,BoeunKim,Own work,2018-04-21 16:55:00,https://commons.wikimedia.org/wiki/File%3AStairs_of_Pyeongchon_Central_Park5.jpg,https://upload.wikimedia.org/wikipedia/commons/2/2d/Stairs_of_Pyeongchon_Central_Park5.jpg,4160,2080,cat:Stairs in South Korea,File:Stairs of Pyeongchon Central Park5.jpg
wc018_ccbysa40_0bbb83_Stairs_of_Pyeongchon_Central_Park7.jpg,CC BY-SA 4.0,https://creativecommons.org/licenses/by-sa/4.0,BoeunKim,Own work,2018-04-21 16:57:18,https://commons.wikimedia.org/wiki/File%3AStairs_of_Pyeongchon_Central_Park7.jpg,https://upload.wikimedia.org/wikipedia/commons/6/6e/Stairs_of_Pyeongchon_Central_Park7.jpg,4160,2080,cat:Stairs in South Korea,File:Stairs of Pyeongchon Central Park7.jpg
wc022_ccbysa20kr_67222d_보성체육공원_축구경기장_02.jpg,CC BY-SA 2.0 kr,https://creativecommons.org/licenses/by-sa/2.0/kr/deed.en,Hwan,Naver blog,Taken on 19 February 2023,https://commons.wikimedia.org/wiki/File%3A%EB%B3%B4%EC%84%B1%EC%B2%B4%EC%9C%A1%EA%B3%B5%EC%9B%90_%EC%B6%95%EA%B5%AC%EA%B2%BD%EA%B8%B0%EC%9E%A5_02.jpg,https://upload.wikimedia.org/wikipedia/commons/6/61/%EB%B3%B4%EC%84%B1%EC%B2%B4%EC%9C%A1%EA%B3%B5%EC%9B%90_%EC%B6%95%EA%B5%AC%EA%B2%BD%EA%B8%B0%EC%9E%A5_02.jpg,3840,2162,search:Korea park stairs,File:보성체육공원 축구경기장 02.jpg
wc023_ccby40_d30a1d_행당역_대현산공원_4.jpg,CC BY 4.0,https://creativecommons.org/licenses/by/4.0,kepper,Tistory,Taken on 20 October 2019 14:28:34,https://commons.wikimedia.org/wiki/File%3A%ED%96%89%EB%8B%B9%EC%97%AD_-_%EB%8C%80%ED%98%84%EC%82%B0%EA%B3%B5%EC%9B%90_4.jpg,https://upload.wikimedia.org/wikipedia/commons/f/ff/%ED%96%89%EB%8B%B9%EC%97%AD_-_%EB%8C%80%ED%98%84%EC%82%B0%EA%B3%B5%EC%9B%90_4.jpg,4032,3024,search:Korea park stairs,File:행당역 - 대현산공원 4.jpg
wc024_ccby40_f9b447_행당역_대현산공원_5.jpg,CC BY 4.0,https://creativecommons.org/licenses/by/4.0,kepper,Tistory,Taken on 20 October 2019 14:29:52,https://commons.wikimedia.org/wiki/File%3A%ED%96%89%EB%8B%B9%EC%97%AD_-_%EB%8C%80%ED%98%84%EC%82%B0%EA%B3%B5%EC%9B%90_5.jpg,https://upload.wikimedia.org/wikipedia/commons/8/87/%ED%96%89%EB%8B%B9%EC%97%AD_-_%EB%8C%80%ED%98%84%EC%82%B0%EA%B3%B5%EC%9B%90_5.jpg,4032,3024,search:Korea park stairs,File:행당역 - 대현산공원 5.jpg
wc025_ccby40_2bb71b_행당역_대현산공원_8.jpg,CC BY 4.0,https://creativecommons.org/licenses/by/4.0,kepper,Tistory,Taken on 20 October 2019 14:35:29,https://commons.wikimedia.org/wiki/File%3A%ED%96%89%EB%8B%B9%EC%97%AD_-_%EB%8C%80%ED%98%84%EC%82%B0%EA%B3%B5%EC%9B%90_8.jpg,https://upload.wikimedia.org/wikipedia/commons/1/1f/%ED%96%89%EB%8B%B9%EC%97%AD_-_%EB%8C%80%ED%98%84%EC%82%B0%EA%B3%B5%EC%9B%90_8.jpg,4032,3024,search:Korea park stairs,File:행당역 - 대현산공원 8.jpg
wc026_cc0_88f760_20200806_165202_things_places_in_south_korea_IMG_9627.jpg,CC0,http://creativecommons.org/publicdomain/zero/1.0/deed.en,Choi Kwang-mo,Own work,2020-08-07 10:52:02,https://commons.wikimedia.org/wiki/File%3A20200806_165202_things_places_in_south_korea_IMG_9627.jpg,https://upload.wikimedia.org/wikipedia/commons/d/d7/20200806_165202_things_places_in_south_korea_IMG_9627.jpg,3024,4032,cat:Stairs in South Korea,File:20200806 165202 things places in south korea IMG 9627.jpg
wc036_ccbysa40_ebeedb_Seoul_7017_Skypark_East_Entrance.jpg,CC BY-SA 4.0,https://creativecommons.org/licenses/by-sa/4.0,Keneckert,Own work,"Taken on 21 May 2017, 16:28:15",https://commons.wikimedia.org/wiki/File%3ASeoul_7017_Skypark%2C_East_Entrance.jpg,https://upload.wikimedia.org/wikipedia/commons/4/41/Seoul_7017_Skypark%2C_East_Entrance.jpg,1200,800,cat:Seoullo 7017,"File:Seoul 7017 Skypark, East Entrance.jpg"
wc040_ccbysa40_e3e016_Jeongdong_gil_정동길_One_of_the_most_popular_pedestrian_alleys.jpg,CC BY-SA 4.0,https://creativecommons.org/licenses/by-sa/4.0,Joongwon Lee - SKKU DOA,Own work,2019-06-24 13:20:16,https://commons.wikimedia.org/wiki/File%3AJeongdong-gil_%28%EC%A0%95%EB%8F%99%EA%B8%B8%29%2C_One_of_the_most_popular_pedestrian_alleys_in_Seoul_by_the_lovers.jpg,https://upload.wikimedia.org/wikipedia/commons/4/48/Jeongdong-gil_%28%EC%A0%95%EB%8F%99%EA%B8%B8%29%2C_One_of_the_most_popular_pedestrian_alleys_in_Seoul_by_the_lovers.jpg,4032,3024,search:Korea alley street,"File:Jeongdong-gil (정동길), One of the most popular pedestrian alleys in Seoul by the lovers.jpg"
wc041_cc0_6c17b1_Jeongwangsingil_ro_Singil_dong_20240719.jpg,CC0,http://creativecommons.org/publicdomain/zero/1.0/deed.en,LandAndTree,Own work,2024-07-19,https://commons.wikimedia.org/wiki/File%3AJeongwangsingil-ro%2C_Singil-dong_20240719.jpg,https://upload.wikimedia.org/wikipedia/commons/f/f8/Jeongwangsingil-ro%2C_Singil-dong_20240719.jpg,4490,3366,cat:Sidewalks in South Korea,"File:Jeongwangsingil-ro, Singil-dong 20240719.jpg"
wc042_cc0_52052e_Okcheon_County_Jungang_ro_Okcheon_Bridge_20240730_02.jpg,CC0,http://creativecommons.org/publicdomain/zero/1.0/deed.en,LandAndTree,Own work,2024-07-30,https://commons.wikimedia.org/wiki/File%3AOkcheon_County_Jungang-ro_Okcheon_Bridge_20240730_%2802%29.jpg,https://upload.wikimedia.org/wikipedia/commons/3/33/Okcheon_County_Jungang-ro_Okcheon_Bridge_20240730_%2802%29.jpg,5328,4000,cat:Sidewalks in South Korea,File:Okcheon County Jungang-ro Okcheon Bridge 20240730 (02).jpg
wc043_cc0_ead8bb_Okcheon_County_Jungang_ro_Okcheon_Bridge_20240730_03.jpg,CC0,http://creativecommons.org/publicdomain/zero/1.0/deed.en,LandAndTree,Own work,2024-07-30,https://commons.wikimedia.org/wiki/File%3AOkcheon_County_Jungang-ro_Okcheon_Bridge_20240730_%2803%29.jpg,https://upload.wikimedia.org/wikipedia/commons/8/81/Okcheon_County_Jungang-ro_Okcheon_Bridge_20240730_%2803%29.jpg,5328,4000,cat:Sidewalks in South Korea,File:Okcheon County Jungang-ro Okcheon Bridge 20240730 (03).jpg
wc047_cc0_a694ef_Row_of_trees_on_sidewalk.jpg,CC0,http://creativecommons.org/publicdomain/zero/1.0/deed.en,최광모,Own work,2015-04-18 10:49:48,https://commons.wikimedia.org/wiki/File%3ARow_of_trees_on_sidewalk.jpg,https://upload.wikimedia.org/wikipedia/commons/5/5a/Row_of_trees_on_sidewalk.jpg,3648,5472,cat:Sidewalks in South Korea,File:Row of trees on sidewalk.jpg
wc048_ccby40_7937de_Yeonamyulgeum_ro_Sidewalk_in_Cheonan_City_20270720.jpg,CC BY 4.0,https://creativecommons.org/licenses/by/4.0,LandAndTree,Own work,2024-07-20,https://commons.wikimedia.org/wiki/File%3AYeonamyulgeum-ro_Sidewalk_in_Cheonan_City_20270720.jpg,https://upload.wikimedia.org/wikipedia/commons/f/fe/Yeonamyulgeum-ro_Sidewalk_in_Cheonan_City_20270720.jpg,4488,3368,cat:Sidewalks in South Korea,File:Yeonamyulgeum-ro Sidewalk in Cheonan City 20270720.jpg
wc049_ccbysa25_52ecfd_Around_Samneung_Park.jpg,CC BY-SA 2.5,https://creativecommons.org/licenses/by-sa/2.5,Jérôme Banal ( Eden2004 ),Own work,2005-09-10,https://commons.wikimedia.org/wiki/File%3AAround_Samneung_Park.jpg,https://upload.wikimedia.org/wikipedia/commons/4/4e/Around_Samneung_Park.jpg,2592,1944,cat:Streets in Seoul,File:Around Samneung Park.jpg
wc055_cc0_45a890_Cheonggyecheon_Seoul_Cheonggyecheon2321.jpg,CC0,http://creativecommons.org/publicdomain/zero/1.0/deed.en,lumoplank,https://www.flickr.com/photos/199350666@N08/54026212682,2024-09-28,https://commons.wikimedia.org/wiki/File%3ACheonggyecheon%2C_Seoul_-_Cheonggyecheon2321.jpg,https://upload.wikimedia.org/wikipedia/commons/0/00/Cheonggyecheon%2C_Seoul_-_Cheonggyecheon2321.jpg,5184,3456,cat:Cheonggyecheon,"File:Cheonggyecheon, Seoul - Cheonggyecheon2321.jpg"
wc065_ccbysa40_d5e921_Daejeon_Seo_gu_Munjeong_ro_20260315_01.jpg,CC BY-SA 4.0,https://creativecommons.org/licenses/by-sa/4.0,Treeinkr,Own work,2026-03-15,https://commons.wikimedia.org/wiki/File%3ADaejeon_Seo-gu_Munjeong-ro_20260315_%2801%29.jpg,https://upload.wikimedia.org/wikipedia/commons/1/1c/Daejeon_Seo-gu_Munjeong-ro_20260315_%2801%29.jpg,6000,4000,cat:Sidewalks in South Korea,File:Daejeon Seo-gu Munjeong-ro 20260315 (01).jpg
wc067_ccbysa40_5b6998_Gwanghwamun_Square_4.jpg,CC BY-SA 4.0,https://creativecommons.org/licenses/by-sa/4.0,kallerna,Own work,2022-11-29 10:55:01,https://commons.wikimedia.org/wiki/File%3AGwanghwamun_Square_4.jpg,https://upload.wikimedia.org/wikipedia/commons/9/9d/Gwanghwamun_Square_4.jpg,5000,3405,cat:Gwanghwamun Plaza,File:Gwanghwamun Square 4.jpg
wc072_ccbysa40_74112b_Insa_dong_인사동_October_1_2020_10.jpg,CC BY-SA 4.0,https://creativecommons.org/licenses/by-sa/4.0,S h y numis,Own work,2020-10-01 13:05:45,https://commons.wikimedia.org/wiki/File%3AInsa-dong_%EC%9D%B8%EC%82%AC%EB%8F%99_October_1_2020_10.jpg,https://upload.wikimedia.org/wikipedia/commons/7/74/Insa-dong_%EC%9D%B8%EC%82%AC%EB%8F%99_October_1_2020_10.jpg,6000,4000,cat:Insadong,File:Insa-dong 인사동 October 1 2020 10.jpg
wc073_ccbysa40_2a296b_Insa_dong_인사동_October_1_2020_16.jpg,CC BY-SA 4.0,https://creativecommons.org/licenses/by-sa/4.0,S h y numis,Own work,2020-10-01 13:20:00,https://commons.wikimedia.org/wiki/File%3AInsa-dong_%EC%9D%B8%EC%82%AC%EB%8F%99_October_1_2020_16.jpg,https://upload.wikimedia.org/wikipedia/commons/c/cf/Insa-dong_%EC%9D%B8%EC%82%AC%EB%8F%99_October_1_2020_16.jpg,6000,4000,cat:Insadong,File:Insa-dong 인사동 October 1 2020 16.jpg
wc074_ccbysa40_6f92aa_Insa_dong_인사동_October_1_2020_21.jpg,CC BY-SA 4.0,https://creativecommons.org/licenses/by-sa/4.0,S h y numis,Own work,2020-10-01 13:47:35,https://commons.wikimedia.org/wiki/File%3AInsa-dong_%EC%9D%B8%EC%82%AC%EB%8F%99_October_1_2020_21.jpg,https://upload.wikimedia.org/wikipedia/commons/1/14/Insa-dong_%EC%9D%B8%EC%82%AC%EB%8F%99_October_1_2020_21.jpg,5769,3845,cat:Insadong,File:Insa-dong 인사동 October 1 2020 21.jpg
wc076_ccbysa40_44b4a5_Insa_dong_인사동_October_1_2020_6.jpg,CC BY-SA 4.0,https://creativecommons.org/licenses/by-sa/4.0,S h y numis,Own work,2020-10-01 13:02,https://commons.wikimedia.org/wiki/File%3AInsa-dong_%EC%9D%B8%EC%82%AC%EB%8F%99_October_1_2020_6.png,https://upload.wikimedia.org/wikipedia/commons/3/3e/Insa-dong_%EC%9D%B8%EC%82%AC%EB%8F%99_October_1_2020_6.png,6000,4000,cat:Insadong,File:Insa-dong 인사동 October 1 2020 6.png
wc077_ccbysa40_a08cf2_Insa_dong_인사동_October_1_2020_7.jpg,CC BY-SA 4.0,https://creativecommons.org/licenses/by-sa/4.0,S h y numis,Own work,2020-10-01 13:03:11,https://commons.wikimedia.org/wiki/File%3AInsa-dong_%EC%9D%B8%EC%82%AC%EB%8F%99_October_1_2020_7.jpg,https://upload.wikimedia.org/wikipedia/commons/3/30/Insa-dong_%EC%9D%B8%EC%82%AC%EB%8F%99_October_1_2020_7.jpg,6000,4000,cat:Insadong,File:Insa-dong 인사동 October 1 2020 7.jpg
wc078_ccbysa40_f07bff_Insa_dong_인사동_October_1_2020_8.jpg,CC BY-SA 4.0,https://creativecommons.org/licenses/by-sa/4.0,S h y numis,Own work,2020-10-01 13:03:44,https://commons.wikimedia.org/wiki/File%3AInsa-dong_%EC%9D%B8%EC%82%AC%EB%8F%99_October_1_2020_8.jpg,https://upload.wikimedia.org/wikipedia/commons/6/6d/Insa-dong_%EC%9D%B8%EC%82%AC%EB%8F%99_October_1_2020_8.jpg,6000,4000,cat:Insadong,File:Insa-dong 인사동 October 1 2020 8.jpg
wc080_ccbysa40_dbd180_Bukchon_Hanok_Village_북촌_한옥마을_October_1_2020_15.jpg,CC BY-SA 4.0,https://creativecommons.org/licenses/by-sa/4.0,S h y numis,Own work,2020-10-01 15:19:13,https://commons.wikimedia.org/wiki/File%3ABukchon_Hanok_Village_%EB%B6%81%EC%B4%8C_%ED%95%9C%EC%98%A5%EB%A7%88%EC%9D%84_October_1_2020_15.jpg,https://upload.wikimedia.org/wikipedia/commons/a/a4/Bukchon_Hanok_Village_%EB%B6%81%EC%B4%8C_%ED%95%9C%EC%98%A5%EB%A7%88%EC%9D%84_October_1_2020_15.jpg,6000,4000,cat:Bukchon Hanok Village,File:Bukchon Hanok Village 북촌 한옥마을 October 1 2020 15.jpg
wc081_ccbysa40_19851c_Hongdae_Main_Road_Seoul.jpg,CC BY-SA 4.0,https://creativecommons.org/licenses/by-sa/4.0,Ken Eckert,Own work,2015-06-12 13:03:32,https://commons.wikimedia.org/wiki/File%3AHongdae_Main_Road%2C_Seoul.jpg,https://upload.wikimedia.org/wikipedia/commons/f/fd/Hongdae_Main_Road%2C_Seoul.jpg,1500,845,search:sidewalk Seoul,"File:Hongdae Main Road, Seoul.jpg"
wc083_ccbysa30_86f14b_Korea_Seoul_Changdeokgung_Donginmun_01.jpg,CC BY-SA 3.0,https://creativecommons.org/licenses/by-sa/3.0,"Alain Seguin at Flickr , from Ottawa, Canada",https://www.flickr.com/photos/alainseguin/2491889890,2008-04-15,https://commons.wikimedia.org/wiki/File%3AKorea-Seoul-Changdeokgung-Donginmun-01.jpg,https://upload.wikimedia.org/wikipedia/commons/c/c3/Korea-Seoul-Changdeokgung-Donginmun-01.jpg,4000,3000,search:stairs Seoul outdoor,File:Korea-Seoul-Changdeokgung-Donginmun-01.jpg
wc084_ccbysa40_ee344e_A_paper_wholesaler_in_Euljiro_printing_alley_paper_delivery.jpg,CC BY-SA 4.0,https://creativecommons.org/licenses/by-sa/4.0,Aaaatu,Own work,2021-10-21 14:14:52,https://commons.wikimedia.org/wiki/File%3AA_paper_wholesaler_in_Euljiro_printing_alley%2C_paper_delivery_packed_in_front_of_the_shop.jpg,https://upload.wikimedia.org/wikipedia/commons/0/0a/A_paper_wholesaler_in_Euljiro_printing_alley%2C_paper_delivery_packed_in_front_of_the_shop.jpg,4032,3024,search:Korea alley street,"File:A paper wholesaler in Euljiro printing alley, paper delivery packed in front of the shop.jpg"
wc087_ccbysa40_2cb04a_Bukchon_Hanok_Village_북촌_한옥마을_October_1_2020_10.jpg,CC BY-SA 4.0,https://creativecommons.org/licenses/by-sa/4.0,S h y numis,Own work,2020-10-01 15:03,https://commons.wikimedia.org/wiki/File%3ABukchon_Hanok_Village_%EB%B6%81%EC%B4%8C_%ED%95%9C%EC%98%A5%EB%A7%88%EC%9D%84_October_1_2020_10.png,https://upload.wikimedia.org/wikipedia/commons/b/b4/Bukchon_Hanok_Village_%EB%B6%81%EC%B4%8C_%ED%95%9C%EC%98%A5%EB%A7%88%EC%9D%84_October_1_2020_10.png,6000,4000,search:Korea alley street,File:Bukchon Hanok Village 북촌 한옥마을 October 1 2020 10.png
wc088_ccbysa40_08f8b7_Bukchon_Hanok_Village_북촌_한옥마을_October_1_2020_11.jpg,CC BY-SA 4.0,https://creativecommons.org/licenses/by-sa/4.0,S h y numis,Own work,2020-10-01 15:05:18,https://commons.wikimedia.org/wiki/File%3ABukchon_Hanok_Village_%EB%B6%81%EC%B4%8C_%ED%95%9C%EC%98%A5%EB%A7%88%EC%9D%84_October_1_2020_11.jpg,https://upload.wikimedia.org/wikipedia/commons/5/5e/Bukchon_Hanok_Village_%EB%B6%81%EC%B4%8C_%ED%95%9C%EC%98%A5%EB%A7%88%EC%9D%84_October_1_2020_11.jpg,6000,4000,search:Korea alley street,File:Bukchon Hanok Village 북촌 한옥마을 October 1 2020 11.jpg
wc091_ccbysa40_323022_Bukchon_Hanok_Village_북촌_한옥마을_October_1_2020_16.jpg,CC BY-SA 4.0,https://creativecommons.org/licenses/by-sa/4.0,S h y numis,Own work,2020-10-01 15:42:54,https://commons.wikimedia.org/wiki/File%3ABukchon_Hanok_Village_%EB%B6%81%EC%B4%8C_%ED%95%9C%EC%98%A5%EB%A7%88%EC%9D%84_October_1_2020_16.jpg,https://upload.wikimedia.org/wikipedia/commons/2/2d/Bukchon_Hanok_Village_%EB%B6%81%EC%B4%8C_%ED%95%9C%EC%98%A5%EB%A7%88%EC%9D%84_October_1_2020_16.jpg,5729,3819,search:Korea alley street,File:Bukchon Hanok Village 북촌 한옥마을 October 1 2020 16.jpg
wc093_ccbysa40_2dd1ca_Bukchon_Hanok_Village_북촌_한옥마을_October_1_2020_18.jpg,CC BY-SA 4.0,https://creativecommons.org/licenses/by-sa/4.0,S h y numis,Own work,2020-10-01 15:53,https://commons.wikimedia.org/wiki/File%3ABukchon_Hanok_Village_%EB%B6%81%EC%B4%8C_%ED%95%9C%EC%98%A5%EB%A7%88%EC%9D%84_October_1_2020_18.jpg,https://upload.wikimedia.org/wikipedia/commons/5/5f/Bukchon_Hanok_Village_%EB%B6%81%EC%B4%8C_%ED%95%9C%EC%98%A5%EB%A7%88%EC%9D%84_October_1_2020_18.jpg,6000,4000,search:Korea alley street,File:Bukchon Hanok Village 북촌 한옥마을 October 1 2020 18.jpg
wc107_ccbysa40_c20150_KAIST_s_campus_road.jpg,CC BY-SA 4.0,https://creativecommons.org/licenses/by-sa/4.0,AhmadElq,Own work,2019-09-08 16:22:36,https://commons.wikimedia.org/wiki/File%3AKAIST%27s_campus_road.jpg,https://upload.wikimedia.org/wikipedia/commons/5/5c/KAIST%27s_campus_road.jpg,3648,2736,cat:KAIST,File:KAIST's campus road.jpg
wc108_ccbysa30_1c35fa_Buildings_near_konkuk_university_01.jpg,CC BY-SA 3.0,https://creativecommons.org/licenses/by-sa/3.0,myself ( User:Piotrus ),Self-photographed,2013-04-11 10:27:57,https://commons.wikimedia.org/wiki/File%3ABuildings_near_konkuk_university_01.JPG,https://upload.wikimedia.org/wikipedia/commons/1/1c/Buildings_near_konkuk_university_01.JPG,3264,2448,cat:Streets in Seoul,File:Buildings near konkuk university 01.JPG
wc110_ccbysa20_8fdc88_Street_in_Seoul_unidentified.jpg,CC BY-SA 2.0,https://creativecommons.org/licenses/by-sa/2.0,Korea.net / Korean Culture and Information Service,https://www.flickr.com/photos/42438955@N05/5095369085/,2010-10-15 14:27:26,https://commons.wikimedia.org/wiki/File%3AStreet_in_Seoul_unidentified.jpg,https://upload.wikimedia.org/wikipedia/commons/8/8b/Street_in_Seoul_unidentified.jpg,2592,1728,cat:Streets in Seoul,File:Street in Seoul unidentified.jpg
wc115_ccbysa30_f0a0bb_Plastic_bottles_on_wooden_road.jpg,CC BY-SA 3.0,https://creativecommons.org/licenses/by-sa/3.0,Clementina,Own work,2010-09-16,https://commons.wikimedia.org/wiki/File%3APlastic_bottles_on_wooden_road.JPG,https://upload.wikimedia.org/wikipedia/commons/f/f9/Plastic_bottles_on_wooden_road.JPG,2048,1536,cat:Parks in Seoul,File:Plastic bottles on wooden road.JPG
wc129_ccbysa40_60c8e4_Bukchon_ro_11_gil_03.jpg,CC BY-SA 4.0,https://creativecommons.org/licenses/by-sa/4.0,Tristan Surtel,Own work,2019-08-01 14:11:00,https://commons.wikimedia.org/wiki/File%3ABukchon-ro_11-gil_03.jpg,https://upload.wikimedia.org/wikipedia/commons/d/d4/Bukchon-ro_11-gil_03.jpg,5856,3894,cat:Bukchon Hanok Village,File:Bukchon-ro 11-gil 03.jpg
wc130_ccbysa40_39482f_Bukchon_ro_11_gil_04.jpg,CC BY-SA 4.0,https://creativecommons.org/licenses/by-sa/4.0,Tristan Surtel,Own work,2019-08-01 14:12:57,https://commons.wikimedia.org/wiki/File%3ABukchon-ro_11-gil_04.jpg,https://upload.wikimedia.org/wikipedia/commons/4/47/Bukchon-ro_11-gil_04.jpg,5614,3733,cat:Bukchon Hanok Village,File:Bukchon-ro 11-gil 04.jpg
wc131_ccbysa40_faa870_Bukchon_ro_11_gil.jpg,CC BY-SA 4.0,https://creativecommons.org/licenses/by-sa/4.0,Tristan Surtel,Own work,2019-08-01 14:08:49,https://commons.wikimedia.org/wiki/File%3ABukchon-ro_11-gil.jpg,https://upload.wikimedia.org/wikipedia/commons/9/90/Bukchon-ro_11-gil.jpg,5927,3941,cat:Bukchon Hanok Village,File:Bukchon-ro 11-gil.jpg
wc133_ccbysa40_a2faea_Stairs_in_the_Gamcheon_Culture_Village_1.jpg,CC BY-SA 4.0,https://creativecommons.org/licenses/by-sa/4.0,Christophe95,Own work,2018-09-28 09:17:58,https://commons.wikimedia.org/wiki/File%3AStairs_in_the_Gamcheon_Culture_Village_1.jpg,https://upload.wikimedia.org/wikipedia/commons/2/2b/Stairs_in_the_Gamcheon_Culture_Village_1.jpg,3024,4032,cat:Gamcheon Culture Village,File:Stairs in the Gamcheon Culture Village 1.jpg
wc134_ccbysa40_f87edc_Stairs_in_the_Gamcheon_Culture_Village_2.jpg,CC BY-SA 4.0,https://creativecommons.org/licenses/by-sa/4.0,Christophe95,Own work,2018-09-28 09:28:19,https://commons.wikimedia.org/wiki/File%3AStairs_in_the_Gamcheon_Culture_Village_2.jpg,https://upload.wikimedia.org/wikipedia/commons/f/f2/Stairs_in_the_Gamcheon_Culture_Village_2.jpg,3024,4032,cat:Gamcheon Culture Village,File:Stairs in the Gamcheon Culture Village 2.jpg
wc135_ccby40_6b9f08_Lee_Han_Yeol_Memorial_on_Yonsei_Campus.jpg,CC BY 4.0,https://creativecommons.org/licenses/by/4.0,Thinkinglex,Own work,2024-12-17 22:29:41,https://commons.wikimedia.org/wiki/File%3ALee_Han_Yeol_Memorial_on_Yonsei_Campus.jpg,https://upload.wikimedia.org/wikipedia/commons/d/d1/Lee_Han_Yeol_Memorial_on_Yonsei_Campus.jpg,4095,2130,cat:Yonsei University,File:Lee Han Yeol Memorial on Yonsei Campus.jpg
wc136_ccbysa40_09e976_Yonsei_University_campus.jpg,CC BY-SA 4.0,https://creativecommons.org/licenses/by-sa/4.0,Christian Bolz,Own work,2015-12-13 11:53:11,https://commons.wikimedia.org/wiki/File%3AYonsei_University_campus.jpg,https://upload.wikimedia.org/wikipedia/commons/4/4e/Yonsei_University_campus.jpg,4160,2340,cat:Yonsei University,File:Yonsei University campus.jpg
wc137_ccby40_f7669b_Yonsei_University_International_Campus_Underwood_Memorial_Li.jpg,CC BY 4.0,https://creativecommons.org/licenses/by/4.0,기나ㅏㄴ,Own work,2024-05-20 10:03:56,https://commons.wikimedia.org/wiki/File%3AYonsei_University_International_Campus_Underwood_Memorial_Library.jpg,https://upload.wikimedia.org/wikipedia/commons/b/b0/Yonsei_University_International_Campus_Underwood_Memorial_Library.jpg,3343,1766,cat:Yonsei University,File:Yonsei University International Campus Underwood Memorial Library.jpg
wc140_ccbysa40_a31fec_Sidewalk_and_Yeomgokdong_Guryongsa_BS_in_Yangjaedaero_Yeomgo.jpg,CC BY-SA 4.0,https://creativecommons.org/licenses/by-sa/4.0,Jhcbs1019,Own work,2019-07-12 18:31:30,https://commons.wikimedia.org/wiki/File%3ASidewalk_and_Yeomgokdong_Guryongsa_BS_in_Yangjaedaero_Yeomgok_Crossrd-Guryongsa_Tway_IS%28Guryong_TN_Crossrd_Dir%29.jpg,https://upload.wikimedia.org/wikipedia/commons/5/52/Sidewalk_and_Yeomgokdong_Guryongsa_BS_in_Yangjaedaero_Yeomgok_Crossrd-Guryongsa_Tway_IS%28Guryong_TN_Crossrd_Dir%29.jpg,4608,3456,search:sidewalk Seoul,File:Sidewalk and Yeomgokdong Guryongsa BS in Yangjaedaero Yeomgok Crossrd-Guryongsa Tway IS(Guryong TN Crossrd Dir).jpg
wc144_kogltype1_2f9c2b_Jongno_Seoul_South_Korea_01.jpg,KOGL Type 1,http://www.kogl.or.kr/info/licenseType1.do,KOREA TOURISM ORGANIZATION (한국관광공사),한국관광공사,2016-06-18,https://commons.wikimedia.org/wiki/File%3AJongno%2C_Seoul%2C_South_Korea_01.jpg,https://upload.wikimedia.org/wikipedia/commons/2/24/Jongno%2C_Seoul%2C_South_Korea_01.jpg,7997,5331,cat:Streets in Seoul,"File:Jongno, Seoul, South Korea 01.jpg"
wc145_kogltype1_dfb314_Jongno_Seoul_South_Korea_02.jpg,KOGL Type 1,http://www.kogl.or.kr/info/licenseType1.do,KOREA TOURISM ORGANIZATION (한국관광공사),한국관광공사,2016-06-18,https://commons.wikimedia.org/wiki/File%3AJongno%2C_Seoul%2C_South_Korea_02.jpg,https://upload.wikimedia.org/wikipedia/commons/b/b3/Jongno%2C_Seoul%2C_South_Korea_02.jpg,7494,4996,cat:Streets in Seoul,"File:Jongno, Seoul, South Korea 02.jpg"
