frame_id,scene_id,tier,toggle_state,p_A1,p_B1,p_C1,p_D1,p_E1,p_A2,p_B2,p_C2,p_D2,p_E2,p_A3a,p_B3a,p_C3a,p_D3a,p_E3a,p_A3b,p_B3b,p_C3b,p_D3b,p_E3b,g_A1,g_B1,g_C1,g_D1,g_E1,g_A2,g_B2,g_C2,g_D2,g_E2,g_A3a,g_B3a,g_C3a,g_D3a,g_E3a,g_A3b,g_B3b,g_C3b,g_D3b,g_E3b
off/scene08/L0__s20260819__0000.png,scene08,off,off,0.001103,0.000566,0.000781,0.001003,0.001506,0.079917,0.084200,0.091719,0.099414,0.024634,0.466591,0.903355,0.974826,0.698783,0.086412,0.240712,0.516665,0.520506,0.254267,0.090150,0,0,0,0,0,0,0,0,0,0,0,0,0,0,0,0,0,0,0,0
off/scene08/L0__s20260819__0001.png,scene08,off,off,0.002726,0.001140,0.002169,0.001752,0.005558,0.026380,0.019700,0.018853,0.026973,0.024066,0.052323,0.113337,0.230795,0.174809,0.109317,0.121639,0.570273,0.768958,0.693959,0.189010,0,0,0,0,0,0,0,0,0,0,0,0,0,0,0,0,0,0,0,0
off/scene08/L0__s20260819__0002.png,scene08,off,off,0.002654,0.001351,0.002963,0.002247,0.005608,0.042667,0.017268,0.013120,0.021882,0.027022,0.082473,0.054774,0.130812,0.122155,0.205131,0.230202,0.773558,0.850239,0.793596,0.246309,0,0,0,0,0,0,0,0,0,0,0,0,0,0,0,0,0,0,0,0
off/scene08/L0__s20260819__0003.png,scene08,off,off,0.000152,0.000056,0.000074,0.000069,0.000126,0.002378,0.000473,0.000726,0.001055,0.000440,0.495473,0.565558,0.558769,0.045905,0.006964,0.092139,0.135314,0.162873,0.095139,0.043367,0,0,0,0,0,0,0,0,0,0,0,0,0,0,0,0,0,0,0,0
off/scene08/L0__s20260819__0004.png,scene08,off,off,0.010507,0.006315,0.015079,0.010612,0.024959,0.222747,0.157664,0.166033,0.229069,0.125337,0.069119,0.174788,0.298057,0.146660,0.070104,0.085380,0.489538,0.613598,0.359264,0.058393,0,0,0,0,0,0,0,0,0,0,0,0,0,0,0,0,0,0,0,0
off/scene08/L0__s20260819__0005.png,scene08,off,off,0.000896,0.000501,0.001058,0.000819,0.001769,0.041871,0.022033,0.024839,0.025091,0.009391,0.221170,0.463370,0.339401,0.028517,0.013136,0.309131,0.862647,0.885823,0.508020,0.093928,0,0,0,0,0,0,0,0,0,0,0,0,0,0,0,0,0,0,0,0
off/scene08/L0__s20260819__0006.png,scene08,off,off,0.000492,0.000166,0.000333,0.000298,0.001081,0.012246,0.008567,0.006392,0.007811,0.006879,0.018531,0.107051,0.269352,0.092470,0.019641,0.026512,0.246259,0.456528,0.249945,0.020884,0,0,0,0,0,0,0,0,0,0,0,0,0,0,0,0,0,0,0,0
off/scene08/L0__s20260819__0007.png,scene08,off,off,0.000014,0.000005,0.000013,0.000009,0.000026,0.000631,0.000131,0.000144,0.000130,0.000030,0.184900,0.475323,0.287638,0.001027,0.000055,0.018836,0.061598,0.039153,0.002743,0.000338,0,0,0,0,0,0,0,0,0,0,0,0,0,0,0,0,0,0,0,0
off/scene08/L5__s20260819__0000.png,scene08,off,off,0.005872,0.004336,0.005816,0.006841,0.010394,0.316583,0.368456,0.520720,0.475569,0.196316,0.133507,0.571591,0.576355,0.177846,0.042541,0.444334,0.789971,0.791412,0.466707,0.277561,0,0,0,0,0,0,0,0,0,0,0,0,0,0,0,0,0,0,0,0
off/scene08/L5__s20260819__0001.png,scene08,off,off,0.000607,0.000246,0.001054,0.000659,0.002267,0.005935,0.002295,0.002514,0.003283,0.003360,0.012298,0.007140,0.009185,0.004519,0.005894,0.055724,0.407815,0.354810,0.171422,0.015458,0,0,0,0,0,0,0,0,0,0,0,0,0,0,0,0,0,0,0,0
off/scene08/L5__s20260819__0002.png,scene08,off,off,0.000132,0.000041,0.000288,0.000138,0.000603,0.000312,0.000071,0.000084,0.000100,0.000142,0.000827,0.000103,0.000243,0.000322,0.000838,0.004648,0.044647,0.032736,0.017678,0.001081,0,0,0,0,0,0,0,0,0,0,0,0,0,0,0,0,0,0,0,0
off/scene08/L5__s20260819__0003.png,scene08,off,off,0.000116,0.000037,0.000048,0.000053,0.000091,0.003644,0.000623,0.000588,0.001050,0.000352,0.809926,0.827292,0.672602,0.051620,0.012984,0.292862,0.392264,0.431556,0.139860,0.056471,0,0,0,0,0,0,0,0,0,0,0,0,0,0,0,0,0,0,0,0
off/scene08/L5__s20260819__0004.png,scene08,off,off,0.006955,0.004400,0.012963,0.009438,0.025200,0.080021,0.035174,0.047482,0.071834,0.047720,0.058048,0.055182,0.055126,0.021316,0.020445,0.056337,0.264527,0.186745,0.073687,0.010389,0,0,0,0,0,0,0,0,0,0,0,0,0,0,0,0,0,0,0,0
off/scene08/L5__s20260819__0005.png,scene08,off,off,0.001516,0.000903,0.002238,0.001755,0.003442,0.044403,0.023767,0.027790,0.028950,0.010922,0.127198,0.224914,0.101548,0.011751,0.008777,0.270144,0.727262,0.642419,0.179681,0.036584,0,0,0,0,0,0,0,0,0,0,0,0,0,0,0,0,0,0,0,0
off/scene08/L5__s20260819__0006.png,scene08,off,off,0.000293,0.000142,0.000461,0.000362,0.001400,0.009957,0.006163,0.005279,0.005350,0.005604,0.002719,0.009988,0.025813,0.008332,0.003561,0.007356,0.134860,0.247528,0.109292,0.004078,0,0,0,0,0,0,0,0,0,0,0,0,0,0,0,0,0,0,0,0
off/scene08/L5__s20260819__0007.png,scene08,off,off,0.000112,0.000061,0.000105,0.000108,0.000194,0.003130,0.000894,0.001805,0.001334,0.000639,0.029339,0.151589,0.085651,0.002675,0.000462,0.053530,0.191652,0.144184,0.018137,0.006425,0,0,0,0,0,0,0,0,0,0,0,0,0,0,0,0,0,0,0,0
off/scene08/L7__s20260819__0000.png,scene08,off,off,0.002791,0.001621,0.002667,0.002936,0.005581,0.159741,0.136562,0.162394,0.182701,0.072637,0.208856,0.540579,0.637637,0.241997,0.053485,0.219107,0.627129,0.625079,0.301292,0.087992,0,0,0,0,0,0,0,0,0,0,0,0,0,0,0,0,0,0,0,0
off/scene08/L7__s20260819__0001.png,scene08,off,off,0.000451,0.000146,0.000754,0.000449,0.001654,0.007240,0.003467,0.004116,0.004350,0.003051,0.013941,0.012501,0.011938,0.004782,0.005213,0.064685,0.501391,0.397911,0.153203,0.012193,0,0,0,0,0,0,0,0,0,0,0,0,0,0,0,0,0,0,0,0
off/scene08/L7__s20260819__0002.png,scene08,off,off,0.000253,0.000094,0.000359,0.000249,0.000864,0.004646,0.001618,0.001355,0.001837,0.002075,0.012513,0.006143,0.006712,0.006028,0.017548,0.128903,0.702094,0.631123,0.348784,0.039850,0,0,0,0,0,0,0,0,0,0,0,0,0,0,0,0,0,0,0,0
off/scene08/L7__s20260819__0003.png,scene08,off,off,0.000076,0.000028,0.000046,0.000044,0.000084,0.001589,0.000371,0.000569,0.000750,0.000318,0.283796,0.338491,0.275437,0.018004,0.003631,0.081832,0.175880,0.152888,0.064853,0.025806,0,0,0,0,0,0,0,0,0,0,0,0,0,0,0,0,0,0,0,0
off/scene08/L7__s20260819__0004.png,scene08,off,off,0.006963,0.004055,0.009346,0.006710,0.015169,0.221557,0.190631,0.207195,0.282808,0.165624,0.140098,0.345447,0.451077,0.266907,0.154312,0.234425,0.807941,0.835112,0.678021,0.167259,0,0,0,0,0,0,0,0,0,0,0,0,0,0,0,0,0,0,0,0
off/scene08/L7__s20260819__0005.png,scene08,off,off,0.001126,0.000621,0.001266,0.001109,0.002271,0.068802,0.039197,0.048061,0.047932,0.016041,0.519042,0.771791,0.619619,0.076495,0.030353,0.532871,0.928706,0.915379,0.588160,0.148104,0,0,0,0,0,0,0,0,0,0,0,0,0,0,0,0,0,0,0,0
off/scene08/L7__s20260819__0006.png,scene08,off,off,0.000118,0.000042,0.000133,0.000113,0.000432,0.001806,0.001284,0.000847,0.001004,0.000853,0.002048,0.004373,0.010820,0.005362,0.002408,0.007285,0.064195,0.108835,0.036602,0.003351,0,0,0,0,0,0,0,0,0,0,0,0,0,0,0,0,0,0,0,0
off/scene08/L7__s20260819__0007.png,scene08,off,off,0.000046,0.000019,0.000068,0.000049,0.000184,0.002686,0.000743,0.000922,0.000834,0.000222,0.027155,0.106147,0.060193,0.000909,0.000094,0.008212,0.095677,0.090047,0.007217,0.000304,0,0,0,0,0,0,0,0,0,0,0,0,0,0,0,0,0,0,0,0
off/scene20/L0__s20260819__0000.png,scene20,off,off,0.000105,0.000108,0.000299,0.000201,0.000649,0.000291,0.000257,0.000246,0.000251,0.000172,0.000297,0.000614,0.001085,0.000320,0.000098,0.001826,0.002888,0.003354,0.000428,0.000132,0,0,0,0,0,0,0,0,0,0,0,0,0,0,0,0,0,0,0,0
off/scene20/L0__s20260819__0001.png,scene20,off,off,0.000001,0.000000,0.000001,0.000000,0.000002,0.000002,0.000000,0.000000,0.000001,0.000000,0.000018,0.000003,0.000009,0.000004,0.000001,0.005010,0.001941,0.002685,0.000383,0.000267,0,0,0,0,0,0,0,0,0,0,0,0,0,0,0,0,0,0,0,0
off/scene20/L0__s20260819__0002.png,scene20,off,off,0.000002,0.000001,0.000002,0.000000,0.000004,0.000002,0.000000,0.000000,0.000000,0.000001,0.000033,0.000001,0.000004,0.000003,0.000002,0.006669,0.005197,0.006597,0.001513,0.000436,0,0,0,0,0,0,0,0,0,0,0,0,0,0,0,0,0,0,0,0
off/scene20/L0__s20260819__0003.png,scene20,off,off,0.000397,0.000316,0.000741,0.000589,0.001650,0.000745,0.000686,0.000573,0.000823,0.000682,0.000879,0.001313,0.005955,0.002825,0.000792,0.002690,0.003071,0.005170,0.001307,0.000458,0,0,0,0,0,0,0,0,0,0,0,0,0,0,0,0,0,0,0,0
off/scene20/L0__s20260819__0004.png,scene20,off,off,0.000003,0.000002,0.000007,0.000002,0.000015,0.000014,0.000004,0.000002,0.000004,0.000005,0.000047,0.000024,0.000029,0.000007,0.000003,0.002828,0.010125,0.006988,0.000472,0.000096,0,0,0,0,0,0,0,0,0,0,0,0,0,0,0,0,0,0,0,0
off/scene20/L0__s20260819__0005.png,scene20,off,off,0.000002,0.000001,0.000003,0.000001,0.000005,0.000007,0.000001,0.000000,0.000001,0.000001,0.000763,0.000083,0.000086,0.000012,0.000004,0.026247,0.012798,0.007737,0.000647,0.000550,0,0,0,0,0,0,0,0,0,0,0,0,0,0,0,0,0,0,0,0
off/scene20/L0__s20260819__0006.png,scene20,off,off,0.000000,0.000000,0.000000,0.000000,0.000000,0.000000,0.000000,0.000000,0.000000,0.000000,0.000001,0.000000,0.000001,0.000000,0.000000,0.000283,0.000203,0.000301,0.000019,0.000006,0,0,0,0,0,0,0,0,0,0,0,0,0,0,0,0,0,0,0,0
off/scene20/L0__s20260819__0007.png,scene20,off,off,0.000068,0.000072,0.000195,0.000084,0.000357,0.000466,0.000283,0.000209,0.000327,0.000222,0.000840,0.000535,0.000404,0.000128,0.000065,0.021024,0.055127,0.029701,0.002512,0.000859,0,0,0,0,0,0,0,0,0,0,0,0,0,0,0,0,0,0,0,0
off/scene20/L5__s20260819__0000.png,scene20,off,off,0.000104,0.000086,0.000140,0.000133,0.000272,0.000888,0.000699,0.000721,0.000674,0.000327,0.003499,0.006161,0.007227,0.001392,0.000602,0.040794,0.046362,0.016507,0.002455,0.002209,0,0,0,0,0,0,0,0,0,0,0,0,0,0,0,0,0,0,0,0
off/scene20/L5__s20260819__0001.png,scene20,off,off,0.000010,0.000004,0.000009,0.000002,0.000014,0.000044,0.000008,0.000003,0.000013,0.000008,0.001021,0.000101,0.000208,0.000077,0.000029,0.095678,0.043373,0.020851,0.003988,0.003995,0,0,0,0,0,0,0,0,0,0,0,0,0,0,0,0,0,0,0,0
off/scene20/L5__s20260819__0002.png,scene20,off,off,0.000006,0.000002,0.000004,0.000001,0.000006,0.000013,0.000002,0.000001,0.000003,0.000003,0.000674,0.000048,0.000197,0.000078,0.000030,0.090684,0.030856,0.017360,0.005833,0.005492,0,0,0,0,0,0,0,0,0,0,0,0,0,0,0,0,0,0,0,0
off/scene20/L5__s20260819__0003.png,scene20,off,off,0.000829,0.000505,0.001079,0.001162,0.002435,0.001954,0.003073,0.002539,0.003694,0.002209,0.002412,0.006155,0.037470,0.029578,0.007990,0.004969,0.003137,0.004800,0.002154,0.001735,0,0,0,0,0,0,0,0,0,0,0,0,0,0,0,0,0,0,0,0
off/scene20/L5__s20260819__0004.png,scene20,off,off,0.000037,0.000025,0.000080,0.000036,0.000125,0.000435,0.000231,0.000154,0.000245,0.000200,0.000972,0.000731,0.000908,0.000296,0.000145,0.016359,0.029826,0.017158,0.002216,0.001072,0,0,0,0,0,0,0,0,0,0,0,0,0,0,0,0,0,0,0,0
off/scene20/L5__s20260819__0005.png,scene20,off,off,0.000007,0.000003,0.000006,0.000002,0.000009,0.000020,0.000002,0.000001,0.000003,0.000003,0.005722,0.000664,0.000953,0.000123,0.000041,0.063916,0.020835,0.007387,0.001333,0.002062,0,0,0,0,0,0,0,0,0,0,0,0,0,0,0,0,0,0,0,0
off/scene20/L5__s20260819__0006.png,scene20,off,off,0.000001,0.000000,0.000001,0.000000,0.000003,0.000007,0.000002,0.000001,0.000002,0.000001,0.000054,0.000042,0.000131,0.000042,0.000007,0.002191,0.002035,0.002364,0.000300,0.000125,0,0,0,0,0,0,0,0,0,0,0,0,0,0,0,0,0,0,0,0
off/scene20/L5__s20260819__0007.png,scene20,off,off,0.000216,0.000195,0.000373,0.000221,0.000526,0.004309,0.002833,0.002434,0.003567,0.001228,0.018286,0.016847,0.008867,0.001549,0.000665,0.272541,0.371320,0.097264,0.012033,0.013072,0,0,0,0,0,0,0,0,0,0,0,0,0,0,0,0,0,0,0,0
off/scene20/L7__s20260819__0000.png,scene20,off,off,0.000080,0.000077,0.000194,0.000141,0.000466,0.000162,0.000139,0.000127,0.000132,0.000103,0.000181,0.000332,0.000734,0.000271,0.000094,0.001233,0.001881,0.002520,0.000448,0.000144,0,0,0,0,0,0,0,0,0,0,0,0,0,0,0,0,0,0,0,0
off/scene20/L7__s20260819__0001.png,scene20,off,off,0.000001,0.000000,0.000001,0.000000,0.000003,0.000002,0.000000,0.000000,0.000001,0.000001,0.000021,0.000002,0.000008,0.000004,0.000001,0.004813,0.001846,0.002660,0.000517,0.000329,0,0,0,0,0,0,0,0,0,0,0,0,0,0,0,0,0,0,0,0
off/scene20/L7__s20260819__0002.png,scene20,off,off,0.000004,0.000001,0.000004,0.000001,0.000009,0.000004,0.000000,0.000000,0.000001,0.000002,0.000058,0.000002,0.000007,0.000006,0.000004,0.006947,0.005733,0.007266,0.002121,0.000558,0,0,0,0,0,0,0,0,0,0,0,0,0,0,0,0,0,0,0,0
off/scene20/L7__s20260819__0003.png,scene20,off,off,0.000563,0.000414,0.000956,0.000793,0.002143,0.001107,0.001045,0.000844,0.001270,0.001037,0.001326,0.001879,0.008186,0.004348,0.001252,0.003712,0.003943,0.005950,0.001648,0.000671,0,0,0,0,0,0,0,0,0,0,0,0,0,0,0,0,0,0,0,0
off/scene20/L7__s20260819__0004.png,scene20,off,off,0.000002,0.000001,0.000005,0.000002,0.000011,0.000006,0.000002,0.000001,0.000001,0.000002,0.000012,0.000005,0.000007,0.000002,0.000001,0.001144,0.004715,0.004481,0.000322,0.000058,0,0,0,0,0,0,0,0,0,0,0,0,0,0,0,0,0,0,0,0
off/scene20/L7__s20260819__0005.png,scene20,off,off,0.000003,0.000002,0.000004,0.000001,0.000007,0.000008,0.000001,0.000001,0.000002,0.000002,0.000971,0.000071,0.000081,0.000014,0.000006,0.028747,0.013095,0.008388,0.000993,0.000876,0,0,0,0,0,0,0,0,0,0,0,0,0,0,0,0,0,0,0,0
off/scene20/L7__s20260819__0006.png,scene20,off,off,0.000000,0.000000,0.000000,0.000000,0.000000,0.000000,0.000000,0.000000,0.000000,0.000000,0.000004,0.000001,0.000002,0.000001,0.000000,0.000808,0.000398,0.000493,0.000069,0.000028,0,0,0,0,0,0,0,0,0,0,0,0,0,0,0,0,0,0,0,0
off/scene20/L7__s20260819__0007.png,scene20,off,off,0.000140,0.000139,0.000360,0.000183,0.000732,0.000825,0.000522,0.000413,0.000662,0.000455,0.001235,0.000743,0.000669,0.000275,0.000161,0.018242,0.044949,0.028987,0.003766,0.001250,0,0,0,0,0,0,0,0,0,0,0,0,0,0,0,0,0,0,0,0
off/sceneD3/L0__s20260819__0000.png,sceneD3,off,off,0.000072,0.000039,0.000215,0.000148,0.000246,0.002610,0.000670,0.000470,0.000625,0.000565,0.030876,0.009827,0.004692,0.000239,0.001029,0.352670,0.857288,0.677429,0.048772,0.004110,0,0,0,0,0,0,0,0,0,0,0,0,0,0,0,0,0,0,0,0
off/sceneD3/L0__s20260819__0001.png,sceneD3,off,off,0.001035,0.000666,0.001936,0.001608,0.002956,0.018946,0.006135,0.003279,0.006795,0.007002,0.148112,0.093251,0.144927,0.028326,0.024139,0.125111,0.342958,0.462448,0.068568,0.012233,0,0,0,0,0,0,0,0,0,0,0,0,0,0,0,0,0,0,0,0
off/sceneD3/L0__s20260819__0002.png,sceneD3,off,off,0.000072,0.000028,0.000233,0.000092,0.000288,0.000601,0.000358,0.000343,0.000302,0.000237,0.001551,0.000543,0.001614,0.000280,0.000590,0.014550,0.073265,0.076174,0.017452,0.001187,0,0,0,0,0,0,0,0,0,0,0,0,0,0,0,0,0,0,0,0
off/sceneD3/L0__s20260819__0003.png,sceneD3,off,off,0.001045,0.000474,0.002579,0.001248,0.003878,0.035945,0.018755,0.018443,0.016932,0.009373,0.047170,0.089864,0.143937,0.011815,0.004095,0.062022,0.517765,0.598353,0.123133,0.004614,0,0,0,0,0,0,0,0,0,0,0,0,0,0,0,0,0,0,0,0
off/sceneD3/L0__s20260819__0004.png,sceneD3,off,off,0.000163,0.000087,0.000526,0.000267,0.000604,0.002630,0.001038,0.000884,0.001085,0.000997,0.013544,0.002895,0.004519,0.000748,0.003394,0.122093,0.649392,0.595878,0.116902,0.006135,0,0,0,0,0,0,0,0,0,0,0,0,0,0,0,0,0,0,0,0
off/sceneD3/L0__s20260819__0005.png,sceneD3,off,off,0.000537,0.000259,0.001053,0.000823,0.001631,0.005955,0.004699,0.004673,0.005531,0.003096,0.016243,0.007395,0.014595,0.005102,0.010071,0.046823,0.136626,0.110389,0.033718,0.006423,0,0,0,0,0,0,0,0,0,0,0,0,0,0,0,0,0,0,0,0
off/sceneD3/L0__s20260819__0006.png,sceneD3,off,off,0.000311,0.000169,0.000858,0.000468,0.000953,0.003722,0.002166,0.002301,0.002533,0.001426,0.018380,0.003238,0.004785,0.001062,0.004083,0.169742,0.497352,0.280111,0.083457,0.012303,0,0,0,0,0,0,0,0,0,0,0,0,0,0,0,0,0,0,0,0
off/sceneD3/L0__s20260819__0007.png,sceneD3,off,off,0.006461,0.004207,0.008230,0.007877,0.014380,0.252867,0.313458,0.270990,0.332382,0.197749,0.483073,0.832711,0.908544,0.644689,0.381793,0.655942,0.948094,0.970918,0.887134,0.475263,0,0,0,0,0,0,0,0,0,0,0,0,0,0,0,0,0,0,0,0
off/sceneD3/L5__s20260819__0000.png,sceneD3,off,off,0.000048,0.000031,0.000169,0.000117,0.000174,0.001702,0.000420,0.000434,0.000443,0.000279,0.032303,0.013173,0.003373,0.000127,0.000503,0.521041,0.901649,0.633326,0.031226,0.004747,0,0,0,0,0,0,0,0,0,0,0,0,0,0,0,0,0,0,0,0
off/sceneD3/L5__s20260819__0001.png,sceneD3,off,off,0.000179,0.000098,0.000356,0.000296,0.000603,0.003018,0.000882,0.000572,0.000902,0.000543,0.047972,0.035744,0.036486,0.003042,0.001647,0.062071,0.122473,0.091104,0.004469,0.001603,0,0,0,0,0,0,0,0,0,0,0,0,0,0,0,0,0,0,0,0
off/sceneD3/L5__s20260819__0002.png,sceneD3,off,off,0.000094,0.000037,0.000274,0.000100,0.000255,0.001170,0.000867,0.001013,0.000765,0.000510,0.005772,0.001586,0.004700,0.000829,0.002663,0.133588,0.596390,0.559462,0.232460,0.021101,0,0,0,0,0,0,0,0,0,0,0,0,0,0,0,0,0,0,0,0
off/sceneD3/L5__s20260819__0003.png,sceneD3,off,off,0.000678,0.000284,0.001056,0.000554,0.001383,0.034491,0.024173,0.027585,0.021609,0.011771,0.113667,0.266447,0.286933,0.030424,0.016196,0.528394,0.957888,0.962829,0.732073,0.138244,0,0,0,0,0,0,0,0,0,0,0,0,0,0,0,0,0,0,0,0
off/sceneD3/L5__s20260819__0004.png,sceneD3,off,off,0.000018,0.000009,0.000042,0.000026,0.000068,0.000131,0.000086,0.000071,0.000082,0.000060,0.000660,0.000463,0.001117,0.000332,0.000713,0.021449,0.181663,0.385150,0.067547,0.004206,0,0,0,0,0,0,0,0,0,0,0,0,0,0,0,0,0,0,0,0
off/sceneD3/L5__s20260819__0005.png,sceneD3,off,off,0.000359,0.000165,0.000570,0.000453,0.000771,0.009881,0.009784,0.010552,0.010499,0.004031,0.073661,0.068930,0.083055,0.015550,0.023684,0.455708,0.813267,0.684154,0.292171,0.088040,0,0,0,0,0,0,0,0,0,0,0,0,0,0,0,0,0,0,0,0
off/sceneD3/L5__s20260819__0006.png,sceneD3,off,off,0.000054,0.000027,0.000186,0.000098,0.000176,0.000918,0.000442,0.000443,0.000427,0.000194,0.006852,0.001209,0.000671,0.000091,0.000461,0.271038,0.688147,0.234038,0.027385,0.005446,0,0,0,0,0,0,0,0,0,0,0,0,0,0,0,0,0,0,0,0
off/sceneD3/L5__s20260819__0007.png,sceneD3,off,off,0.001890,0.001080,0.002369,0.002177,0.004699,0.039112,0.036566,0.034784,0.047084,0.022471,0.138499,0.318364,0.354641,0.136240,0.066548,0.280018,0.623928,0.630041,0.274258,0.097176,0,0,0,0,0,0,0,0,0,0,0,0,0,0,0,0,0,0,0,0
off/sceneD3/L7__s20260819__0000.png,sceneD3,off,off,0.000034,0.000019,0.000089,0.000071,0.000145,0.000458,0.000149,0.000135,0.000158,0.000116,0.003625,0.002397,0.000847,0.000101,0.000242,0.061543,0.247920,0.134588,0.006796,0.000882,0,0,0,0,0,0,0,0,0,0,0,0,0,0,0,0,0,0,0,0
off/sceneD3/L7__s20260819__0001.png,sceneD3,off,off,0.000167,0.000105,0.000340,0.000321,0.000739,0.001280,0.000519,0.000291,0.000526,0.000508,0.008944,0.006736,0.010032,0.002430,0.002002,0.014707,0.045734,0.081512,0.009671,0.001891,0,0,0,0,0,0,0,0,0,0,0,0,0,0,0,0,0,0,0,0
off/sceneD3/L7__s20260819__0002.png,sceneD3,off,off,0.000005,0.000002,0.000021,0.000008,0.000031,0.000016,0.000010,0.000008,0.000006,0.000005,0.000028,0.000014,0.000036,0.000007,0.000015,0.001045,0.003657,0.003884,0.000782,0.000083,0,0,0,0,0,0,0,0,0,0,0,0,0,0,0,0,0,0,0,0
off/sceneD3/L7__s20260819__0003.png,sceneD3,off,off,0.000066,0.000033,0.000214,0.000113,0.000476,0.000156,0.000100,0.000094,0.000075,0.000049,0.000165,0.000236,0.000357,0.000086,0.000053,0.000583,0.003594,0.007902,0.000831,0.000046,0,0,0,0,0,0,0,0,0,0,0,0,0,0,0,0,0,0,0,0
off/sceneD3/L7__s20260819__0004.png,sceneD3,off,off,0.000025,0.000013,0.000105,0.000050,0.000150,0.000150,0.000065,0.000054,0.000055,0.000044,0.000410,0.000139,0.000235,0.000044,0.000120,0.004993,0.053956,0.067343,0.004667,0.000171,0,0,0,0,0,0,0,0,0,0,0,0,0,0,0,0,0,0,0,0
off/sceneD3/L7__s20260819__0005.png,sceneD3,off,off,0.000041,0.000021,0.000090,0.000073,0.000176,0.000105,0.000104,0.000097,0.000085,0.000046,0.000159,0.000173,0.000373,0.000141,0.000153,0.001104,0.002034,0.002381,0.000675,0.000162,0,0,0,0,0,0,0,0,0,0,0,0,0,0,0,0,0,0,0,0
off/sceneD3/L7__s20260819__0006.png,sceneD3,off,off,0.000015,0.000008,0.000050,0.000026,0.000071,0.000036,0.000022,0.000018,0.000017,0.000011,0.000078,0.000026,0.000060,0.000016,0.000032,0.001829,0.004308,0.002699,0.000682,0.000127,0,0,0,0,0,0,0,0,0,0,0,0,0,0,0,0,0,0,0,0
off/sceneD3/L7__s20260819__0007.png,sceneD3,off,off,0.003606,0.001970,0.004008,0.003816,0.009576,0.066166,0.083011,0.062777,0.105095,0.060325,0.138030,0.296771,0.342855,0.215945,0.170945,0.218093,0.726361,0.812475,0.624796,0.160163,0,0,0,0,0,0,0,0,0,0,0,0,0,0,0,0,0,0,0,0
on/scene08/L0__s20260819__0000.png,scene08,V,on,0.003995,0.001966,0.002297,0.002747,0.003405,0.473243,0.545808,0.494232,0.578956,0.266578,0.916392,0.994391,0.998775,0.971912,0.674155,0.836779,0.944356,0.968904,0.866899,0.751813,0,0,0,0,0,1,1,1,1,1,1,1,1,1,1,1,1,1,1,1
on/scene08/L0__s20260819__0001.png,scene08,V,on,0.007091,0.003806,0.005431,0.004797,0.009743,0.690326,0.658059,0.364485,0.523120,0.392116,0.813412,0.980601,0.986916,0.885517,0.752627,0.878668,0.991339,0.998292,0.979898,0.872668,1,1,1,1,1,1,1,1,1,1,1,1,1,1,1,1,1,1,1,1
on/scene08/L0__s20260819__0002.png,scene08,V,on,0.003675,0.001914,0.002565,0.002789,0.004906,0.890447,0.913611,0.743672,0.841540,0.662963,0.786055,0.994850,0.998558,0.973592,0.889232,0.923495,0.997663,0.999797,0.997397,0.962173,0,0,0,0,0,1,1,1,1,1,1,1,1,1,1,1,1,1,1,1
on/scene08/L0__s20260819__0003.png,scene08,H_weak,on,0.000212,0.000070,0.000051,0.000058,0.000098,0.009362,0.003437,0.003241,0.005311,0.001833,0.832153,0.955821,0.974854,0.423550,0.052100,0.472998,0.686236,0.792158,0.571622,0.378558,0,0,0,0,0,0,0,0,0,0,0,0,0,0,0,1,1,1,1,0
on/scene08/L0__s20260819__0004.png,scene08,V,on,0.018843,0.009942,0.013775,0.012997,0.026074,0.690160,0.615986,0.456598,0.620778,0.467194,0.364668,0.854749,0.954632,0.820734,0.490509,0.364655,0.884913,0.969018,0.878432,0.447012,0,0,0,0,0,0,0,0,0,0,0,0,0,0,0,1,1,1,0,0
on/scene08/L0__s20260819__0005.png,scene08,V,on,0.013060,0.008905,0.016101,0.014282,0.028947,0.969834,0.982598,0.961163,0.978367,0.887207,0.564229,0.993781,0.998067,0.973162,0.753207,0.720037,0.983764,0.998976,0.988067,0.809090,1,1,1,1,0,1,1,1,1,1,1,1,1,1,1,1,1,1,1,1
on/scene08/L0__s20260819__0006.png,scene08,V,on,0.001842,0.000846,0.000859,0.001064,0.001937,0.389811,0.549826,0.443501,0.495561,0.245707,0.854862,0.995352,0.997833,0.978816,0.811757,0.955443,0.995686,0.998518,0.989820,0.953188,0,0,0,0,0,1,1,1,1,1,1,1,1,1,1,1,1,1,1,1
on/scene08/L0__s20260819__0007.png,scene08,V,on,0.000350,0.000178,0.000111,0.000139,0.000185,0.088146,0.061402,0.068092,0.087728,0.016359,0.991180,0.999184,0.999055,0.865289,0.228922,0.888582,0.911627,0.923828,0.759677,0.724785,0,0,0,0,0,1,1,1,1,0,1,1,1,1,1,1,1,1,1,1
on/scene08/L5__s20260819__0000.png,scene08,V,on,0.011027,0.008271,0.008876,0.011701,0.011928,0.857439,0.937034,0.950004,0.956944,0.841839,0.878970,0.993011,0.995272,0.966451,0.912311,0.991021,0.998526,0.999398,0.996968,0.995996,0,0,0,0,0,1,1,1,1,1,1,1,1,1,1,1,1,1,1,1
on/scene08/L5__s20260819__0001.png,scene08,V,on,0.022484,0.012367,0.021497,0.018219,0.032693,0.787128,0.727134,0.463463,0.699793,0.531362,0.757124,0.950251,0.959009,0.842692,0.709206,0.746041,0.953424,0.982685,0.908130,0.692983,1,1,1,1,1,1,1,1,1,1,1,1,1,1,1,1,1,1,1,1
on/scene08/L5__s20260819__0002.png,scene08,V,on,0.007243,0.003793,0.005070,0.005734,0.011379,0.896900,0.899466,0.731120,0.853495,0.735448,0.721282,0.986756,0.995147,0.949619,0.827191,0.814876,0.991534,0.998273,0.991706,0.889777,0,0,0,0,0,1,1,1,1,1,1,1,1,1,1,1,1,1,1,1
on/scene08/L5__s20260819__0003.png,scene08,H_weak,on,0.000147,0.000041,0.000028,0.000034,0.000058,0.009931,0.002794,0.001752,0.003428,0.001485,0.956089,0.982305,0.974891,0.462032,0.127282,0.801617,0.929530,0.963429,0.851110,0.662505,0,0,0,0,0,0,0,0,0,0,0,0,0,0,0,1,1,1,1,0
on/scene08/L5__s20260819__0004.png,scene08,V,on,0.011175,0.006417,0.009967,0.009503,0.020992,0.530324,0.421859,0.329385,0.506271,0.404309,0.462728,0.808052,0.891552,0.637328,0.423578,0.476058,0.914273,0.942170,0.850347,0.387281,0,0,0,0,0,0,0,0,0,0,0,0,0,0,0,1,1,1,0,0
on/scene08/L5__s20260819__0005.png,scene08,V,on,0.017647,0.012499,0.015642,0.015781,0.026744,0.922672,0.952033,0.908321,0.950569,0.829240,0.700269,0.989644,0.994623,0.967411,0.854075,0.783501,0.972298,0.995860,0.981597,0.897396,1,1,1,1,0,1,1,1,1,1,1,1,1,1,1,1,1,1,1,1
on/scene08/L5__s20260819__0006.png,scene08,V,on,0.008319,0.006795,0.007395,0.010155,0.017135,0.869222,0.930680,0.901360,0.931410,0.822075,0.840922,0.993897,0.997150,0.980584,0.902417,0.915796,0.992985,0.996685,0.990159,0.934860,0,0,0,0,0,1,1,1,1,1,1,1,1,1,1,1,1,1,1,1
on/scene08/L5__s20260819__0007.png,scene08,V,on,0.003049,0.001948,0.001137,0.002040,0.002367,0.512436,0.627172,0.739589,0.772342,0.428575,0.929132,0.995524,0.993800,0.942806,0.769699,0.953195,0.983346,0.992802,0.979757,0.980806,0,0,0,0,0,1,1,1,1,0,1,1,1,1,1,1,1,1,1,1
on/scene08/L7__s20260819__0000.png,scene08,V,on,0.011645,0.007468,0.007212,0.010383,0.012318,0.778353,0.865017,0.833437,0.888292,0.714451,0.937608,0.994244,0.997447,0.977139,0.903640,0.958771,0.990517,0.993794,0.977233,0.959728,0,0,0,0,0,1,1,1,1,1,1,1,1,1,1,1,1,1,1,1
on/scene08/L7__s20260819__0001.png,scene08,V,on,0.010306,0.004477,0.007054,0.007500,0.014245,0.618937,0.589164,0.333394,0.547199,0.350682,0.614498,0.945629,0.967295,0.890468,0.673402,0.594899,0.927186,0.979231,0.914622,0.636892,1,1,1,1,1,1,1,1,1,1,1,1,1,1,1,1,1,1,1,1
on/scene08/L7__s20260819__0002.png,scene08,V,on,0.009052,0.004258,0.004508,0.005663,0.010244,0.878813,0.898191,0.702717,0.854087,0.682941,0.778097,0.991222,0.995548,0.972098,0.885339,0.815709,0.985992,0.996843,0.987035,0.902244,0,0,0,0,0,1,1,1,1,1,1,1,1,1,1,1,1,1,1,1
on/scene08/L7__s20260819__0003.png,scene08,H_weak,on,0.000410,0.000148,0.000114,0.000144,0.000226,0.014961,0.006288,0.006179,0.011747,0.005118,0.786612,0.897846,0.940233,0.458968,0.133535,0.429994,0.700550,0.771927,0.702119,0.505157,0,0,0,0,0,0,0,0,0,0,0,0,0,0,0,1,1,1,1,0
on/scene08/L7__s20260819__0004.png,scene08,V,on,0.021642,0.011325,0.015095,0.014958,0.028633,0.590667,0.589652,0.463255,0.641989,0.528959,0.399160,0.833750,0.934916,0.876235,0.671193,0.388969,0.871420,0.947759,0.901004,0.545117,0,0,0,0,0,0,0,0,0,0,0,0,0,0,0,1,1,1,0,0
on/scene08/L7__s20260819__0005.png,scene08,V,on,0.013752,0.008603,0.011185,0.013093,0.026545,0.880840,0.914086,0.847593,0.920229,0.729365,0.575495,0.986241,0.993893,0.956300,0.648378,0.442662,0.875865,0.982676,0.933672,0.561608,1,1,1,1,0,1,1,1,1,1,1,1,1,1,1,1,1,1,1,1
on/scene08/L7__s20260819__0006.png,scene08,V,on,0.003742,0.001940,0.001720,0.002516,0.004314,0.570609,0.751051,0.666083,0.745088,0.486682,0.807778,0.993650,0.997213,0.984861,0.888045,0.935027,0.993650,0.997667,0.992652,0.969518,0,0,0,0,0,1,1,1,1,1,1,1,1,1,1,1,1,1,1,1
on/scene08/L7__s20260819__0007.png,scene08,V,on,0.002631,0.001980,0.001297,0.001838,0.003339,0.487173,0.414208,0.477046,0.558694,0.206450,0.952322,0.995224,0.994147,0.860300,0.307429,0.578464,0.793868,0.837656,0.692024,0.451238,0,0,0,0,0,1,1,1,1,0,1,1,1,1,1,1,1,1,1,1
on/scene20/L0__s20260819__0000.png,scene20,V,on,0.239097,0.360318,0.392350,0.351459,0.439572,0.936542,0.948907,0.946189,0.973748,0.916447,0.576637,0.872179,0.953824,0.863312,0.564852,0.398650,0.614479,0.799218,0.565883,0.183973,0,0,0,0,0,0,0,0,0,0,0,1,1,0,1,1,1,1,1,1
on/scene20/L0__s20260819__0001.png,scene20,V,on,0.077136,0.118712,0.101500,0.134090,0.148369,0.863056,0.980889,0.989757,0.990875,0.895818,0.792139,0.984022,0.990112,0.974573,0.810137,0.903005,0.937571,0.938400,0.911996,0.898183,0,0,0,0,0,0,0,0,0,0,1,1,1,0,1,1,1,1,1,1
on/scene20/L0__s20260819__0002.png,scene20,V,on,0.029369,0.027015,0.026282,0.032865,0.047462,0.903609,0.950042,0.942322,0.953699,0.857443,0.773457,0.992357,0.997337,0.960617,0.596943,0.814118,0.977998,0.993649,0.959688,0.675635,0,0,0,0,0,0,0,0,0,0,0,0,0,0,0,1,1,1,1,1
on/scene20/L0__s20260819__0003.png,scene20,V,on,0.166584,0.235871,0.229783,0.258814,0.296351,0.934317,0.965786,0.972305,0.984231,0.931608,0.700468,0.960408,0.987396,0.956482,0.746172,0.623121,0.761945,0.870918,0.719564,0.485107,0,0,0,0,0,0,0,0,0,0,1,1,1,1,1,1,1,1,1,1
on/scene20/L0__s20260819__0004.png,scene20,none_in_fov,on,0.004400,0.004354,0.005135,0.005597,0.009633,0.707895,0.838450,0.801849,0.826815,0.506019,0.664271,0.978840,0.982173,0.750933,0.255692,0.870103,0.992183,0.993344,0.935487,0.622726,0,0,0,0,0,0,0,0,0,0,0,0,0,0,0,0,0,0,0,0
on/scene20/L0__s20260819__0005.png,scene20,V,on,0.019231,0.019128,0.012261,0.019779,0.028307,0.847490,0.977822,0.985046,0.987992,0.875863,0.889615,0.997487,0.998475,0.992979,0.909180,0.967872,0.992271,0.997180,0.994980,0.979345,0,0,0,0,0,0,0,0,0,0,1,1,0,0,0,1,1,1,1,1
on/scene20/L0__s20260819__0006.png,scene20,V,on,0.012779,0.014120,0.025402,0.029581,0.033109,0.264575,0.448892,0.561523,0.595077,0.108994,0.428943,0.858158,0.813290,0.269377,0.050172,0.572370,0.878558,0.830924,0.303551,0.082624,0,0,0,0,0,0,0,0,0,0,1,1,1,1,1,1,1,1,1,1
on/scene20/L0__s20260819__0007.png,scene20,V,on,0.037422,0.039705,0.047332,0.059316,0.075204,0.916229,0.952252,0.940540,0.965403,0.888452,0.853079,0.986100,0.994674,0.952545,0.765730,0.901074,0.984674,0.993008,0.968421,0.803912,0,0,0,0,0,0,0,0,0,0,0,0,0,0,0,1,1,1,1,1
on/scene20/L5__s20260819__0000.png,scene20,V,on,0.016336,0.013085,0.012206,0.016803,0.025354,0.806223,0.883290,0.894735,0.927476,0.761842,0.443034,0.956728,0.984632,0.900639,0.583751,0.767198,0.970328,0.984877,0.962175,0.772955,0,0,0,0,0,0,0,0,0,0,0,1,1,0,1,1,1,1,1,1
on/scene20/L5__s20260819__0001.png,scene20,V,on,0.055280,0.075769,0.079923,0.103177,0.118186,0.781871,0.927901,0.945010,0.963374,0.689725,0.683280,0.957258,0.959666,0.808046,0.348586,0.798444,0.915762,0.880747,0.720127,0.567727,0,0,0,0,0,0,0,0,0,0,1,1,1,0,1,1,1,1,1,1
on/scene20/L5__s20260819__0002.png,scene20,V,on,0.006307,0.003987,0.004247,0.005749,0.009690,0.847991,0.931933,0.910779,0.924576,0.704198,0.682873,0.997451,0.999415,0.973981,0.488803,0.831053,0.994508,0.999229,0.990953,0.717986,0,0,0,0,0,0,0,0,0,0,0,0,0,0,0,1,1,1,1,1
on/scene20/L5__s20260819__0003.png,scene20,V,on,0.039376,0.032718,0.037083,0.051029,0.083988,0.890017,0.946791,0.946617,0.963415,0.837124,0.535942,0.975921,0.992884,0.935740,0.501080,0.545326,0.905073,0.965107,0.857252,0.431153,0,0,0,0,0,0,0,0,0,0,1,1,1,1,1,1,1,1,1,1
on/scene20/L5__s20260819__0004.png,scene20,none_in_fov,on,0.014708,0.015481,0.017583,0.017874,0.028963,0.893258,0.955694,0.950284,0.958198,0.828770,0.852625,0.989240,0.993230,0.944993,0.720155,0.913870,0.986978,0.990168,0.947207,0.827359,0,0,0,0,0,0,0,0,0,0,0,0,0,0,0,0,0,0,0,0
on/scene20/L5__s20260819__0005.png,scene20,V,on,0.020446,0.019846,0.014671,0.022185,0.035890,0.874883,0.972481,0.977351,0.984041,0.875735,0.911894,0.996988,0.997927,0.987883,0.905876,0.958584,0.990792,0.994238,0.991878,0.968293,0,0,0,0,0,0,0,0,0,0,1,1,0,0,0,1,1,1,1,1
on/scene20/L5__s20260819__0006.png,scene20,V,on,0.010061,0.007860,0.010420,0.015063,0.017990,0.541721,0.736708,0.819825,0.851286,0.318186,0.930038,0.993788,0.986852,0.836215,0.335596,0.900189,0.973976,0.961211,0.828787,0.586097,0,0,0,0,0,0,0,0,0,0,1,1,1,1,1,1,1,1,1,1
on/scene20/L5__s20260819__0007.png,scene20,V,on,0.014063,0.011628,0.014344,0.018968,0.025725,0.895443,0.951277,0.949303,0.968562,0.845749,0.789744,0.992051,0.996921,0.961624,0.728394,0.947232,0.995520,0.998405,0.991641,0.931853,0,0,0,0,0,0,0,0,0,0,0,0,0,0,0,1,1,1,1,1
on/scene20/L7__s20260819__0000.png,scene20,V,on,0.123894,0.174258,0.216274,0.204747,0.266424,0.936511,0.944601,0.937170,0.967736,0.914434,0.653408,0.926571,0.975664,0.881202,0.617051,0.608862,0.857264,0.939698,0.792537,0.351451,0,0,0,0,0,0,0,0,0,0,0,1,1,0,1,1,1,1,1,1
on/scene20/L7__s20260819__0001.png,scene20,V,on,0.060851,0.104951,0.097654,0.136702,0.154413,0.699704,0.920806,0.949037,0.961655,0.729560,0.502046,0.881663,0.926012,0.831293,0.459708,0.643357,0.683356,0.675912,0.636282,0.567762,0,0,0,0,0,0,0,0,0,0,1,1,1,0,1,1,1,1,1,1
on/scene20/L7__s20260819__0002.png,scene20,V,on,0.047841,0.052757,0.054303,0.062244,0.091554,0.942236,0.969709,0.965791,0.976663,0.910461,0.706540,0.985925,0.995365,0.935655,0.557945,0.727964,0.966618,0.988104,0.946863,0.574814,0,0,0,0,0,0,0,0,0,0,0,0,0,0,0,1,1,1,1,1
on/scene20/L7__s20260819__0003.png,scene20,V,on,0.143539,0.171471,0.191194,0.226118,0.282315,0.886042,0.920771,0.926828,0.959741,0.835435,0.457951,0.872944,0.951854,0.835752,0.347812,0.294686,0.513333,0.687181,0.391786,0.122820,0,0,0,0,0,0,0,0,0,0,1,1,1,1,1,1,1,1,1,1
on/scene20/L7__s20260819__0004.png,scene20,none_in_fov,on,0.004878,0.005108,0.006089,0.006814,0.011346,0.722326,0.841903,0.804504,0.835775,0.528585,0.688046,0.974272,0.976155,0.730043,0.277845,0.885809,0.992206,0.992113,0.923137,0.620500,0,0,0,0,0,0,0,0,0,0,0,0,0,0,0,0,0,0,0,0
on/scene20/L7__s20260819__0005.png,scene20,V,on,0.022691,0.026135,0.016085,0.027822,0.041432,0.802602,0.962062,0.974933,0.980915,0.862879,0.813158,0.990513,0.994611,0.981715,0.870259,0.878792,0.943683,0.968329,0.974885,0.943883,0,0,0,0,0,0,0,0,0,0,1,1,0,0,0,1,1,1,1,1
on/scene20/L7__s20260819__0006.png,scene20,V,on,0.003256,0.003785,0.007390,0.010072,0.013173,0.081615,0.155657,0.187103,0.225180,0.038698,0.116956,0.492533,0.471436,0.075401,0.014908,0.193831,0.519675,0.430715,0.129023,0.025419,0,0,0,0,0,0,0,0,0,0,1,1,1,1,1,1,1,1,1,1
on/scene20/L7__s20260819__0007.png,scene20,V,on,0.022494,0.022955,0.025606,0.036490,0.045286,0.874391,0.939369,0.934740,0.959746,0.850482,0.870945,0.989602,0.995695,0.961318,0.800608,0.946914,0.992046,0.995774,0.983398,0.908906,0,0,0,0,0,0,0,0,0,0,0,0,0,0,0,1,1,1,1,1
on/sceneD3/L0__s20260819__0000.png,sceneD3,V,on,0.000116,0.000063,0.000246,0.000240,0.000416,0.004265,0.001812,0.001130,0.001772,0.001868,0.036655,0.023234,0.009279,0.000910,0.004150,0.292539,0.852619,0.703120,0.110676,0.012089,0,0,0,0,0,0,0,0,0,0,0,0,0,0,0,0,1,0,0,0
on/sceneD3/L0__s20260819__0001.png,sceneD3,V,on,0.001483,0.000836,0.001520,0.001807,0.003695,0.166498,0.124301,0.060326,0.110631,0.056818,0.415276,0.856805,0.913559,0.395326,0.080283,0.223165,0.675896,0.875631,0.308410,0.041589,0,0,0,0,0,1,1,0,0,0,1,1,0,0,0,1,1,0,0,0
on/sceneD3/L0__s20260819__0002.png,sceneD3,V,on,0.002767,0.002019,0.006734,0.003974,0.007600,0.044118,0.039180,0.032784,0.041413,0.028973,0.041824,0.033981,0.103822,0.033347,0.032128,0.074863,0.244516,0.376452,0.180422,0.022524,0,0,0,1,1,0,0,1,1,1,0,0,1,1,0,0,0,1,1,0
on/sceneD3/L0__s20260819__0003.png,sceneD3,V,on,0.003117,0.001665,0.005406,0.003979,0.011157,0.336389,0.309924,0.264908,0.312880,0.123630,0.193247,0.709419,0.768841,0.161711,0.029788,0.159402,0.817605,0.893328,0.453760,0.027412,0,0,0,1,1,0,0,0,1,1,0,0,0,1,1,0,0,0,1,0
on/sceneD3/L0__s20260819__0004.png,sceneD3,E,on,0.000298,0.000142,0.000579,0.000466,0.001039,0.003771,0.003128,0.002377,0.003410,0.003704,0.012282,0.006756,0.009597,0.004217,0.018039,0.080884,0.503243,0.502761,0.218196,0.022803,0,0,0,0,0,0,0,0,0,0,0,0,0,0,0,0,0,1,1,0
on/sceneD3/L0__s20260819__0005.png,sceneD3,E,on,0.001431,0.000616,0.001252,0.001706,0.003740,0.029310,0.050224,0.042824,0.056174,0.041448,0.083893,0.129388,0.280443,0.165516,0.170313,0.126521,0.401606,0.507215,0.374288,0.104090,0,0,0,0,0,0,0,0,0,0,0,0,0,0,0,0,0,0,1,0
on/sceneD3/L0__s20260819__0006.png,sceneD3,V,on,0.000710,0.000422,0.001837,0.001202,0.002332,0.014340,0.009695,0.008778,0.012232,0.007781,0.040387,0.015085,0.016166,0.003969,0.013322,0.227862,0.739687,0.554938,0.249379,0.027275,0,0,0,0,0,0,0,0,1,0,0,0,1,1,0,0,0,1,1,0
on/sceneD3/L0__s20260819__0007.png,sceneD3,V,on,0.008010,0.005427,0.008388,0.009413,0.018388,0.526351,0.629991,0.515452,0.600000,0.339644,0.516865,0.947671,0.969966,0.802511,0.346824,0.539234,0.943213,0.977308,0.876222,0.360323,0,1,1,0,0,0,1,1,0,0,0,0,1,0,0,0,0,1,0,0
on/sceneD3/L5__s20260819__0000.png,sceneD3,V,on,0.000077,0.000040,0.000121,0.000161,0.000248,0.001896,0.001253,0.001093,0.001510,0.001106,0.033185,0.036416,0.016284,0.001869,0.008007,0.380258,0.758155,0.584357,0.121137,0.036649,0,0,0,0,0,0,0,0,0,0,0,0,0,0,0,0,1,0,0,0
on/sceneD3/L5__s20260819__0001.png,sceneD3,V,on,0.000634,0.000307,0.000561,0.000709,0.001458,0.073826,0.047453,0.024901,0.042765,0.015738,0.469007,0.859362,0.903970,0.268825,0.039138,0.268146,0.572876,0.701486,0.126596,0.032353,0,0,0,0,0,1,1,0,0,0,1,1,0,0,0,1,1,0,0,0
on/sceneD3/L5__s20260819__0002.png,sceneD3,V,on,0.000799,0.000438,0.001795,0.000849,0.001735,0.015473,0.012424,0.011092,0.011026,0.007981,0.044414,0.021436,0.072614,0.017159,0.032545,0.248132,0.769610,0.821983,0.599192,0.099059,0,0,0,1,1,0,0,1,1,1,0,0,1,1,0,0,0,1,1,0
on/sceneD3/L5__s20260819__0003.png,sceneD3,V,on,0.001753,0.000762,0.001564,0.001420,0.003815,0.218806,0.302268,0.240600,0.275071,0.121316,0.223785,0.831558,0.875114,0.405320,0.149042,0.555871,0.974661,0.991624,0.945566,0.424676,0,0,0,1,1,0,0,0,1,1,0,0,0,1,1,0,0,0,1,0
on/sceneD3/L5__s20260819__0004.png,sceneD3,E,on,0.000174,0.000090,0.000187,0.000220,0.000549,0.001449,0.001983,0.001728,0.002464,0.002023,0.003206,0.011730,0.022056,0.014768,0.015073,0.025528,0.139977,0.424445,0.229409,0.033621,0,0,0,0,0,0,0,0,0,0,0,0,0,0,0,0,0,1,1,0
on/sceneD3/L5__s20260819__0005.png,sceneD3,E,on,0.000360,0.000187,0.000562,0.000495,0.000923,0.012467,0.017910,0.017621,0.017234,0.007855,0.084431,0.114124,0.135509,0.029533,0.042976,0.512005,0.874256,0.805028,0.492410,0.160743,0,0,0,0,0,0,0,0,0,0,0,0,0,0,0,0,0,0,1,0
on/sceneD3/L5__s20260819__0006.png,sceneD3,V,on,0.000130,0.000065,0.000328,0.000213,0.000418,0.004906,0.002925,0.002351,0.002841,0.001557,0.023691,0.010297,0.006009,0.000920,0.003674,0.341519,0.862536,0.597174,0.180518,0.023273,0,0,0,0,0,0,0,0,1,0,0,0,1,1,0,0,0,1,1,0
on/sceneD3/L5__s20260819__0007.png,sceneD3,V,on,0.004609,0.002919,0.004277,0.005068,0.010410,0.127235,0.152393,0.127947,0.181687,0.082004,0.228950,0.656908,0.733632,0.490384,0.188997,0.265759,0.565297,0.707149,0.392964,0.159989,0,1,1,0,0,0,1,1,0,0,0,0,1,0,0,0,0,1,0,0
on/sceneD3/L7__s20260819__0000.png,sceneD3,V,on,0.000052,0.000031,0.000112,0.000114,0.000246,0.001244,0.000523,0.000418,0.000566,0.000508,0.008142,0.011159,0.003481,0.000392,0.000871,0.091976,0.538271,0.416243,0.035453,0.003162,0,0,0,0,0,0,0,0,0,0,0,0,0,0,0,0,1,0,0,0
on/sceneD3/L7__s20260819__0001.png,sceneD3,V,on,0.000626,0.000369,0.000595,0.000823,0.001838,0.055192,0.045992,0.023562,0.040899,0.019460,0.218539,0.735564,0.829034,0.254657,0.040371,0.133566,0.496931,0.761815,0.224022,0.032734,0,0,0,0,0,1,1,0,0,0,1,1,0,0,0,1,1,0,0,0
on/sceneD3/L7__s20260819__0002.png,sceneD3,V,on,0.000850,0.000527,0.001384,0.001018,0.002463,0.006139,0.008818,0.006473,0.008983,0.006790,0.003743,0.006877,0.032504,0.020768,0.018622,0.016091,0.051817,0.184237,0.161712,0.020787,0,0,0,1,1,0,0,1,1,1,0,0,1,1,0,0,0,1,1,0
on/sceneD3/L7__s20260819__0003.png,sceneD3,V,on,0.000774,0.000344,0.000715,0.000870,0.003716,0.013393,0.036338,0.026624,0.036647,0.017308,0.002413,0.050903,0.167290,0.126376,0.027313,0.003694,0.040842,0.341930,0.215736,0.010471,0,0,0,1,1,0,0,0,1,1,0,0,0,1,1,0,0,0,1,0
on/sceneD3/L7__s20260819__0004.png,sceneD3,E,on,0.000073,0.000034,0.000186,0.000133,0.000382,0.000589,0.000468,0.000383,0.000430,0.000377,0.001256,0.001699,0.002199,0.000520,0.000879,0.008055,0.109846,0.151064,0.020995,0.001036,0,0,0,0,0,0,0,0,0,0,0,0,0,0,0,0,0,1,1,0
on/sceneD3/L7__s20260819__0005.png,sceneD3,E,on,0.000170,0.000080,0.000186,0.000240,0.000657,0.000981,0.001924,0.001494,0.001629,0.001305,0.001728,0.003815,0.008948,0.006041,0.005359,0.005706,0.017814,0.034640,0.016847,0.003576,0,0,0,0,0,0,0,0,0,0,0,0,0,0,0,0,0,0,1,0
on/sceneD3/L7__s20260819__0006.png,sceneD3,V,on,0.000097,0.000049,0.000235,0.000155,0.000411,0.000927,0.000760,0.000605,0.000769,0.000551,0.001155,0.001327,0.002270,0.000671,0.001014,0.012110,0.099114,0.107704,0.031299,0.002037,0,0,0,0,0,0,0,0,1,0,0,0,1,1,0,0,0,1,1,0
on/sceneD3/L7__s20260819__0007.png,sceneD3,V,on,0.007432,0.004344,0.005293,0.007281,0.019356,0.293103,0.405541,0.277635,0.453560,0.257392,0.158898,0.719347,0.801739,0.682717,0.306341,0.113046,0.591226,0.878702,0.737232,0.153112,0,1,1,0,0,0,1,1,0,0,0,0,1,0,0,0,0,1,0,0
off/scene08/L0__s20260820__0000.png::boost_e,scene08,off,off,0.004968,0.002506,0.005249,0.003811,0.009661,0.151624,0.150326,0.145455,0.199834,0.106573,0.089875,0.286469,0.607272,0.472357,0.172185,0.159057,0.738777,0.843271,0.763230,0.264692,0,0,0,0,0,0,0,0,0,0,0,0,0,0,0,0,0,0,0,0
off/scene08/L0__s20260820__0001.png::boost_e,scene08,off,off,0.002687,0.001524,0.003647,0.002401,0.006076,0.134621,0.081991,0.085048,0.084561,0.069305,0.220653,0.314537,0.352085,0.101063,0.097595,0.471500,0.953750,0.950611,0.819195,0.276910,0,0,0,0,0,0,0,0,0,0,0,0,0,0,0,0,0,0,0,0
off/scene08/L0__s20260820__0002.png::boost_e,scene08,off,off,0.004741,0.002755,0.009448,0.005047,0.016463,0.065712,0.034291,0.036549,0.047807,0.026440,0.039892,0.054960,0.082451,0.024025,0.008271,0.054208,0.381624,0.381540,0.101100,0.006247,0,0,0,0,0,0,0,0,0,0,0,0,0,0,0,0,0,0,0,0
off/scene08/L0__s20260820__0003.png::boost_e,scene08,off,off,0.002619,0.001517,0.002099,0.002332,0.004900,0.268443,0.240846,0.220479,0.238463,0.163108,0.555185,0.841099,0.907832,0.695235,0.572797,0.801411,0.986276,0.993459,0.971852,0.783954,0,0,0,0,0,0,0,0,0,0,0,0,0,0,0,0,0,0,0,0
off/scene08/L0__s20260820__0004.png::boost_e,scene08,off,off,0.000236,0.000115,0.000381,0.000197,0.000814,0.001995,0.000719,0.000512,0.000873,0.001105,0.008160,0.003149,0.007806,0.002418,0.002681,0.035408,0.228271,0.312938,0.131896,0.010745,0,0,0,0,0,0,0,0,0,0,0,0,0,0,0,0,0,0,0,0
off/scene08/L0__s20260820__0005.png::boost_e,scene08,off,off,0.000043,0.000012,0.000057,0.000021,0.000114,0.000415,0.000124,0.000088,0.000171,0.000220,0.002778,0.000637,0.003319,0.001580,0.002102,0.058687,0.520255,0.687040,0.445351,0.028262,0,0,0,0,0,0,0,0,0,0,0,0,0,0,0,0,0,0,0,0
off/scene08/L0__s20260820__0006.png::boost_e,scene08,off,off,0.001277,0.000684,0.001532,0.000984,0.003329,0.022207,0.011399,0.013934,0.016035,0.012549,0.045926,0.087117,0.141556,0.043166,0.028468,0.073670,0.490540,0.667219,0.363395,0.052877,0,0,0,0,0,0,0,0,0,0,0,0,0,0,0,0,0,0,0,0
off/scene08/L0__s20260820__0007.png::boost_e,scene08,off,off,0.004528,0.002792,0.010966,0.005412,0.016720,0.131800,0.070045,0.076329,0.088346,0.047189,0.071951,0.121162,0.159493,0.033921,0.017078,0.150630,0.834828,0.858908,0.407996,0.025539,0,0,0,0,0,0,0,0,0,0,0,0,0,0,0,0,0,0,0,0
off/scene08/L5__s20260820__0000.png::boost_e,scene08,off,off,0.003470,0.001834,0.004773,0.003321,0.009932,0.043750,0.025263,0.031182,0.039661,0.029191,0.028275,0.029659,0.066367,0.054853,0.034092,0.041452,0.371203,0.380555,0.286251,0.034113,0,0,0,0,0,0,0,0,0,0,0,0,0,0,0,0,0,0,0,0
off/scene08/L5__s20260820__0001.png::boost_e,scene08,off,off,0.001303,0.000783,0.002373,0.001927,0.004715,0.057749,0.029526,0.026370,0.030008,0.015579,0.089424,0.117411,0.101616,0.016319,0.012124,0.197068,0.750638,0.659950,0.167915,0.020776,0,0,0,0,0,0,0,0,0,0,0,0,0,0,0,0,0,0,0,0
off/scene08/L5__s20260820__0002.png::boost_e,scene08,off,off,0.002773,0.001472,0.005279,0.002948,0.008605,0.080960,0.047166,0.054552,0.060608,0.021631,0.028315,0.092712,0.108362,0.023169,0.006327,0.069242,0.492761,0.504871,0.100803,0.007200,0,0,0,0,0,0,0,0,0,0,0,0,0,0,0,0,0,0,0,0
off/scene08/L5__s20260820__0003.png::boost_e,scene08,off,off,0.002482,0.001848,0.005255,0.004158,0.010385,0.066788,0.024309,0.037281,0.039583,0.034900,0.153196,0.067180,0.039886,0.016586,0.036352,0.297517,0.815575,0.647038,0.314693,0.055692,0,0,0,0,0,0,0,0,0,0,0,0,0,0,0,0,0,0,0,0
off/scene08/L5__s20260820__0004.png::boost_e,scene08,off,off,0.000152,0.000073,0.000194,0.000131,0.000447,0.000994,0.000405,0.000289,0.000483,0.000424,0.003469,0.001806,0.004095,0.001653,0.001225,0.017061,0.057556,0.086789,0.031785,0.004845,0,0,0,0,0,0,0,0,0,0,0,0,0,0,0,0,0,0,0,0
off/scene08/L5__s20260820__0005.png::boost_e,scene08,off,off,0.000021,0.000007,0.000050,0.000017,0.000105,0.000047,0.000007,0.000006,0.000009,0.000017,0.000218,0.000015,0.000038,0.000031,0.000074,0.002848,0.015322,0.017987,0.005621,0.000385,0,0,0,0,0,0,0,0,0,0,0,0,0,0,0,0,0,0,0,0
off/scene08/L5__s20260820__0006.png::boost_e,scene08,off,off,0.001472,0.000936,0.002616,0.001812,0.005896,0.023419,0.011258,0.020353,0.018463,0.017116,0.014447,0.012769,0.016327,0.013644,0.015125,0.023812,0.249582,0.267698,0.159157,0.015486,0,0,0,0,0,0,0,0,0,0,0,0,0,0,0,0,0,0,0,0
off/scene08/L5__s20260820__0007.png::boost_e,scene08,off,off,0.000987,0.000527,0.003422,0.001920,0.006687,0.007716,0.002619,0.003742,0.004696,0.002850,0.008296,0.004014,0.003106,0.000924,0.000944,0.011714,0.110307,0.058830,0.009323,0.000559,0,0,0,0,0,0,0,0,0,0,0,0,0,0,0,0,0,0,0,0
off/scene08/L7__s20260820__0000.png::boost_e,scene08,off,off,0.005435,0.002942,0.006304,0.004638,0.011449,0.203157,0.235265,0.252474,0.314955,0.160309,0.140636,0.372626,0.588695,0.539307,0.254934,0.218194,0.779101,0.826453,0.781456,0.323521,0,0,0,0,0,0,0,0,0,0,0,0,0,0,0,0,0,0,0,0
off/scene08/L7__s20260820__0001.png::boost_e,scene08,off,off,0.000798,0.000443,0.001107,0.000827,0.002177,0.039763,0.023305,0.026672,0.023862,0.022465,0.132126,0.189497,0.225814,0.052713,0.065303,0.497175,0.970662,0.964854,0.872389,0.289553,0,0,0,0,0,0,0,0,0,0,0,0,0,0,0,0,0,0,0,0
off/scene08/L7__s20260820__0002.png::boost_e,scene08,off,off,0.001240,0.000529,0.002392,0.001323,0.005109,0.022077,0.010431,0.011489,0.013581,0.006269,0.017783,0.030180,0.025918,0.005631,0.002274,0.035217,0.375081,0.259424,0.041322,0.002196,0,0,0,0,0,0,0,0,0,0,0,0,0,0,0,0,0,0,0,0
off/scene08/L7__s20260820__0003.png::boost_e,scene08,off,off,0.001248,0.000733,0.001729,0.001688,0.003640,0.059781,0.036765,0.038042,0.041180,0.030832,0.262321,0.328500,0.379657,0.142448,0.144122,0.470091,0.939740,0.952017,0.824219,0.297390,0,0,0,0,0,0,0,0,0,0,0,0,0,0,0,0,0,0,0,0
off/scene08/L7__s20260820__0004.png::boost_e,scene08,off,off,0.000101,0.000040,0.000253,0.000108,0.000584,0.000270,0.000067,0.000071,0.000098,0.000120,0.000849,0.000111,0.000146,0.000087,0.000192,0.003790,0.024618,0.024572,0.008535,0.000520,0,0,0,0,0,0,0,0,0,0,0,0,0,0,0,0,0,0,0,0
off/scene08/L7__s20260820__0005.png::boost_e,scene08,off,off,0.000021,0.000006,0.000028,0.000011,0.000066,0.000242,0.000081,0.000065,0.000097,0.000132,0.001672,0.000424,0.001609,0.000649,0.001107,0.037831,0.529316,0.657417,0.419156,0.018209,0,0,0,0,0,0,0,0,0,0,0,0,0,0,0,0,0,0,0,0
off/scene08/L7__s20260820__0006.png::boost_e,scene08,off,off,0.001254,0.000636,0.002190,0.001398,0.004996,0.016132,0.006968,0.009820,0.010787,0.010018,0.011575,0.008883,0.013679,0.009933,0.012986,0.018782,0.216802,0.264740,0.130191,0.010050,0,0,0,0,0,0,0,0,0,0,0,0,0,0,0,0,0,0,0,0
off/scene08/L7__s20260820__0007.png::boost_e,scene08,off,off,0.001737,0.000937,0.003825,0.001977,0.006099,0.088097,0.048569,0.051726,0.058492,0.028901,0.078738,0.166188,0.177070,0.027797,0.014525,0.234116,0.921398,0.912699,0.521839,0.034198,0,0,0,0,0,0,0,0,0,0,0,0,0,0,0,0,0,0,0,0
off/scene20/L0__s20260820__0000.png::boost_e,scene20,off,off,0.000017,0.000006,0.000014,0.000005,0.000034,0.000029,0.000005,0.000003,0.000011,0.000015,0.000267,0.000033,0.000255,0.000286,0.000081,0.010048,0.005983,0.013836,0.005564,0.001927,0,0,0,0,0,0,0,0,0,0,0,0,0,0,0,0,0,0,0,0
off/scene20/L0__s20260820__0001.png::boost_e,scene20,off,off,0.000010,0.000005,0.000015,0.000005,0.000024,0.000029,0.000006,0.000003,0.000010,0.000008,0.000484,0.000058,0.000115,0.000045,0.000013,0.021344,0.007074,0.004201,0.000719,0.000707,0,0,0,0,0,0,0,0,0,0,0,0,0,0,0,0,0,0,0,0
off/scene20/L0__s20260820__0002.png::boost_e,scene20,off,off,0.000020,0.000010,0.000029,0.000009,0.000057,0.000504,0.000164,0.000104,0.000187,0.000147,0.002790,0.005835,0.006273,0.000633,0.000059,0.067508,0.213801,0.231578,0.012733,0.001779,0,0,0,0,0,0,0,0,0,0,0,0,0,0,0,0,0,0,0,0
off/scene20/L0__s20260820__0003.png::boost_e,scene20,off,off,0.000488,0.000383,0.001117,0.000392,0.001400,0.013163,0.006287,0.005344,0.009798,0.003196,0.015324,0.026282,0.032607,0.004841,0.000418,0.156993,0.232629,0.282876,0.027839,0.005733,0,0,0,0,0,0,0,0,0,0,0,0,0,0,0,0,0,0,0,0
off/scene20/L0__s20260820__0004.png::boost_e,scene20,off,off,0.000002,0.000001,0.000002,0.000001,0.000005,0.000004,0.000002,0.000001,0.000002,0.000002,0.000039,0.000021,0.000095,0.000066,0.000011,0.002054,0.000649,0.000982,0.000334,0.000393,0,0,0,0,0,0,0,0,0,0,0,0,0,0,0,0,0,0,0,0
off/scene20/L0__s20260820__0005.png::boost_e,scene20,off,off,0.000001,0.000001,0.000001,0.000000,0.000003,0.000002,0.000000,0.000000,0.000000,0.000001,0.000018,0.000003,0.000009,0.000006,0.000002,0.002205,0.000935,0.001227,0.000313,0.000213,0,0,0,0,0,0,0,0,0,0,0,0,0,0,0,0,0,0,0,0
off/scene20/L0__s20260820__0006.png::boost_e,scene20,off,off,0.000001,0.000000,0.000001,0.000000,0.000002,0.000001,0.000000,0.000000,0.000000,0.000000,0.000117,0.000025,0.000069,0.000013,0.000002,0.000455,0.000483,0.000606,0.000107,0.000022,0,0,0,0,0,0,0,0,0,0,0,0,0,0,0,0,0,0,0,0
off/scene20/L0__s20260820__0007.png::boost_e,scene20,off,off,0.000007,0.000003,0.000008,0.000002,0.000015,0.000017,0.000002,0.000001,0.000003,0.000005,0.000746,0.000063,0.000132,0.000040,0.000019,0.014752,0.015237,0.016623,0.002767,0.000785,0,0,0,0,0,0,0,0,0,0,0,0,0,0,0,0,0,0,0,0
off/scene20/L5__s20260820__0000.png::boost_e,scene20,off,off,0.000022,0.000006,0.000011,0.000004,0.000022,0.000048,0.000010,0.000005,0.000021,0.000014,0.001562,0.000262,0.001694,0.001215,0.000265,0.068210,0.015860,0.016264,0.009028,0.010791,0,0,0,0,0,0,0,0,0,0,0,0,0,0,0,0,0,0,0,0
off/scene20/L5__s20260820__0001.png::boost_e,scene20,off,off,0.000347,0.000201,0.000422,0.000250,0.000763,0.002466,0.000768,0.000667,0.001555,0.001016,0.024673,0.005864,0.014884,0.007892,0.002305,0.075597,0.061775,0.043280,0.015128,0.007867,0,0,0,0,0,0,0,0,0,0,0,0,0,0,0,0,0,0,0,0
off/scene20/L5__s20260820__0002.png::boost_e,scene20,off,off,0.000416,0.000231,0.000529,0.000263,0.000896,0.008417,0.005193,0.004964,0.008396,0.004266,0.022877,0.038012,0.049814,0.022462,0.004093,0.201904,0.405838,0.459758,0.141514,0.033650,0,0,0,0,0,0,0,0,0,0,0,0,0,0,0,0,0,0,0,0
off/scene20/L5__s20260820__0003.png::boost_e,scene20,off,off,0.002755,0.002514,0.007115,0.003214,0.008112,0.069992,0.045267,0.056269,0.085435,0.024411,0.049132,0.054457,0.063399,0.017755,0.003385,0.265018,0.369397,0.400320,0.085912,0.023749,0,0,0,0,0,0,0,0,0,0,0,0,0,0,0,0,0,0,0,0
off/scene20/L5__s20260820__0004.png::boost_e,scene20,off,off,0.000009,0.000004,0.000008,0.000004,0.000022,0.000040,0.000020,0.000007,0.000022,0.000015,0.000626,0.000370,0.001435,0.000699,0.000166,0.009964,0.003580,0.002844,0.001207,0.001461,0,0,0,0,0,0,0,0,0,0,0,0,0,0,0,0,0,0,0,0
off/scene20/L5__s20260820__0005.png::boost_e,scene20,off,off,0.000020,0.000011,0.000026,0.000013,0.000060,0.000056,0.000020,0.000010,0.000029,0.000027,0.000532,0.000103,0.000304,0.000172,0.000096,0.008850,0.004993,0.003882,0.001654,0.001109,0,0,0,0,0,0,0,0,0,0,0,0,0,0,0,0,0,0,0,0
off/scene20/L5__s20260820__0006.png::boost_e,scene20,off,off,0.000005,0.000002,0.000006,0.000003,0.000013,0.000019,0.000004,0.000002,0.000005,0.000003,0.001442,0.000608,0.002370,0.000192,0.000017,0.001190,0.000852,0.000837,0.000161,0.000054,0,0,0,0,0,0,0,0,0,0,0,0,0,0,0,0,0,0,0,0
off/scene20/L5__s20260820__0007.png::boost_e,scene20,off,off,0.000019,0.000006,0.000012,0.000005,0.000017,0.000077,0.000013,0.000006,0.000024,0.000015,0.006239,0.001484,0.009520,0.001980,0.000252,0.073288,0.014826,0.009714,0.003590,0.004793,0,0,0,0,0,0,0,0,0,0,0,0,0,0,0,0,0,0,0,0
off/scene20/L7__s20260820__0000.png::boost_e,scene20,off,off,0.000048,0.000016,0.000041,0.000015,0.000090,0.000098,0.000015,0.000008,0.000036,0.000057,0.000762,0.000070,0.000554,0.000787,0.000335,0.020448,0.014153,0.024649,0.011272,0.004166,0,0,0,0,0,0,0,0,0,0,0,0,0,0,0,0,0,0,0,0
off/scene20/L7__s20260820__0001.png::boost_e,scene20,off,off,0.000010,0.000006,0.000015,0.000005,0.000025,0.000026,0.000005,0.000003,0.000008,0.000007,0.000467,0.000041,0.000095,0.000041,0.000014,0.021122,0.007707,0.005269,0.001037,0.000902,0,0,0,0,0,0,0,0,0,0,0,0,0,0,0,0,0,0,0,0
off/scene20/L7__s20260820__0002.png::boost_e,scene20,off,off,0.000034,0.000016,0.000042,0.000015,0.000090,0.000570,0.000251,0.000177,0.000336,0.000269,0.003182,0.004581,0.006945,0.001827,0.000240,0.073934,0.196326,0.264160,0.036705,0.006323,0,0,0,0,0,0,0,0,0,0,0,0,0,0,0,0,0,0,0,0
off/scene20/L7__s20260820__0003.png::boost_e,scene20,off,off,0.000580,0.000440,0.001156,0.000402,0.001497,0.007287,0.002885,0.002340,0.005234,0.002161,0.012530,0.007532,0.010822,0.003104,0.000514,0.147881,0.129396,0.143371,0.024254,0.008321,0,0,0,0,0,0,0,0,0,0,0,0,0,0,0,0,0,0,0,0
off/scene20/L7__s20260820__0004.png::boost_e,scene20,off,off,0.000002,0.000001,0.000002,0.000001,0.000006,0.000005,0.000002,0.000001,0.000002,0.000002,0.000056,0.000024,0.000095,0.000062,0.000013,0.002917,0.000945,0.001183,0.000409,0.000483,0,0,0,0,0,0,0,0,0,0,0,0,0,0,0,0,0,0,0,0
off/scene20/L7__s20260820__0005.png::boost_e,scene20,off,off,0.000001,0.000001,0.000001,0.000000,0.000004,0.000002,0.000000,0.000000,0.000000,0.000001,0.000023,0.000003,0.000008,0.000006,0.000002,0.002800,0.001451,0.001792,0.000477,0.000297,0,0,0,0,0,0,0,0,0,0,0,0,0,0,0,0,0,0,0,0
off/scene20/L7__s20260820__0006.png::boost_e,scene20,off,off,0.000000,0.000000,0.000000,0.000000,0.000001,0.000000,0.000000,0.000000,0.000000,0.000000,0.000050,0.000006,0.000023,0.000004,0.000001,0.000298,0.000390,0.000572,0.000106,0.000019,0,0,0,0,0,0,0,0,0,0,0,0,0,0,0,0,0,0,0,0
off/scene20/L7__s20260820__0007.png::boost_e,scene20,off,off,0.000012,0.000005,0.000016,0.000004,0.000026,0.000025,0.000002,0.000001,0.000005,0.000008,0.001342,0.000072,0.000200,0.000060,0.000028,0.018676,0.013777,0.015411,0.003411,0.001091,0,0,0,0,0,0,0,0,0,0,0,0,0,0,0,0,0,0,0,0
on/scene08/L0__s20260820__0000.png::boost_e,scene08,none_in_fov,on,0.024253,0.015225,0.018568,0.015031,0.029836,0.445632,0.381323,0.281282,0.419195,0.317940,0.429507,0.648941,0.838350,0.819547,0.624028,0.399752,0.815626,0.892077,0.835792,0.601694,0,0,0,0,0,0,0,0,0,0,0,0,0,0,0,0,0,0,0,0
on/scene08/L0__s20260820__0001.png::boost_e,scene08,none_in_fov,on,0.007702,0.003793,0.004593,0.004638,0.008680,0.620487,0.629490,0.543705,0.604891,0.480913,0.696377,0.949654,0.982296,0.901755,0.799136,0.836200,0.989174,0.995047,0.984139,0.913343,0,0,0,0,0,0,0,0,0,0,0,0,0,0,0,0,0,0,0,0
on/scene08/L0__s20260820__0002.png::boost_e,scene08,none_in_fov,on,0.005006,0.002377,0.001817,0.002204,0.005238,0.328760,0.391758,0.289170,0.344023,0.252458,0.681698,0.960353,0.988342,0.953331,0.689412,0.724136,0.972538,0.992533,0.974122,0.747379,0,0,0,0,0,0,0,0,0,0,0,0,0,0,0,0,0,0,0,0
on/scene08/L0__s20260820__0003.png::boost_e,scene08,none_in_fov,on,0.006671,0.004936,0.004830,0.005844,0.010795,0.563393,0.596496,0.555710,0.623088,0.459181,0.723726,0.942269,0.975317,0.924477,0.881764,0.883899,0.986919,0.995078,0.985056,0.942811,0,0,0,0,0,0,0,0,0,0,0,0,0,0,0,0,0,0,0,0
on/scene08/L0__s20260820__0004.png::boost_e,scene08,none_in_fov,on,0.006494,0.003133,0.004225,0.003402,0.007642,0.198032,0.122310,0.081040,0.145921,0.142662,0.507076,0.589929,0.808581,0.615698,0.493250,0.482067,0.854575,0.915085,0.834592,0.542808,0,0,0,0,0,0,0,0,0,0,0,0,0,0,0,0,0,0,0,0
on/scene08/L0__s20260820__0005.png::boost_e,scene08,none_in_fov,on,0.000088,0.000026,0.000032,0.000019,0.000095,0.005489,0.003553,0.001835,0.003466,0.002831,0.080827,0.189019,0.533456,0.183373,0.048680,0.533095,0.955671,0.986805,0.930574,0.469513,0,0,0,0,0,0,0,0,0,0,0,0,0,0,0,0,0,0,0,0
on/scene08/L0__s20260820__0006.png::boost_e,scene08,none_in_fov,on,0.003255,0.001393,0.001615,0.001305,0.004266,0.186812,0.130027,0.092591,0.145721,0.106119,0.361374,0.838905,0.918901,0.678011,0.343302,0.372217,0.895401,0.970201,0.867269,0.433296,0,0,0,0,0,0,0,0,0,0,0,0,0,0,0,0,0,0,0,0
on/scene08/L0__s20260820__0007.png::boost_e,scene08,none_in_fov,on,0.005988,0.002998,0.004581,0.003682,0.009446,0.494898,0.481968,0.318798,0.434607,0.286912,0.342627,0.846666,0.952700,0.771234,0.416586,0.522038,0.970298,0.992774,0.962114,0.564433,0,0,0,0,0,0,0,0,0,0,0,0,0,0,0,0,0,0,0,0
on/scene08/L5__s20260820__0000.png::boost_e,scene08,none_in_fov,on,0.009749,0.006079,0.009590,0.007518,0.016856,0.356887,0.303094,0.249648,0.338902,0.266786,0.383899,0.589571,0.781393,0.663974,0.466761,0.364411,0.883177,0.917292,0.841118,0.410956,0,0,0,0,0,0,0,0,0,0,0,0,0,0,0,0,0,0,0,0
on/scene08/L5__s20260820__0001.png::boost_e,scene08,none_in_fov,on,0.008630,0.004799,0.005256,0.006225,0.010341,0.576665,0.632731,0.550302,0.632215,0.476334,0.722564,0.951148,0.977513,0.922383,0.831225,0.806718,0.977979,0.988576,0.974930,0.905902,0,0,0,0,0,0,0,0,0,0,0,0,0,0,0,0,0,0,0,0
on/scene08/L5__s20260820__0002.png::boost_e,scene08,none_in_fov,on,0.005283,0.002412,0.001927,0.002789,0.004699,0.554163,0.728453,0.627286,0.682096,0.434202,0.855215,0.991503,0.997078,0.983127,0.854696,0.938981,0.996764,0.999261,0.994946,0.946462,0,0,0,0,0,0,0,0,0,0,0,0,0,0,0,0,0,0,0,0
on/scene08/L5__s20260820__0003.png::boost_e,scene08,none_in_fov,on,0.006731,0.006057,0.006834,0.007810,0.014038,0.609321,0.614357,0.614598,0.657562,0.535656,0.707694,0.912385,0.951625,0.801378,0.742259,0.820178,0.983991,0.986713,0.971071,0.858961,0,0,0,0,0,0,0,0,0,0,0,0,0,0,0,0,0,0,0,0
on/scene08/L5__s20260820__0004.png::boost_e,scene08,none_in_fov,on,0.003088,0.001505,0.001461,0.001561,0.003158,0.238274,0.267763,0.236069,0.312078,0.177977,0.673165,0.911423,0.954818,0.843470,0.673769,0.852375,0.979206,0.988002,0.970320,0.906829,0,0,0,0,0,0,0,0,0,0,0,0,0,0,0,0,0,0,0,0
on/scene08/L5__s20260820__0005.png::boost_e,scene08,none_in_fov,on,0.000159,0.000062,0.000080,0.000050,0.000191,0.005241,0.003178,0.001711,0.003568,0.003231,0.059439,0.069128,0.232128,0.107741,0.055973,0.446295,0.893845,0.944922,0.887630,0.457963,0,0,0,0,0,0,0,0,0,0,0,0,0,0,0,0,0,0,0,0
on/scene08/L5__s20260820__0006.png::boost_e,scene08,none_in_fov,on,0.003629,0.001955,0.002897,0.002340,0.007018,0.334212,0.229823,0.231900,0.275768,0.245837,0.242480,0.560638,0.752875,0.505857,0.318631,0.286471,0.910221,0.952626,0.892436,0.371836,0,0,0,0,0,0,0,0,0,0,0,0,0,0,0,0,0,0,0,0
on/scene08/L5__s20260820__0007.png::boost_e,scene08,none_in_fov,on,0.005397,0.003374,0.004340,0.004063,0.010037,0.371694,0.403591,0.307487,0.422417,0.305244,0.382853,0.795779,0.914253,0.744102,0.479681,0.562084,0.958481,0.981681,0.955655,0.617758,0,0,0,0,0,0,0,0,0,0,0,0,0,0,0,0,0,0,0,0
on/scene08/L7__s20260820__0000.png::boost_e,scene08,none_in_fov,on,0.053161,0.038555,0.047952,0.034533,0.066739,0.665061,0.656583,0.569000,0.709196,0.577011,0.554632,0.772363,0.901437,0.910780,0.730068,0.307575,0.673132,0.772347,0.741876,0.468413,0,0,0,0,0,0,0,0,0,0,0,0,0,0,0,0,0,0,0,0
on/scene08/L7__s20260820__0001.png::boost_e,scene08,none_in_fov,on,0.009932,0.005160,0.006126,0.006519,0.012103,0.469839,0.470202,0.416102,0.492937,0.395868,0.577254,0.871967,0.931049,0.847599,0.757486,0.662211,0.960683,0.969845,0.952707,0.804596,0,0,0,0,0,0,0,0,0,0,0,0,0,0,0,0,0,0,0,0
on/scene08/L7__s20260820__0002.png::boost_e,scene08,none_in_fov,on,0.005772,0.002609,0.002028,0.002630,0.005792,0.387124,0.464830,0.333506,0.435833,0.300647,0.702177,0.961228,0.986520,0.953476,0.735396,0.726825,0.977080,0.991602,0.977625,0.777906,0,0,0,0,0,0,0,0,0,0,0,0,0,0,0,0,0,0,0,0
on/scene08/L7__s20260820__0003.png::boost_e,scene08,none_in_fov,on,0.006749,0.004398,0.005521,0.006548,0.011858,0.453188,0.451599,0.371829,0.482914,0.344830,0.705264,0.904011,0.949484,0.869834,0.818874,0.741517,0.968103,0.981351,0.957791,0.822114,0,0,0,0,0,0,0,0,0,0,0,0,0,0,0,0,0,0,0,0
on/scene08/L7__s20260820__0004.png::boost_e,scene08,none_in_fov,on,0.005176,0.002608,0.003554,0.002942,0.007088,0.195606,0.127500,0.087464,0.160672,0.147978,0.403956,0.503839,0.751715,0.566965,0.451228,0.411578,0.833954,0.889775,0.842036,0.475185,0,0,0,0,0,0,0,0,0,0,0,0,0,0,0,0,0,0,0,0
on/scene08/L7__s20260820__0005.png::boost_e,scene08,none_in_fov,on,0.000150,0.000050,0.000068,0.000035,0.000172,0.003264,0.001873,0.001082,0.002315,0.002236,0.029141,0.032029,0.115293,0.075703,0.040566,0.271788,0.783314,0.898092,0.811152,0.341640,0,0,0,0,0,0,0,0,0,0,0,0,0,0,0,0,0,0,0,0
on/scene08/L7__s20260820__0006.png::boost_e,scene08,none_in_fov,on,0.004099,0.001735,0.002195,0.002119,0.006937,0.268316,0.212818,0.144603,0.235412,0.191683,0.207441,0.610765,0.848879,0.687440,0.432930,0.218078,0.875029,0.962659,0.914146,0.385392,0,0,0,0,0,0,0,0,0,0,0,0,0,0,0,0,0,0,0,0
on/scene08/L7__s20260820__0007.png::boost_e,scene08,none_in_fov,on,0.002919,0.001376,0.002030,0.001561,0.004674,0.127438,0.128985,0.074832,0.120014,0.080397,0.082052,0.311987,0.573931,0.455523,0.235086,0.337570,0.920423,0.977720,0.948525,0.500621,0,0,0,0,0,0,0,0,0,0,0,0,0,0,0,0,0,0,0,0
on/scene20/L0__s20260820__0000.png::boost_e,scene20,V,on,0.009718,0.005964,0.005589,0.008073,0.015393,0.860741,0.947453,0.932573,0.950395,0.760335,0.647046,0.996381,0.999206,0.984436,0.650240,0.756883,0.987868,0.998160,0.986093,0.727430,0,0,0,0,0,0,0,0,0,0,0,0,0,0,0,0,1,1,1,1
on/scene20/L0__s20260820__0001.png::boost_e,scene20,none_in_fov,on,0.000876,0.000540,0.000663,0.000794,0.001326,0.370890,0.403428,0.360095,0.379295,0.109312,0.842059,0.994164,0.996596,0.830158,0.111499,0.924802,0.989921,0.985770,0.812958,0.390178,0,0,0,0,0,0,0,0,0,0,0,0,0,0,0,0,0,0,0,0
on/scene20/L0__s20260820__0002.png::boost_e,scene20,none_in_fov,on,0.000418,0.000253,0.000569,0.000312,0.000761,0.075327,0.063171,0.055204,0.054546,0.015056,0.218119,0.793717,0.711591,0.084485,0.005075,0.772699,0.968211,0.938900,0.263587,0.061909,0,0,0,0,0,0,0,0,0,0,0,0,0,0,0,0,0,0,0,0
on/scene20/L0__s20260820__0003.png::boost_e,scene20,none_in_fov,on,0.001723,0.001012,0.001770,0.001386,0.002753,0.442556,0.417608,0.391620,0.418913,0.140145,0.648984,0.988947,0.991651,0.726587,0.052387,0.854645,0.985703,0.988686,0.759486,0.246442,0,0,0,0,0,0,0,0,0,0,0,0,0,0,0,0,0,0,0,0
on/scene20/L0__s20260820__0004.png::boost_e,scene20,none_in_fov,on,0.002905,0.001670,0.001508,0.001993,0.003637,0.712059,0.830469,0.773102,0.825410,0.564419,0.929143,0.998137,0.998847,0.985484,0.799751,0.964578,0.996372,0.996977,0.980286,0.880451,0,0,0,0,0,0,0,0,0,0,0,0,0,0,0,0,0,0,0,0
on/scene20/L0__s20260820__0005.png::boost_e,scene20,V,on,0.004754,0.002620,0.003410,0.004039,0.009176,0.950684,0.985894,0.983437,0.979343,0.838817,0.881145,0.999594,0.999799,0.981059,0.437890,0.923207,0.998556,0.999470,0.991636,0.778104,0,0,0,0,0,0,0,0,0,0,0,0,0,0,0,0,1,1,1,1
on/scene20/L0__s20260820__0006.png::boost_e,scene20,none_in_fov,on,0.000160,0.000061,0.000071,0.000098,0.000212,0.092949,0.091544,0.055060,0.065208,0.016218,0.793135,0.991950,0.994403,0.655107,0.041819,0.758668,0.970465,0.962207,0.557927,0.118067,0,0,0,0,0,0,0,0,0,0,0,0,0,0,0,0,0,0,0,0
on/scene20/L0__s20260820__0007.png::boost_e,scene20,none_in_fov,on,0.000093,0.000039,0.000053,0.000048,0.000102,0.012499,0.007799,0.006620,0.006323,0.002805,0.370221,0.872355,0.912024,0.170432,0.008966,0.669386,0.925822,0.910450,0.406682,0.110681,0,0,0,0,0,0,0,0,0,0,0,0,0,0,0,0,0,0,0,0
on/scene20/L5__s20260820__0000.png::boost_e,scene20,V,on,0.003052,0.001313,0.001144,0.001752,0.004019,0.745119,0.890357,0.837605,0.866771,0.580839,0.664769,0.998328,0.999670,0.989885,0.656031,0.835789,0.996691,0.999717,0.996411,0.845030,0,0,0,0,0,0,0,0,0,0,0,0,0,0,0,0,1,1,1,1
on/scene20/L5__s20260820__0001.png::boost_e,scene20,none_in_fov,on,0.001123,0.000542,0.000729,0.000952,0.001740,0.629468,0.750985,0.698444,0.680888,0.352133,0.890403,0.998108,0.999523,0.967614,0.470309,0.949541,0.997558,0.998483,0.982912,0.799903,0,0,0,0,0,0,0,0,0,0,0,0,0,0,0,0,0,0,0,0
on/scene20/L5__s20260820__0002.png::boost_e,scene20,none_in_fov,on,0.001651,0.000855,0.001264,0.000984,0.002140,0.220152,0.236752,0.207614,0.248306,0.105751,0.558867,0.928790,0.949030,0.714173,0.200140,0.869986,0.984355,0.987351,0.917320,0.642387,0,0,0,0,0,0,0,0,0,0,0,0,0,0,0,0,0,0,0,0
on/scene20/L5__s20260820__0003.png::boost_e,scene20,none_in_fov,on,0.005375,0.003129,0.005334,0.004751,0.008717,0.591516,0.605732,0.582083,0.655479,0.343801,0.690567,0.973137,0.989181,0.875273,0.309057,0.838611,0.979592,0.990279,0.937960,0.651306,0,0,0,0,0,0,0,0,0,0,0,0,0,0,0,0,0,0,0,0
on/scene20/L5__s20260820__0004.png::boost_e,scene20,none_in_fov,on,0.000922,0.000358,0.000309,0.000458,0.001066,0.427477,0.622593,0.510343,0.540720,0.293905,0.849201,0.998186,0.999392,0.986060,0.757068,0.947782,0.997680,0.999055,0.993276,0.911186,0,0,0,0,0,0,0,0,0,0,0,0,0,0,0,0,0,0,0,0
on/scene20/L5__s20260820__0005.png::boost_e,scene20,V,on,0.003522,0.001755,0.002424,0.003328,0.008004,0.942203,0.979165,0.971169,0.969289,0.837561,0.824685,0.999210,0.999719,0.982077,0.581931,0.921413,0.998774,0.999699,0.996676,0.878073,0,0,0,0,0,0,0,0,0,0,0,0,0,0,0,0,1,1,1,1
on/scene20/L5__s20260820__0006.png::boost_e,scene20,none_in_fov,on,0.000189,0.000065,0.000087,0.000114,0.000273,0.288793,0.367596,0.252917,0.278269,0.062123,0.846188,0.998121,0.999318,0.877498,0.088779,0.783871,0.989770,0.993807,0.882902,0.236685,0,0,0,0,0,0,0,0,0,0,0,0,0,0,0,0,0,0,0,0
on/scene20/L5__s20260820__0007.png::boost_e,scene20,none_in_fov,on,0.000094,0.000033,0.000031,0.000036,0.000069,0.023077,0.014898,0.009452,0.011135,0.004628,0.662599,0.986989,0.996427,0.741498,0.047236,0.779959,0.960739,0.971279,0.693209,0.206947,0,0,0,0,0,0,0,0,0,0,0,0,0,0,0,0,0,0,0,0
on/scene20/L7__s20260820__0000.png::boost_e,scene20,V,on,0.017097,0.011943,0.011172,0.017161,0.029808,0.922575,0.961082,0.939368,0.968078,0.854918,0.702856,0.994520,0.998647,0.980353,0.704055,0.754549,0.986112,0.996795,0.978019,0.672514,0,0,0,0,0,0,0,0,0,0,0,0,0,0,0,0,1,1,1,1
on/scene20/L7__s20260820__0001.png::boost_e,scene20,none_in_fov,on,0.000875,0.000544,0.000657,0.000851,0.001378,0.390709,0.448491,0.416689,0.426425,0.132504,0.863066,0.994455,0.997242,0.867640,0.172858,0.940350,0.992007,0.990603,0.885641,0.510355,0,0,0,0,0,0,0,0,0,0,0,0,0,0,0,0,0,0,0,0
on/scene20/L7__s20260820__0002.png::boost_e,scene20,none_in_fov,on,0.000511,0.000298,0.000623,0.000386,0.000954,0.065394,0.061506,0.053025,0.055875,0.018597,0.203607,0.695137,0.666909,0.130448,0.012091,0.696767,0.940661,0.913199,0.375989,0.100514,0,0,0,0,0,0,0,0,0,0,0,0,0,0,0,0,0,0,0,0
on/scene20/L7__s20260820__0003.png::boost_e,scene20,none_in_fov,on,0.002342,0.001378,0.002222,0.001888,0.003774,0.359719,0.330336,0.306390,0.375097,0.143869,0.647945,0.970563,0.983150,0.755914,0.112014,0.821339,0.962154,0.967707,0.766592,0.349468,0,0,0,0,0,0,0,0,0,0,0,0,0,0,0,0,0,0,0,0
on/scene20/L7__s20260820__0004.png::boost_e,scene20,none_in_fov,on,0.002573,0.001430,0.001271,0.001887,0.003328,0.688136,0.799471,0.732695,0.788032,0.530930,0.936599,0.998025,0.998928,0.984524,0.811224,0.970254,0.996936,0.997577,0.984250,0.896686,0,0,0,0,0,0,0,0,0,0,0,0,0,0,0,0,0,0,0,0
on/scene20/L7__s20260820__0005.png::boost_e,scene20,V,on,0.004862,0.002950,0.003374,0.005072,0.010451,0.942769,0.982700,0.980652,0.978307,0.846786,0.885766,0.999446,0.999790,0.986613,0.591892,0.937994,0.998620,0.999603,0.995228,0.867473,0,0,0,0,0,0,0,0,0,0,0,0,0,0,0,0,1,1,1,1
on/scene20/L7__s20260820__0006.png::boost_e,scene20,none_in_fov,on,0.000500,0.000216,0.000261,0.000397,0.000788,0.229047,0.244237,0.159469,0.225798,0.056938,0.815067,0.989848,0.995828,0.825239,0.128843,0.652313,0.948347,0.957889,0.693043,0.161493,0,0,0,0,0,0,0,0,0,0,0,0,0,0,0,0,0,0,0,0
on/scene20/L7__s20260820__0007.png::boost_e,scene20,none_in_fov,on,0.000295,0.000134,0.000207,0.000192,0.000364,0.034083,0.024812,0.019117,0.022748,0.008471,0.512998,0.889835,0.946934,0.319800,0.023307,0.569127,0.859096,0.835745,0.382170,0.091839,0,0,0,0,0,0,0,0,0,0,0,0,0,0,0,0,0,0,0,0
off/scene20/L0__s20260821__0000.png::boost_e2,scene20,off,off,0.000004,0.000004,0.000022,0.000008,0.000050,0.000004,0.000002,0.000002,0.000001,0.000002,0.000007,0.000005,0.000007,0.000001,0.000001,0.000274,0.001643,0.002099,0.000106,0.000008,0,0,0,0,0,0,0,0,0,0,0,0,0,0,0,0,0,0,0,0
off/scene20/L0__s20260821__0001.png::boost_e2,scene20,off,off,0.000297,0.000265,0.000626,0.000599,0.001754,0.000788,0.001187,0.001087,0.001309,0.000670,0.000950,0.003717,0.005413,0.002242,0.000394,0.001654,0.001654,0.001860,0.000660,0.000236,0,0,0,0,0,0,0,0,0,0,0,0,0,0,0,0,0,0,0,0
off/scene20/L0__s20260821__0002.png::boost_e2,scene20,off,off,0.000002,0.000002,0.000006,0.000003,0.000010,0.000004,0.000001,0.000001,0.000001,0.000001,0.000498,0.000091,0.000062,0.000005,0.000002,0.002790,0.001270,0.000484,0.000061,0.000071,0,0,0,0,0,0,0,0,0,0,0,0,0,0,0,0,0,0,0,0
off/scene20/L0__s20260821__0003.png::boost_e2,scene20,off,off,0.000004,0.000003,0.000010,0.000003,0.000023,0.000011,0.000004,0.000002,0.000005,0.000005,0.000047,0.000021,0.000025,0.000007,0.000003,0.002933,0.004282,0.003443,0.000229,0.000097,0,0,0,0,0,0,0,0,0,0,0,0,0,0,0,0,0,0,0,0
off/scene20/L0__s20260821__0004.png::boost_e2,scene20,off,off,0.000001,0.000001,0.000004,0.000002,0.000013,0.000002,0.000001,0.000000,0.000001,0.000001,0.000011,0.000008,0.000010,0.000002,0.000001,0.000414,0.001526,0.001594,0.000096,0.000013,0,0,0,0,0,0,0,0,0,0,0,0,0,0,0,0,0,0,0,0
off/scene20/L0__s20260821__0005.png::boost_e2,scene20,off,off,0.000001,0.000000,0.000001,0.000001,0.000004,0.000001,0.000001,0.000000,0.000000,0.000001,0.000006,0.000010,0.000026,0.000001,0.000000,0.000897,0.001001,0.000511,0.000029,0.000016,0,0,0,0,0,0,0,0,0,0,0,0,0,0,0,0,0,0,0,0
off/scene20/L0__s20260821__0006.png::boost_e2,scene20,off,off,0.000069,0.000044,0.000107,0.000079,0.000270,0.000190,0.000125,0.000111,0.000124,0.000116,0.000613,0.000442,0.001070,0.000311,0.000146,0.006151,0.007969,0.005494,0.001105,0.000529,0,0,0,0,0,0,0,0,0,0,0,0,0,0,0,0,0,0,0,0
off/scene20/L0__s20260821__0007.png::boost_e2,scene20,off,off,0.000000,0.000000,0.000001,0.000001,0.000002,0.000001,0.000000,0.000000,0.000000,0.000000,0.000246,0.000045,0.000025,0.000001,0.000000,0.002606,0.003572,0.001007,0.000046,0.000020,0,0,0,0,0,0,0,0,0,0,0,0,0,0,0,0,0,0,0,0
off/scene20/L5__s20260821__0000.png::boost_e2,scene20,off,off,0.000007,0.000005,0.000029,0.000013,0.000049,0.000011,0.000004,0.000004,0.000003,0.000004,0.000018,0.000010,0.000026,0.000005,0.000004,0.000897,0.003290,0.002925,0.000238,0.000037,0,0,0,0,0,0,0,0,0,0,0,0,0,0,0,0,0,0,0,0
off/scene20/L5__s20260821__0001.png::boost_e2,scene20,off,off,0.000842,0.000708,0.001167,0.001398,0.002357,0.005928,0.006634,0.006472,0.009082,0.003127,0.013020,0.027084,0.037237,0.014487,0.003887,0.032105,0.017021,0.006726,0.002623,0.002863,0,0,0,0,0,0,0,0,0,0,0,0,0,0,0,0,0,0,0,0
off/scene20/L5__s20260821__0002.png::boost_e2,scene20,off,off,0.000002,0.000002,0.000004,0.000002,0.000006,0.000004,0.000001,0.000001,0.000001,0.000001,0.000960,0.000213,0.000400,0.000022,0.000005,0.002032,0.000507,0.000243,0.000057,0.000096,0,0,0,0,0,0,0,0,0,0,0,0,0,0,0,0,0,0,0,0
off/scene20/L5__s20260821__0003.png::boost_e2,scene20,off,off,0.000020,0.000016,0.000041,0.000021,0.000096,0.000057,0.000031,0.000020,0.000035,0.000030,0.000146,0.000089,0.000268,0.000117,0.000045,0.002234,0.001588,0.001974,0.000385,0.000238,0,0,0,0,0,0,0,0,0,0,0,0,0,0,0,0,0,0,0,0
off/scene20/L5__s20260821__0004.png::boost_e2,scene20,off,off,0.000002,0.000001,0.000005,0.000003,0.000012,0.000004,0.000002,0.000001,0.000001,0.000002,0.000017,0.000013,0.000025,0.000005,0.000003,0.000781,0.001372,0.001074,0.000108,0.000030,0,0,0,0,0,0,0,0,0,0,0,0,0,0,0,0,0,0,0,0
off/scene20/L5__s20260821__0005.png::boost_e2,scene20,off,off,0.000002,0.000001,0.000003,0.000002,0.000005,0.000005,0.000003,0.000002,0.000002,0.000002,0.000015,0.000025,0.000157,0.000015,0.000005,0.002343,0.002594,0.001594,0.000294,0.000221,0,0,0,0,0,0,0,0,0,0,0,0,0,0,0,0,0,0,0,0
off/scene20/L5__s20260821__0006.png::boost_e2,scene20,off,off,0.000141,0.000078,0.000146,0.000162,0.000352,0.000614,0.000546,0.000469,0.000625,0.000383,0.002318,0.002876,0.013571,0.004544,0.001627,0.011711,0.005541,0.003530,0.001729,0.002174,0,0,0,0,0,0,0,0,0,0,0,0,0,0,0,0,0,0,0,0
off/scene20/L5__s20260821__0007.png::boost_e2,scene20,off,off,0.000005,0.000003,0.000006,0.000004,0.000010,0.000058,0.000014,0.000009,0.000016,0.000010,0.000760,0.000692,0.000485,0.000035,0.000013,0.039799,0.035149,0.006238,0.000564,0.000843,0,0,0,0,0,0,0,0,0,0,0,0,0,0,0,0,0,0,0,0
off/scene20/L7__s20260821__0000.png::boost_e2,scene20,off,off,0.000003,0.000002,0.000014,0.000005,0.000034,0.000003,0.000001,0.000001,0.000001,0.000002,0.000005,0.000003,0.000005,0.000001,0.000001,0.000207,0.001506,0.002437,0.000172,0.000011,0,0,0,0,0,0,0,0,0,0,0,0,0,0,0,0,0,0,0,0
off/scene20/L7__s20260821__0001.png::boost_e2,scene20,off,off,0.000250,0.000215,0.000518,0.000490,0.001577,0.000712,0.001062,0.000936,0.001173,0.000658,0.000972,0.003466,0.004310,0.001951,0.000417,0.001774,0.002088,0.002132,0.000821,0.000292,0,0,0,0,0,0,0,0,0,0,0,0,0,0,0,0,0,0,0,0
off/scene20/L7__s20260821__0002.png::boost_e2,scene20,off,off,0.000002,0.000002,0.000005,0.000002,0.000009,0.000004,0.000001,0.000001,0.000001,0.000001,0.000703,0.000126,0.000108,0.000009,0.000003,0.002594,0.001176,0.000561,0.000092,0.000104,0,0,0,0,0,0,0,0,0,0,0,0,0,0,0,0,0,0,0,0
off/scene20/L7__s20260821__0003.png::boost_e2,scene20,off,off,0.000004,0.000003,0.000010,0.000004,0.000026,0.000012,0.000004,0.000002,0.000005,0.000007,0.000049,0.000022,0.000034,0.000012,0.000006,0.002361,0.003937,0.004093,0.000388,0.000141,0,0,0,0,0,0,0,0,0,0,0,0,0,0,0,0,0,0,0,0
off/scene20/L7__s20260821__0004.png::boost_e2,scene20,off,off,0.000001,0.000001,0.000004,0.000002,0.000014,0.000003,0.000001,0.000001,0.000001,0.000002,0.000014,0.000009,0.000013,0.000003,0.000002,0.000462,0.002240,0.002816,0.000196,0.000019,0,0,0,0,0,0,0,0,0,0,0,0,0,0,0,0,0,0,0,0
off/scene20/L7__s20260821__0005.png::boost_e2,scene20,off,off,0.000000,0.000000,0.000001,0.000000,0.000002,0.000001,0.000000,0.000000,0.000000,0.000000,0.000004,0.000007,0.000033,0.000002,0.000001,0.000889,0.000889,0.000589,0.000063,0.000042,0,0,0,0,0,0,0,0,0,0,0,0,0,0,0,0,0,0,0,0
off/scene20/L7__s20260821__0006.png::boost_e2,scene20,off,off,0.000058,0.000040,0.000077,0.000063,0.000201,0.000140,0.000101,0.000088,0.000097,0.000100,0.000413,0.000370,0.001071,0.000388,0.000171,0.004747,0.004911,0.004163,0.001239,0.000745,0,0,0,0,0,0,0,0,0,0,0,0,0,0,0,0,0,0,0,0
off/scene20/L7__s20260821__0007.png::boost_e2,scene20,off,off,0.000001,0.000001,0.000002,0.000001,0.000004,0.000003,0.000000,0.000000,0.000000,0.000000,0.000369,0.000070,0.000044,0.000001,0.000001,0.003175,0.004180,0.001180,0.000078,0.000033,0,0,0,0,0,0,0,0,0,0,0,0,0,0,0,0,0,0,0,0
on/scene20/L0__s20260821__0000.png::boost_e2,scene20,H,on,0.003225,0.001951,0.004527,0.003585,0.008754,0.275213,0.242648,0.282435,0.253745,0.125878,0.226430,0.736582,0.841579,0.207236,0.038104,0.424344,0.950911,0.958958,0.692950,0.073252,0,0,0,0,0,0,0,0,0,0,0,0,0,0,0,1,1,1,1,1
on/scene20/L0__s20260821__0001.png::boost_e2,scene20,none_in_fov,on,0.011453,0.007375,0.013263,0.013914,0.032071,0.704596,0.710657,0.684181,0.755631,0.422983,0.313257,0.924191,0.957781,0.579910,0.061924,0.218899,0.785285,0.837199,0.336353,0.025049,0,0,0,0,0,0,0,0,0,0,0,0,0,0,0,0,0,0,0,0
on/scene20/L0__s20260821__0002.png::boost_e2,scene20,V,on,0.002541,0.002181,0.001955,0.002630,0.002802,0.256347,0.216551,0.227692,0.298781,0.068556,0.969430,0.992381,0.994487,0.730655,0.123992,0.856363,0.883953,0.745423,0.428504,0.289212,0,0,0,0,0,0,0,0,0,0,0,0,0,0,0,1,1,1,1,1
on/scene20/L0__s20260821__0003.png::boost_e2,scene20,V,on,0.010684,0.007478,0.010982,0.009685,0.017564,0.884185,0.947177,0.950454,0.950257,0.755356,0.861496,0.996993,0.998200,0.952407,0.420599,0.909399,0.993191,0.996077,0.959338,0.684676,0,0,0,0,0,0,0,0,0,0,0,0,0,0,0,1,1,1,1,1
on/scene20/L0__s20260821__0004.png::boost_e2,scene20,none_in_fov,on,0.004273,0.004478,0.006666,0.007411,0.011807,0.500957,0.566697,0.553795,0.524319,0.330035,0.613904,0.943828,0.953887,0.520524,0.170233,0.852555,0.974757,0.967615,0.706109,0.286085,0,0,0,0,0,0,0,0,0,0,0,0,0,0,0,0,0,0,0,0
on/scene20/L0__s20260821__0005.png::boost_e2,scene20,none_in_fov,on,0.000159,0.000102,0.000162,0.000215,0.000365,0.067764,0.098300,0.097144,0.074702,0.019349,0.238703,0.902484,0.942357,0.088616,0.009033,0.900106,0.988759,0.972186,0.533959,0.175884,0,0,0,0,0,0,0,0,0,0,0,0,0,0,0,0,0,0,0,0
on/scene20/L0__s20260821__0006.png::boost_e2,scene20,H,on,0.001781,0.000927,0.000896,0.001648,0.002996,0.381292,0.642390,0.629196,0.663450,0.373358,0.403828,0.973221,0.993005,0.918320,0.538284,0.790204,0.989673,0.996730,0.988817,0.851347,0,0,0,0,0,0,0,0,0,0,0,0,0,0,0,0,1,1,1,1
on/scene20/L0__s20260821__0007.png::boost_e2,scene20,V,on,0.000561,0.000418,0.000467,0.000643,0.000750,0.122572,0.131004,0.108203,0.140113,0.023553,0.873211,0.984344,0.984995,0.452385,0.037921,0.741884,0.867867,0.720291,0.254325,0.126462,0,0,0,0,0,0,0,0,0,0,0,0,0,0,0,1,1,1,1,1
on/scene20/L5__s20260821__0000.png::boost_e2,scene20,H,on,0.004462,0.002178,0.003226,0.003576,0.007113,0.229386,0.206896,0.266205,0.242399,0.127829,0.245721,0.702459,0.888179,0.482646,0.144935,0.494590,0.894401,0.901454,0.736501,0.274573,0,0,0,0,0,0,0,0,0,0,0,0,0,0,0,1,1,1,1,1
on/scene20/L5__s20260821__0001.png::boost_e2,scene20,none_in_fov,on,0.003060,0.001954,0.003116,0.003687,0.007685,0.477899,0.530920,0.541787,0.573595,0.222877,0.237196,0.904797,0.935254,0.386929,0.038681,0.538496,0.929028,0.905762,0.505798,0.088947,0,0,0,0,0,0,0,0,0,0,0,0,0,0,0,0,0,0,0,0
on/scene20/L5__s20260821__0002.png::boost_e2,scene20,V,on,0.001291,0.000778,0.000696,0.001124,0.001152,0.101683,0.075914,0.081072,0.112876,0.020890,0.960779,0.985845,0.997290,0.880177,0.190019,0.667670,0.565852,0.472106,0.308155,0.234832,0,0,0,0,0,0,0,0,0,0,0,0,0,0,0,1,1,1,1,1
on/scene20/L5__s20260821__0003.png::boost_e2,scene20,V,on,0.012167,0.008456,0.009974,0.010590,0.018486,0.865725,0.935145,0.935481,0.943144,0.751089,0.885536,0.995085,0.997735,0.970563,0.662596,0.921961,0.990257,0.993900,0.966469,0.823310,0,0,0,0,0,0,0,0,0,0,0,0,0,0,0,1,1,1,1,1
on/scene20/L5__s20260821__0004.png::boost_e2,scene20,none_in_fov,on,0.001618,0.001442,0.001806,0.002411,0.004001,0.271885,0.379964,0.398115,0.352951,0.164893,0.536351,0.932810,0.946724,0.520454,0.170212,0.885998,0.982052,0.970134,0.779491,0.420358,0,0,0,0,0,0,0,0,0,0,0,0,0,0,0,0,0,0,0,0
on/scene20/L5__s20260821__0005.png::boost_e2,scene20,none_in_fov,on,0.000130,0.000073,0.000114,0.000125,0.000198,0.024902,0.047023,0.043495,0.033994,0.010866,0.057803,0.513522,0.805339,0.071349,0.009546,0.788984,0.965531,0.920037,0.542926,0.239895,0,0,0,0,0,0,0,0,0,0,0,0,0,0,0,0,0,0,0,0
on/scene20/L5__s20260821__0006.png::boost_e2,scene20,H,on,0.002148,0.000915,0.000887,0.001694,0.003124,0.268891,0.464898,0.394874,0.493372,0.302535,0.285776,0.923830,0.987755,0.931115,0.647448,0.597857,0.958789,0.984820,0.970823,0.752779,0,0,0,0,0,0,0,0,0,0,0,0,0,0,0,0,1,1,1,1
on/scene20/L5__s20260821__0007.png::boost_e2,scene20,V,on,0.000849,0.000547,0.000447,0.000618,0.000750,0.232986,0.332446,0.312556,0.378744,0.076442,0.799407,0.992892,0.996223,0.841101,0.121424,0.889533,0.971841,0.961665,0.814987,0.619165,0,0,0,0,0,0,0,0,0,0,0,0,0,0,0,1,1,1,1,1
on/scene20/L7__s20260821__0000.png::boost_e2,scene20,H,on,0.009087,0.005984,0.012786,0.010412,0.023454,0.290090,0.192196,0.236042,0.256306,0.144554,0.200767,0.467948,0.646544,0.176521,0.050517,0.316180,0.848333,0.854941,0.499757,0.058578,0,0,0,0,0,0,0,0,0,0,0,0,0,0,0,1,1,1,1,1
on/scene20/L7__s20260821__0001.png::boost_e2,scene20,none_in_fov,on,0.015844,0.010419,0.018581,0.021555,0.044185,0.678521,0.662870,0.640908,0.748838,0.417779,0.319541,0.870066,0.924324,0.527157,0.071456,0.228368,0.706513,0.737738,0.260627,0.023770,0,0,0,0,0,0,0,0,0,0,0,0,0,0,0,0,0,0,0,0
on/scene20/L7__s20260821__0002.png::boost_e2,scene20,V,on,0.002316,0.001854,0.001431,0.002219,0.002347,0.243391,0.228991,0.245143,0.315589,0.075205,0.973623,0.993271,0.997131,0.875322,0.267029,0.860015,0.884046,0.839041,0.695300,0.541004,0,0,0,0,0,0,0,0,0,0,0,0,0,0,0,1,1,1,1,1
on/scene20/L7__s20260821__0003.png::boost_e2,scene20,V,on,0.012626,0.010095,0.011791,0.013572,0.021080,0.867470,0.942262,0.949064,0.951574,0.786493,0.871566,0.995593,0.998324,0.974230,0.659520,0.929856,0.992525,0.996760,0.979811,0.849129,0,0,0,0,0,0,0,0,0,0,0,0,0,0,0,1,1,1,1,1
on/scene20/L7__s20260821__0004.png::boost_e2,scene20,none_in_fov,on,0.003973,0.004234,0.006198,0.007532,0.011895,0.365759,0.440874,0.430467,0.434695,0.236342,0.463902,0.860355,0.878405,0.414993,0.148064,0.774992,0.942378,0.921055,0.565385,0.217182,0,0,0,0,0,0,0,0,0,0,0,0,0,0,0,0,0,0,0,0
on/scene20/L7__s20260821__0005.png::boost_e2,scene20,none_in_fov,on,0.000143,0.000106,0.000130,0.000191,0.000273,0.043770,0.073259,0.071455,0.058401,0.015438,0.170125,0.834116,0.936643,0.128604,0.013901,0.899469,0.981487,0.950797,0.612642,0.327661,0,0,0,0,0,0,0,0,0,0,0,0,0,0,0,0,0,0,0,0
on/scene20/L7__s20260821__0006.png::boost_e2,scene20,H,on,0.002670,0.001462,0.001360,0.002463,0.004418,0.425298,0.644669,0.635795,0.678895,0.406895,0.422701,0.962899,0.988935,0.895639,0.509614,0.772322,0.984130,0.993569,0.978147,0.790200,0,0,0,0,0,0,0,0,0,0,0,0,0,0,0,0,1,1,1,1
on/scene20/L7__s20260821__0007.png::boost_e2,scene20,V,on,0.000645,0.000492,0.000480,0.000731,0.000803,0.103014,0.112615,0.099353,0.135438,0.024276,0.856205,0.975933,0.988983,0.606651,0.067997,0.706489,0.800668,0.710828,0.390227,0.219128,0,0,0,0,0,0,0,0,0,0,0,0,0,0,0,1,1,1,1,1
