scene,stem,pair,frame,tier_A,tier_B,px_ge8,px_ge32,n_px,pct_ge8,pct_ge32
scene12,260823_cueoff,A_vs_B1,L0__s20260820__0000.png,H,H,934216,368591,2073600,45.0529,17.7754
scene12,260823_cueoff,A_vs_B1,L0__s20260820__0001.png,H,H,697099,405926,2073600,33.6178,19.5759
scene12,260823_cueoff,A_vs_B1,L0__s20260820__0002.png,H,H,892095,491864,2073600,43.0216,23.7203
scene12,260823_cueoff,A_vs_B1,L0__s20260820__0003.png,H,H,778947,457739,2073600,37.565,22.0746
scene12,260823_cueoff,A_vs_B1,L0__s20260820__0004.png,H,H,871460,374927,2073600,42.0264,18.081
scene12,260823_cueoff,A_vs_B1,L0__s20260820__0005.png,H,H,922266,539293,2073600,44.4766,26.0076
scene12,260823_cueoff,A_vs_B1,L0__s20260820__0006.png,H,H,870802,354356,2073600,41.9947,17.0889
scene12,260823_cueoff,A_vs_B1,L0__s20260820__0007.png,H,H,910681,383143,2073600,43.9179,18.4772
scene12,260823_cueoff,A_vs_B1,L5__s20260820__0000.png,H,H,1616603,1376873,2073600,77.9612,66.4001
scene12,260823_cueoff,A_vs_B1,L5__s20260820__0001.png,H,H,1280500,1038406,2073600,61.7525,50.0774
scene12,260823_cueoff,A_vs_B1,L5__s20260820__0002.png,H,H,1052159,498286,2073600,50.7407,24.03
scene12,260823_cueoff,A_vs_B1,L5__s20260820__0003.png,H,H,1392581,1086994,2073600,67.1576,52.4206
scene12,260823_cueoff,A_vs_B1,L5__s20260820__0004.png,H,H,1721122,1522561,2073600,83.0016,73.426
scene12,260823_cueoff,A_vs_B1,L5__s20260820__0005.png,H,H,1524860,1177452,2073600,73.5368,56.783
scene12,260823_cueoff,A_vs_B1,L5__s20260820__0006.png,H,H,1509777,1185474,2073600,72.8095,57.1698
scene12,260823_cueoff,A_vs_B1,L5__s20260820__0007.png,H,H,1304230,581217,2073600,62.8969,28.0294
scene12,260823_cueoff,A_vs_B1,L7__s20260820__0000.png,H,H,1363840,507049,2073600,65.7716,24.4526
scene12,260823_cueoff,A_vs_B1,L7__s20260820__0001.png,H,H,958355,415283,2073600,46.217,20.0272
scene12,260823_cueoff,A_vs_B1,L7__s20260820__0002.png,H,H,1550434,1438513,2073600,74.7702,69.3727
scene12,260823_cueoff,A_vs_B1,L7__s20260820__0003.png,H,H,996401,433204,2073600,48.0517,20.8914
scene12,260823_cueoff,A_vs_B1,L7__s20260820__0004.png,H,H,1348524,422655,2073600,65.033,20.3827
scene12,260823_cueoff,A_vs_B1,L7__s20260820__0005.png,H,H,1580034,1332237,2073600,76.1976,64.2475
scene12,260823_cueoff,A_vs_B1,L7__s20260820__0006.png,H,H,1343402,503579,2073600,64.786,24.2853
scene12,260823_cueoff,A_vs_B1,L7__s20260820__0007.png,H,H,1325289,430260,2073600,63.9125,20.7494
scene12,260823_cueoff,A_vs_B2,L0__s20260820__0000.png,H,H,149890,128810,2073600,7.2285,6.2119
scene12,260823_cueoff,A_vs_B2,L0__s20260820__0001.png,H,H,103758,84872,2073600,5.0038,4.093
scene12,260823_cueoff,A_vs_B2,L0__s20260820__0002.png,H,H,43697,27893,2073600,2.1073,1.3451
scene12,260823_cueoff,A_vs_B2,L0__s20260820__0003.png,H,H,176653,141972,2073600,8.5191,6.8466
scene12,260823_cueoff,A_vs_B2,L0__s20260820__0004.png,H,H,103585,69967,2073600,4.9954,3.3742
scene12,260823_cueoff,A_vs_B2,L0__s20260820__0005.png,H,H,177132,158824,2073600,8.5422,7.6593
scene12,260823_cueoff,A_vs_B2,L0__s20260820__0006.png,H,H,197584,175216,2073600,9.5285,8.4498
scene12,260823_cueoff,A_vs_B2,L0__s20260820__0007.png,H,H,140968,106989,2073600,6.7982,5.1596
scene12,260823_cueoff,A_vs_B2,L5__s20260820__0000.png,H,H,226310,115659,2073600,10.9139,5.5777
scene12,260823_cueoff,A_vs_B2,L5__s20260820__0001.png,H,H,140568,56418,2073600,6.7789,2.7208
scene12,260823_cueoff,A_vs_B2,L5__s20260820__0002.png,H,H,171569,112398,2073600,8.274,5.4204
scene12,260823_cueoff,A_vs_B2,L5__s20260820__0003.png,H,H,198619,90902,2073600,9.5785,4.3838
scene12,260823_cueoff,A_vs_B2,L5__s20260820__0004.png,H,H,158199,45974,2073600,7.6292,2.2171
scene12,260823_cueoff,A_vs_B2,L5__s20260820__0005.png,H,H,218818,139079,2073600,10.5526,6.7071
scene12,260823_cueoff,A_vs_B2,L5__s20260820__0006.png,H,H,289609,128093,2073600,13.9665,6.1773
scene12,260823_cueoff,A_vs_B2,L5__s20260820__0007.png,H,H,282439,177260,2073600,13.6207,8.5484
scene12,260823_cueoff,A_vs_B2,L7__s20260820__0000.png,H,H,257040,128407,2073600,12.3958,6.1925
scene12,260823_cueoff,A_vs_B2,L7__s20260820__0001.png,H,H,158595,85863,2073600,7.6483,4.1408
scene12,260823_cueoff,A_vs_B2,L7__s20260820__0002.png,H,H,84659,29842,2073600,4.0827,1.4391
scene12,260823_cueoff,A_vs_B2,L7__s20260820__0003.png,H,H,213809,137857,2073600,10.311,6.6482
scene12,260823_cueoff,A_vs_B2,L7__s20260820__0004.png,H,H,210819,72078,2073600,10.1668,3.476
scene12,260823_cueoff,A_vs_B2,L7__s20260820__0005.png,H,H,247641,152131,2073600,11.9426,7.3366
scene12,260823_cueoff,A_vs_B2,L7__s20260820__0006.png,H,H,343161,182745,2073600,16.549,8.8129
scene12,260823_cueoff,A_vs_B2,L7__s20260820__0007.png,H,H,243129,106767,2073600,11.725,5.1489
scene12,260823_cueoff,A_vs_P,L0__s20260820__0000.png,H,H,39890,31389,2073600,1.9237,1.5137
scene12,260823_cueoff,A_vs_P,L0__s20260820__0001.png,H,H,101134,82856,2073600,4.8772,3.9958
scene12,260823_cueoff,A_vs_P,L0__s20260820__0002.png,H,H,116504,86175,2073600,5.6184,4.1558
scene12,260823_cueoff,A_vs_P,L0__s20260820__0003.png,H,H,5969,4673,2073600,0.2879,0.2254
scene12,260823_cueoff,A_vs_P,L0__s20260820__0004.png,H,H,132644,114127,2073600,6.3968,5.5038
scene12,260823_cueoff,A_vs_P,L0__s20260820__0005.png,H,H,15250,12977,2073600,0.7354,0.6258
scene12,260823_cueoff,A_vs_P,L0__s20260820__0006.png,H,H,20246,15203,2073600,0.9764,0.7332
scene12,260823_cueoff,A_vs_P,L0__s20260820__0007.png,H,H,171107,147463,2073600,8.2517,7.1114
scene12,260823_cueoff,A_vs_P,L5__s20260820__0000.png,H,H,34772,19021,2073600,1.6769,0.9173
scene12,260823_cueoff,A_vs_P,L5__s20260820__0001.png,H,H,111242,73228,2073600,5.3647,3.5314
scene12,260823_cueoff,A_vs_P,L5__s20260820__0002.png,H,H,158326,104747,2073600,7.6353,5.0515
scene12,260823_cueoff,A_vs_P,L5__s20260820__0003.png,H,H,2829,186,2073600,0.1364,0.009
scene12,260823_cueoff,A_vs_P,L5__s20260820__0004.png,H,H,135453,90741,2073600,6.5323,4.376
scene12,260823_cueoff,A_vs_P,L5__s20260820__0005.png,H,H,12143,105,2073600,0.5856,0.0051
scene12,260823_cueoff,A_vs_P,L5__s20260820__0006.png,H,H,20018,9347,2073600,0.9654,0.4508
scene12,260823_cueoff,A_vs_P,L5__s20260820__0007.png,H,H,242408,121446,2073600,11.6902,5.8568
scene12,260823_cueoff,A_vs_P,L7__s20260820__0000.png,H,H,132620,77558,2073600,6.3956,3.7403
scene12,260823_cueoff,A_vs_P,L7__s20260820__0001.png,H,H,155591,98981,2073600,7.5034,4.7734
scene12,260823_cueoff,A_vs_P,L7__s20260820__0002.png,H,H,123683,100293,2073600,5.9647,4.8367
scene12,260823_cueoff,A_vs_P,L7__s20260820__0003.png,H,H,19025,9706,2073600,0.9175,0.4681
scene12,260823_cueoff,A_vs_P,L7__s20260820__0004.png,H,H,186099,123635,2073600,8.9747,5.9623
scene12,260823_cueoff,A_vs_P,L7__s20260820__0005.png,H,H,26,0,2073600,0.0013,0.0
scene12,260823_cueoff,A_vs_P,L7__s20260820__0006.png,H,H,78944,56789,2073600,3.8071,2.7387
scene12,260823_cueoff,A_vs_P,L7__s20260820__0007.png,H,H,295673,155654,2073600,14.2589,7.5065
scene12,260823_cueoff,A_vs_C,L0__s20260820__0000.png,H,none_in_fov,182176,154938,2073600,8.7855,7.4719
scene12,260823_cueoff,A_vs_C,L0__s20260820__0001.png,H,none_in_fov,190974,160192,2073600,9.2098,7.7253
scene12,260823_cueoff,A_vs_C,L0__s20260820__0002.png,H,none_in_fov,247792,206071,2073600,11.9498,9.9378
scene12,260823_cueoff,A_vs_C,L0__s20260820__0003.png,H,none_in_fov,242420,187366,2073600,11.6908,9.0358
scene12,260823_cueoff,A_vs_C,L0__s20260820__0004.png,H,none_in_fov,330425,258139,2073600,15.9348,12.4488
scene12,260823_cueoff,A_vs_C,L0__s20260820__0005.png,H,none_in_fov,240237,181813,2073600,11.5855,8.768
scene12,260823_cueoff,A_vs_C,L0__s20260820__0006.png,H,none_in_fov,147517,120352,2073600,7.1141,5.804
scene12,260823_cueoff,A_vs_C,L0__s20260820__0007.png,H,none_in_fov,167631,138010,2073600,8.0841,6.6556
scene12,260823_cueoff,A_vs_C,L5__s20260820__0000.png,H,none_in_fov,224901,94207,2073600,10.8459,4.5432
scene12,260823_cueoff,A_vs_C,L5__s20260820__0001.png,H,none_in_fov,240680,81371,2073600,11.6069,3.9241
scene12,260823_cueoff,A_vs_C,L5__s20260820__0002.png,H,none_in_fov,268638,111332,2073600,12.9552,5.369
scene12,260823_cueoff,A_vs_C,L5__s20260820__0003.png,H,none_in_fov,301734,85576,2073600,14.5512,4.1269
scene12,260823_cueoff,A_vs_C,L5__s20260820__0004.png,H,none_in_fov,412836,113004,2073600,19.9091,5.4497
scene12,260823_cueoff,A_vs_C,L5__s20260820__0005.png,H,none_in_fov,377478,178252,2073600,18.204,8.5963
scene12,260823_cueoff,A_vs_C,L5__s20260820__0006.png,H,none_in_fov,198004,86968,2073600,9.5488,4.1941
scene12,260823_cueoff,A_vs_C,L5__s20260820__0007.png,H,none_in_fov,201563,81874,2073600,9.7204,3.9484
scene12,260823_cueoff,A_vs_C,L7__s20260820__0000.png,H,none_in_fov,220727,136104,2073600,10.6446,6.5637
scene12,260823_cueoff,A_vs_C,L7__s20260820__0001.png,H,none_in_fov,232720,134389,2073600,11.223,6.481
scene12,260823_cueoff,A_vs_C,L7__s20260820__0002.png,H,none_in_fov,269392,87362,2073600,12.9915,4.2131
scene12,260823_cueoff,A_vs_C,L7__s20260820__0003.png,H,none_in_fov,281319,150335,2073600,13.5667,7.25
scene12,260823_cueoff,A_vs_C,L7__s20260820__0004.png,H,none_in_fov,404539,247604,2073600,19.509,11.9408
scene12,260823_cueoff,A_vs_C,L7__s20260820__0005.png,H,none_in_fov,255617,73248,2073600,12.3272,3.5324
scene12,260823_cueoff,A_vs_C,L7__s20260820__0006.png,H,none_in_fov,207455,122506,2073600,10.0046,5.9079
scene12,260823_cueoff,A_vs_C,L7__s20260820__0007.png,H,none_in_fov,205152,111103,2073600,9.8935,5.358
scene17,260823_cueoff,A_vs_B1,L0__s20260820__0000.png,H,H,543940,500585,2073600,26.2317,24.1409
scene17,260823_cueoff,A_vs_B1,L0__s20260820__0001.png,H,H,886434,782786,2073600,42.7486,37.7501
scene17,260823_cueoff,A_vs_B1,L0__s20260820__0002.png,H,H,492500,428185,2073600,23.751,20.6494
scene17,260823_cueoff,A_vs_B1,L0__s20260820__0003.png,H,H,801041,712935,2073600,38.6304,34.3815
scene17,260823_cueoff,A_vs_B1,L0__s20260820__0004.png,H,H,641167,530766,2073600,30.9205,25.5964
scene17,260823_cueoff,A_vs_B1,L0__s20260820__0005.png,H,H,732834,668880,2073600,35.3411,32.2569
scene17,260823_cueoff,A_vs_B1,L0__s20260820__0006.png,H,H,636823,576853,2073600,30.711,27.8189
scene17,260823_cueoff,A_vs_B1,L0__s20260820__0007.png,H,H,635771,602330,2073600,30.6603,29.0476
scene17,260823_cueoff,A_vs_B1,L5__s20260820__0000.png,H,H,701183,509898,2073600,33.8148,24.59
scene17,260823_cueoff,A_vs_B1,L5__s20260820__0001.png,H,H,984835,840126,2073600,47.494,40.5153
scene17,260823_cueoff,A_vs_B1,L5__s20260820__0002.png,H,H,621223,433460,2073600,29.9587,20.9037
scene17,260823_cueoff,A_vs_B1,L5__s20260820__0003.png,H,H,944380,772297,2073600,45.543,37.2443
scene17,260823_cueoff,A_vs_B1,L5__s20260820__0004.png,H,H,790770,599258,2073600,38.1351,28.8994
scene17,260823_cueoff,A_vs_B1,L5__s20260820__0005.png,H,H,851038,700336,2073600,41.0416,33.7739
scene17,260823_cueoff,A_vs_B1,L5__s20260820__0006.png,H,H,746774,607060,2073600,36.0134,29.2757
scene17,260823_cueoff,A_vs_B1,L5__s20260820__0007.png,H,H,782109,614864,2073600,37.7174,29.652
scene17,260823_cueoff,A_vs_B1,L7__s20260820__0000.png,H,H,610155,500615,2073600,29.4249,24.1423
scene17,260823_cueoff,A_vs_B1,L7__s20260820__0001.png,H,H,972534,820112,2073600,46.9008,39.5502
scene17,260823_cueoff,A_vs_B1,L7__s20260820__0002.png,H,H,606622,423041,2073600,29.2545,20.4013
scene17,260823_cueoff,A_vs_B1,L7__s20260820__0003.png,H,H,910177,745066,2073600,43.8936,35.931
scene17,260823_cueoff,A_vs_B1,L7__s20260820__0004.png,H,H,759845,581891,2073600,36.6438,28.0619
scene17,260823_cueoff,A_vs_B1,L7__s20260820__0005.png,H,H,817897,679098,2073600,39.4433,32.7497
scene17,260823_cueoff,A_vs_B1,L7__s20260820__0006.png,H,H,718067,581801,2073600,34.629,28.0575
scene17,260823_cueoff,A_vs_B1,L7__s20260820__0007.png,H,H,726034,585040,2073600,35.0132,28.2137
scene17,260823_cueoff,A_vs_P,L0__s20260820__0000.png,H,H,367456,328414,2073600,17.7207,15.8379
scene17,260823_cueoff,A_vs_P,L0__s20260820__0001.png,H,H,512094,423700,2073600,24.6959,20.4331
scene17,260823_cueoff,A_vs_P,L0__s20260820__0002.png,H,H,302580,247474,2073600,14.592,11.9345
scene17,260823_cueoff,A_vs_P,L0__s20260820__0003.png,H,H,508919,427358,2073600,24.5428,20.6095
scene17,260823_cueoff,A_vs_P,L0__s20260820__0004.png,H,H,263959,170499,2073600,12.7295,8.2224
scene17,260823_cueoff,A_vs_P,L0__s20260820__0005.png,H,H,449969,386907,2073600,21.6999,18.6587
scene17,260823_cueoff,A_vs_P,L0__s20260820__0006.png,H,H,270508,215177,2073600,13.0453,10.377
scene17,260823_cueoff,A_vs_P,L0__s20260820__0007.png,H,H,426543,398986,2073600,20.5702,19.2412
scene17,260823_cueoff,A_vs_P,L5__s20260820__0000.png,H,H,473686,332480,2073600,22.8437,16.034
scene17,260823_cueoff,A_vs_P,L5__s20260820__0001.png,H,H,589092,476998,2073600,28.4091,23.0034
scene17,260823_cueoff,A_vs_P,L5__s20260820__0002.png,H,H,403055,248799,2073600,19.4375,11.9984
scene17,260823_cueoff,A_vs_P,L5__s20260820__0003.png,H,H,637318,498275,2073600,30.7349,24.0295
scene17,260823_cueoff,A_vs_P,L5__s20260820__0004.png,H,H,393018,237722,2073600,18.9534,11.4642
scene17,260823_cueoff,A_vs_P,L5__s20260820__0005.png,H,H,532084,411141,2073600,25.6599,19.8274
scene17,260823_cueoff,A_vs_P,L5__s20260820__0006.png,H,H,366763,262267,2073600,17.6873,12.6479
scene17,260823_cueoff,A_vs_P,L5__s20260820__0007.png,H,H,545892,411889,2073600,26.3258,19.8635
scene17,260823_cueoff,A_vs_P,L7__s20260820__0000.png,H,H,421928,325098,2073600,20.3476,15.678
scene17,260823_cueoff,A_vs_P,L7__s20260820__0001.png,H,H,586322,466965,2073600,28.2756,22.5195
scene17,260823_cueoff,A_vs_P,L7__s20260820__0002.png,H,H,407013,239927,2073600,19.6283,11.5706
scene17,260823_cueoff,A_vs_P,L7__s20260820__0003.png,H,H,598665,468707,2073600,28.8708,22.6035
scene17,260823_cueoff,A_vs_P,L7__s20260820__0004.png,H,H,369637,228792,2073600,17.8259,11.0336
scene17,260823_cueoff,A_vs_P,L7__s20260820__0005.png,H,H,523048,392202,2073600,25.2242,18.9141
scene17,260823_cueoff,A_vs_P,L7__s20260820__0006.png,H,H,343114,231660,2073600,16.5468,11.1719
scene17,260823_cueoff,A_vs_P,L7__s20260820__0007.png,H,H,506067,383010,2073600,24.4052,18.4708
scene17,260823_cueoff,A_vs_C,L0__s20260820__0000.png,H,none_in_fov,185233,149684,2073600,8.9329,7.2186
scene17,260823_cueoff,A_vs_C,L0__s20260820__0001.png,H,none_in_fov,550808,443492,2073600,26.5629,21.3875
scene17,260823_cueoff,A_vs_C,L0__s20260820__0002.png,H,none_in_fov,250690,167567,2073600,12.0896,8.081
scene17,260823_cueoff,A_vs_C,L0__s20260820__0003.png,H,none_in_fov,432830,352819,2073600,20.8734,17.0148
scene17,260823_cueoff,A_vs_C,L0__s20260820__0004.png,H,none_in_fov,560702,455190,2073600,27.04,21.9517
scene17,260823_cueoff,A_vs_C,L0__s20260820__0005.png,H,none_in_fov,344348,282026,2073600,16.6063,13.6008
scene17,260823_cueoff,A_vs_C,L0__s20260820__0006.png,H,none_in_fov,438380,373014,2073600,21.141,17.9887
scene17,260823_cueoff,A_vs_C,L0__s20260820__0007.png,H,none_in_fov,209676,170763,2073600,10.1117,8.2351
scene17,260823_cueoff,A_vs_C,L5__s20260820__0000.png,H,none_in_fov,185728,140409,2073600,8.9568,6.7713
scene17,260823_cueoff,A_vs_C,L5__s20260820__0001.png,H,none_in_fov,522156,427083,2073600,25.1811,20.5962
scene17,260823_cueoff,A_vs_C,L5__s20260820__0002.png,H,none_in_fov,233151,160340,2073600,11.2438,7.7324
scene17,260823_cueoff,A_vs_C,L5__s20260820__0003.png,H,none_in_fov,413545,289749,2073600,19.9433,13.9732
scene17,260823_cueoff,A_vs_C,L5__s20260820__0004.png,H,none_in_fov,530430,436956,2073600,25.5802,21.0723
scene17,260823_cueoff,A_vs_C,L5__s20260820__0005.png,H,none_in_fov,333301,261722,2073600,16.0735,12.6216
scene17,260823_cueoff,A_vs_C,L5__s20260820__0006.png,H,none_in_fov,427234,280829,2073600,20.6035,13.5431
scene17,260823_cueoff,A_vs_C,L5__s20260820__0007.png,H,none_in_fov,206270,120891,2073600,9.9474,5.83
scene17,260823_cueoff,A_vs_C,L7__s20260820__0000.png,H,none_in_fov,187239,148966,2073600,9.0297,7.1839
scene17,260823_cueoff,A_vs_C,L7__s20260820__0001.png,H,none_in_fov,539081,412246,2073600,25.9973,19.8807
scene17,260823_cueoff,A_vs_C,L7__s20260820__0002.png,H,none_in_fov,249343,152685,2073600,12.0246,7.3633
scene17,260823_cueoff,A_vs_C,L7__s20260820__0003.png,H,none_in_fov,419875,315673,2073600,20.2486,15.2234
scene17,260823_cueoff,A_vs_C,L7__s20260820__0004.png,H,none_in_fov,551382,415922,2073600,26.5906,20.058
scene17,260823_cueoff,A_vs_C,L7__s20260820__0005.png,H,none_in_fov,339156,285661,2073600,16.3559,13.7761
scene17,260823_cueoff,A_vs_C,L7__s20260820__0006.png,H,none_in_fov,430688,335647,2073600,20.7701,16.1867
scene17,260823_cueoff,A_vs_C,L7__s20260820__0007.png,H,none_in_fov,209656,165076,2073600,10.1107,7.9608
scene20,260823_cueoff,A_vs_B1,L0__s20260821__0000.png,H,H,1264766,565836,2073600,60.9937,27.2876
scene20,260823_cueoff,A_vs_B1,L0__s20260821__0001.png,none_in_fov,none_in_fov,887157,416662,2073600,42.7834,20.0937
scene20,260823_cueoff,A_vs_B1,L0__s20260821__0002.png,V,V,715540,634213,2073600,34.5071,30.5851
scene20,260823_cueoff,A_vs_B1,L0__s20260821__0003.png,V,V,812055,713752,2073600,39.1616,34.4209
scene20,260823_cueoff,A_vs_B1,L0__s20260821__0004.png,none_in_fov,none_in_fov,699121,628968,2073600,33.7153,30.3322
scene20,260823_cueoff,A_vs_B1,L0__s20260821__0005.png,none_in_fov,H,564500,526923,2073600,27.2232,25.411
scene20,260823_cueoff,A_vs_B1,L0__s20260821__0006.png,H,H,605393,577945,2073600,29.1953,27.8716
scene20,260823_cueoff,A_vs_B1,L0__s20260821__0007.png,V,V,873960,793145,2073600,42.147,38.2497
scene20,260823_cueoff,A_vs_B1,L5__s20260821__0000.png,H,H,1533860,785965,2073600,73.9709,37.9034
scene20,260823_cueoff,A_vs_B1,L5__s20260821__0001.png,none_in_fov,none_in_fov,1079644,608558,2073600,52.0662,29.3479
scene20,260823_cueoff,A_vs_B1,L5__s20260821__0002.png,V,V,865750,672137,2073600,41.7511,32.414
scene20,260823_cueoff,A_vs_B1,L5__s20260821__0003.png,V,V,1001833,770549,2073600,48.3137,37.16
scene20,260823_cueoff,A_vs_B1,L5__s20260821__0004.png,none_in_fov,none_in_fov,750846,640121,2073600,36.2098,30.87
scene20,260823_cueoff,A_vs_B1,L5__s20260821__0005.png,none_in_fov,H,624202,510740,2073600,30.1023,24.6306
scene20,260823_cueoff,A_vs_B1,L5__s20260821__0006.png,H,H,1330278,1017028,2073600,64.1531,49.0465
scene20,260823_cueoff,A_vs_B1,L5__s20260821__0007.png,V,V,1011613,781693,2073600,48.7853,37.6974
scene20,260823_cueoff,A_vs_B1,L7__s20260821__0000.png,H,H,1311074,544932,2073600,63.2269,26.2795
scene20,260823_cueoff,A_vs_B1,L7__s20260821__0001.png,none_in_fov,none_in_fov,890684,412894,2073600,42.9535,19.9119
scene20,260823_cueoff,A_vs_B1,L7__s20260821__0002.png,V,V,805257,643232,2073600,38.8338,31.0201
scene20,260823_cueoff,A_vs_B1,L7__s20260821__0003.png,V,V,934213,719058,2073600,45.0527,34.6768
scene20,260823_cueoff,A_vs_B1,L7__s20260821__0004.png,none_in_fov,none_in_fov,714244,625776,2073600,34.4446,30.1782
scene20,260823_cueoff,A_vs_B1,L7__s20260821__0005.png,none_in_fov,H,604486,503836,2073600,29.1515,24.2976
scene20,260823_cueoff,A_vs_B1,L7__s20260821__0006.png,H,H,762316,535031,2073600,36.7629,25.802
scene20,260823_cueoff,A_vs_B1,L7__s20260821__0007.png,V,V,961486,798755,2073600,46.368,38.5202
scene20,260823_cueoff,A_vs_B2,L0__s20260821__0000.png,H,H,268833,214359,2073600,12.9646,10.3375
scene20,260823_cueoff,A_vs_B2,L0__s20260821__0001.png,none_in_fov,none_in_fov,124920,91537,2073600,6.0243,4.4144
scene20,260823_cueoff,A_vs_B2,L0__s20260821__0002.png,V,V,189654,152710,2073600,9.1461,7.3645
scene20,260823_cueoff,A_vs_B2,L0__s20260821__0003.png,V,V,204826,160850,2073600,9.8778,7.757
scene20,260823_cueoff,A_vs_B2,L0__s20260821__0004.png,none_in_fov,none_in_fov,141746,93212,2073600,6.8357,4.4952
scene20,260823_cueoff,A_vs_B2,L0__s20260821__0005.png,none_in_fov,H,169264,118399,2073600,8.1628,5.7098
scene20,260823_cueoff,A_vs_B2,L0__s20260821__0006.png,H,H,219145,155089,2073600,10.5683,7.4792
scene20,260823_cueoff,A_vs_B2,L0__s20260821__0007.png,V,V,200668,160665,2073600,9.6773,7.7481
scene20,260823_cueoff,A_vs_B2,L5__s20260821__0000.png,H,H,305848,188551,2073600,14.7496,9.0929
scene20,260823_cueoff,A_vs_B2,L5__s20260821__0001.png,none_in_fov,none_in_fov,175047,82423,2073600,8.4417,3.9749
scene20,260823_cueoff,A_vs_B2,L5__s20260821__0002.png,V,V,238378,154665,2073600,11.4959,7.4588
scene20,260823_cueoff,A_vs_B2,L5__s20260821__0003.png,V,V,305024,195756,2073600,14.7099,9.4404
scene20,260823_cueoff,A_vs_B2,L5__s20260821__0004.png,none_in_fov,none_in_fov,178219,87053,2073600,8.5947,4.1982
scene20,260823_cueoff,A_vs_B2,L5__s20260821__0005.png,none_in_fov,H,201796,122990,2073600,9.7317,5.9312
scene20,260823_cueoff,A_vs_B2,L5__s20260821__0006.png,H,H,239652,161701,2073600,11.5573,7.7981
scene20,260823_cueoff,A_vs_B2,L5__s20260821__0007.png,V,V,305960,162527,2073600,14.755,7.8379
scene20,260823_cueoff,A_vs_B2,L7__s20260821__0000.png,H,H,284304,173050,2073600,13.7106,8.3454
scene20,260823_cueoff,A_vs_B2,L7__s20260821__0001.png,none_in_fov,none_in_fov,131261,78564,2073600,6.3301,3.7888
scene20,260823_cueoff,A_vs_B2,L7__s20260821__0002.png,V,V,227618,144302,2073600,10.9769,6.959
scene20,260823_cueoff,A_vs_B2,L7__s20260821__0003.png,V,V,263167,161801,2073600,12.6913,7.8029
scene20,260823_cueoff,A_vs_B2,L7__s20260821__0004.png,none_in_fov,none_in_fov,162916,80128,2073600,7.8567,3.8642
scene20,260823_cueoff,A_vs_B2,L7__s20260821__0005.png,none_in_fov,H,197095,113167,2073600,9.505,5.4575
scene20,260823_cueoff,A_vs_B2,L7__s20260821__0006.png,H,H,251489,149388,2073600,12.1281,7.2043
scene20,260823_cueoff,A_vs_B2,L7__s20260821__0007.png,V,V,243731,151827,2073600,11.754,7.3219
scene20,260823_cueoff,A_vs_P,L0__s20260821__0000.png,H,H,187013,163353,2073600,9.0188,7.8777
scene20,260823_cueoff,A_vs_P,L0__s20260821__0001.png,none_in_fov,none_in_fov,160556,145247,2073600,7.7429,7.0046
scene20,260823_cueoff,A_vs_P,L0__s20260821__0002.png,V,V,226020,192459,2073600,10.8999,9.2814
scene20,260823_cueoff,A_vs_P,L0__s20260821__0003.png,V,V,277026,238709,2073600,13.3597,11.5118
scene20,260823_cueoff,A_vs_P,L0__s20260821__0004.png,none_in_fov,none_in_fov,195419,171960,2073600,9.4241,8.2928
scene20,260823_cueoff,A_vs_P,L0__s20260821__0005.png,none_in_fov,none_in_fov,224660,203957,2073600,10.8343,9.8359
scene20,260823_cueoff,A_vs_P,L0__s20260821__0006.png,H,H,159918,143758,2073600,7.7121,6.9328
scene20,260823_cueoff,A_vs_P,L0__s20260821__0007.png,V,V,202041,171287,2073600,9.7435,8.2604
scene20,260823_cueoff,A_vs_P,L5__s20260821__0000.png,H,H,205355,174319,2073600,9.9033,8.4066
scene20,260823_cueoff,A_vs_P,L5__s20260821__0001.png,none_in_fov,none_in_fov,165439,155023,2073600,7.9783,7.476
scene20,260823_cueoff,A_vs_P,L5__s20260821__0002.png,V,V,283177,206424,2073600,13.6563,9.9549
scene20,260823_cueoff,A_vs_P,L5__s20260821__0003.png,V,V,348384,256126,2073600,16.8009,12.3518
scene20,260823_cueoff,A_vs_P,L5__s20260821__0004.png,none_in_fov,none_in_fov,206870,181944,2073600,9.9764,8.7743
scene20,260823_cueoff,A_vs_P,L5__s20260821__0005.png,none_in_fov,none_in_fov,237165,212722,2073600,11.4374,10.2586
scene20,260823_cueoff,A_vs_P,L5__s20260821__0006.png,H,H,166014,148772,2073600,8.0061,7.1746
scene20,260823_cueoff,A_vs_P,L5__s20260821__0007.png,V,V,264089,191760,2073600,12.7358,9.2477
scene20,260823_cueoff,A_vs_P,L7__s20260821__0000.png,H,H,208138,170198,2073600,10.0375,8.2079
scene20,260823_cueoff,A_vs_P,L7__s20260821__0001.png,none_in_fov,none_in_fov,163345,142819,2073600,7.8774,6.8875
scene20,260823_cueoff,A_vs_P,L7__s20260821__0002.png,V,V,277944,199489,2073600,13.4039,9.6204
scene20,260823_cueoff,A_vs_P,L7__s20260821__0003.png,V,V,341941,248807,2073600,16.4902,11.9988
scene20,260823_cueoff,A_vs_P,L7__s20260821__0004.png,none_in_fov,none_in_fov,208699,174792,2073600,10.0646,8.4294
scene20,260823_cueoff,A_vs_P,L7__s20260821__0005.png,none_in_fov,none_in_fov,238835,206380,2073600,11.5179,9.9527
scene20,260823_cueoff,A_vs_P,L7__s20260821__0006.png,H,H,170186,146606,2073600,8.2073,7.0701
scene20,260823_cueoff,A_vs_P,L7__s20260821__0007.png,V,V,251803,178350,2073600,12.1433,8.601
scene20,260823_cueoff,A_vs_C,L0__s20260821__0000.png,H,none_in_fov,319514,246439,2073600,15.4087,11.8846
scene20,260823_cueoff,A_vs_C,L0__s20260821__0001.png,none_in_fov,none_in_fov,132588,106384,2073600,6.3941,5.1304
scene20,260823_cueoff,A_vs_C,L0__s20260821__0002.png,V,none_in_fov,399138,366062,2073600,19.2486,17.6535
scene20,260823_cueoff,A_vs_C,L0__s20260821__0003.png,V,none_in_fov,467002,408601,2073600,22.5213,19.7049
scene20,260823_cueoff,A_vs_C,L0__s20260821__0004.png,none_in_fov,none_in_fov,154488,124930,2073600,7.4502,6.0248
scene20,260823_cueoff,A_vs_C,L0__s20260821__0005.png,none_in_fov,none_in_fov,208744,174302,2073600,10.0667,8.4058
scene20,260823_cueoff,A_vs_C,L0__s20260821__0006.png,H,none_in_fov,256102,217682,2073600,12.3506,10.4978
scene20,260823_cueoff,A_vs_C,L0__s20260821__0007.png,V,none_in_fov,395946,361672,2073600,19.0946,17.4417
scene20,260823_cueoff,A_vs_C,L5__s20260821__0000.png,H,none_in_fov,347849,267362,2073600,16.7751,12.8936
scene20,260823_cueoff,A_vs_C,L5__s20260821__0001.png,none_in_fov,none_in_fov,139312,123321,2073600,6.7184,5.9472
scene20,260823_cueoff,A_vs_C,L5__s20260821__0002.png,V,none_in_fov,412787,360285,2073600,19.9068,17.3749
scene20,260823_cueoff,A_vs_C,L5__s20260821__0003.png,V,none_in_fov,517758,443937,2073600,24.969,21.409
scene20,260823_cueoff,A_vs_C,L5__s20260821__0004.png,none_in_fov,none_in_fov,163592,143418,2073600,7.8893,6.9164
scene20,260823_cueoff,A_vs_C,L5__s20260821__0005.png,none_in_fov,none_in_fov,217012,190897,2073600,10.4655,9.2061
scene20,260823_cueoff,A_vs_C,L5__s20260821__0006.png,H,none_in_fov,266892,229811,2073600,12.8709,11.0827
scene20,260823_cueoff,A_vs_C,L5__s20260821__0007.png,V,none_in_fov,424037,384833,2073600,20.4493,18.5587
scene20,260823_cueoff,A_vs_C,L7__s20260821__0000.png,H,none_in_fov,321008,207377,2073600,15.4807,10.0008
scene20,260823_cueoff,A_vs_C,L7__s20260821__0001.png,none_in_fov,none_in_fov,132416,100700,2073600,6.3858,4.8563
scene20,260823_cueoff,A_vs_C,L7__s20260821__0002.png,V,none_in_fov,406535,281618,2073600,19.6053,13.5811
scene20,260823_cueoff,A_vs_C,L7__s20260821__0003.png,V,none_in_fov,498934,399834,2073600,24.0612,19.2821
scene20,260823_cueoff,A_vs_C,L7__s20260821__0004.png,none_in_fov,none_in_fov,155497,113521,2073600,7.4989,5.4746
scene20,260823_cueoff,A_vs_C,L7__s20260821__0005.png,none_in_fov,none_in_fov,217865,179541,2073600,10.5066,8.6584
scene20,260823_cueoff,A_vs_C,L7__s20260821__0006.png,H,none_in_fov,266272,224118,2073600,12.841,10.8082
scene20,260823_cueoff,A_vs_C,L7__s20260821__0007.png,V,none_in_fov,394225,271249,2073600,19.0116,13.0811
scene12,260823_cueoff2,A_vs_B1,L0__s20260821__0000.png,H,H,1298645,587024,2073600,62.6276,28.3094
scene12,260823_cueoff2,A_vs_B1,L0__s20260821__0001.png,H,H,1181185,504536,2073600,56.963,24.3314
scene12,260823_cueoff2,A_vs_B1,L0__s20260821__0002.png,H,H,1062780,444918,2073600,51.2529,21.4563
scene12,260823_cueoff2,A_vs_B1,L0__s20260821__0003.png,H,H,1390041,561425,2073600,67.0352,27.0749
scene12,260823_cueoff2,A_vs_B1,L0__s20260821__0004.png,H,H,1120687,448652,2073600,54.0455,21.6364
scene12,260823_cueoff2,A_vs_B1,L0__s20260821__0005.png,H,H,1124713,524546,2073600,54.2396,25.2964
scene12,260823_cueoff2,A_vs_B1,L0__s20260821__0006.png,H,H,1263679,405630,2073600,60.9413,19.5616
scene12,260823_cueoff2,A_vs_B1,L0__s20260821__0007.png,H,H,1278948,566363,2073600,61.6777,27.313
scene12,260823_cueoff2,A_vs_B1,L5__s20260821__0000.png,H,H,1632172,1513984,2073600,78.712,73.0123
scene12,260823_cueoff2,A_vs_B1,L5__s20260821__0001.png,H,H,1450543,908781,2073600,69.9529,43.8262
scene12,260823_cueoff2,A_vs_B1,L5__s20260821__0002.png,H,H,1821387,1638898,2073600,87.837,79.0364
scene12,260823_cueoff2,A_vs_B1,L5__s20260821__0003.png,H,H,1638931,1514114,2073600,79.038,73.0186
scene12,260823_cueoff2,A_vs_B1,L5__s20260821__0004.png,H,H,1752300,1451570,2073600,84.5052,70.0024
scene12,260823_cueoff2,A_vs_B1,L5__s20260821__0005.png,H,H,1500188,1367148,2073600,72.347,65.9311
scene12,260823_cueoff2,A_vs_B1,L5__s20260821__0006.png,H,H,1331619,804942,2073600,64.2177,38.8186
scene12,260823_cueoff2,A_vs_B1,L5__s20260821__0007.png,H,H,1302807,910389,2073600,62.8283,43.9038
scene12,260823_cueoff2,A_vs_B1,L7__s20260821__0000.png,H,H,1535583,771198,2073600,74.054,37.1913
scene12,260823_cueoff2,A_vs_B1,L7__s20260821__0001.png,H,H,1592334,607198,2073600,76.7908,29.2823
scene12,260823_cueoff2,A_vs_B1,L7__s20260821__0002.png,H,H,1578321,535180,2073600,76.115,25.8092
scene12,260823_cueoff2,A_vs_B1,L7__s20260821__0003.png,H,H,1602468,651222,2073600,77.2795,31.4054
scene12,260823_cueoff2,A_vs_B1,L7__s20260821__0004.png,H,H,1444192,472292,2073600,69.6466,22.7764
scene12,260823_cueoff2,A_vs_B1,L7__s20260821__0005.png,H,H,1324918,619432,2073600,63.8946,29.8723
scene12,260823_cueoff2,A_vs_B1,L7__s20260821__0006.png,H,H,1478061,504196,2073600,71.2799,24.315
scene12,260823_cueoff2,A_vs_B1,L7__s20260821__0007.png,H,H,1434688,749041,2073600,69.1883,36.1227
scene12,260823_cueoff2,A_vs_B2,L0__s20260821__0000.png,H,H,34715,30476,2073600,1.6741,1.4697
scene12,260823_cueoff2,A_vs_B2,L0__s20260821__0001.png,H,H,186331,166296,2073600,8.9859,8.0197
scene12,260823_cueoff2,A_vs_B2,L0__s20260821__0002.png,H,H,129113,102686,2073600,6.2265,4.9521
scene12,260823_cueoff2,A_vs_B2,L0__s20260821__0003.png,H,H,116490,98134,2073600,5.6178,4.7325
scene12,260823_cueoff2,A_vs_B2,L0__s20260821__0004.png,H,H,248905,225571,2073600,12.0035,10.8782
scene12,260823_cueoff2,A_vs_B2,L0__s20260821__0005.png,H,H,64559,54042,2073600,3.1134,2.6062
scene12,260823_cueoff2,A_vs_B2,L0__s20260821__0006.png,H,H,54284,46014,2073600,2.6179,2.219
scene12,260823_cueoff2,A_vs_B2,L0__s20260821__0007.png,H,H,113272,98850,2073600,5.4626,4.7671
scene12,260823_cueoff2,A_vs_B2,L5__s20260821__0000.png,H,H,39979,33933,2073600,1.928,1.6364
scene12,260823_cueoff2,A_vs_B2,L5__s20260821__0001.png,H,H,553950,395139,2073600,26.7144,19.0557
scene12,260823_cueoff2,A_vs_B2,L5__s20260821__0002.png,H,H,423676,139116,2073600,20.4319,6.7089
scene12,260823_cueoff2,A_vs_B2,L5__s20260821__0003.png,H,H,167445,129355,2073600,8.0751,6.2382
scene12,260823_cueoff2,A_vs_B2,L5__s20260821__0004.png,H,H,350365,165002,2073600,16.8965,7.9573
scene12,260823_cueoff2,A_vs_B2,L5__s20260821__0005.png,H,H,75573,60376,2073600,3.6445,2.9117
scene12,260823_cueoff2,A_vs_B2,L5__s20260821__0006.png,H,H,287182,221872,2073600,13.8494,10.6998
scene12,260823_cueoff2,A_vs_B2,L5__s20260821__0007.png,H,H,359223,286931,2073600,17.3236,13.8373
scene12,260823_cueoff2,A_vs_B2,L7__s20260821__0000.png,H,H,38321,29406,2073600,1.848,1.4181
scene12,260823_cueoff2,A_vs_B2,L7__s20260821__0001.png,H,H,301882,166000,2073600,14.5584,8.0054
scene12,260823_cueoff2,A_vs_B2,L7__s20260821__0002.png,H,H,380982,106313,2073600,18.373,5.127
scene12,260823_cueoff2,A_vs_B2,L7__s20260821__0003.png,H,H,160727,95634,2073600,7.7511,4.612
scene12,260823_cueoff2,A_vs_B2,L7__s20260821__0004.png,H,H,437961,215558,2073600,21.1208,10.3954
scene12,260823_cueoff2,A_vs_B2,L7__s20260821__0005.png,H,H,74293,54321,2073600,3.5828,2.6196
scene12,260823_cueoff2,A_vs_B2,L7__s20260821__0006.png,H,H,66302,46771,2073600,3.1974,2.2555
scene12,260823_cueoff2,A_vs_B2,L7__s20260821__0007.png,H,H,123497,100168,2073600,5.9557,4.8306
scene12,260823_cueoff2,A_vs_P,L0__s20260821__0000.png,H,H,240521,227547,2073600,11.5992,10.9735
scene12,260823_cueoff2,A_vs_P,L0__s20260821__0001.png,H,H,3422,2532,2073600,0.165,0.1221
scene12,260823_cueoff2,A_vs_P,L0__s20260821__0002.png,H,H,251,1,2073600,0.0121,0.0
scene12,260823_cueoff2,A_vs_P,L0__s20260821__0003.png,H,H,4131,3259,2073600,0.1992,0.1572
scene12,260823_cueoff2,A_vs_P,L0__s20260821__0004.png,H,H,253,3,2073600,0.0122,0.0001
scene12,260823_cueoff2,A_vs_P,L0__s20260821__0005.png,H,H,172274,157107,2073600,8.308,7.5765
scene12,260823_cueoff2,A_vs_P,L0__s20260821__0006.png,H,H,44043,32892,2073600,2.124,1.5862
scene12,260823_cueoff2,A_vs_P,L0__s20260821__0007.png,H,H,15340,13347,2073600,0.7398,0.6437
scene12,260823_cueoff2,A_vs_P,L5__s20260821__0000.png,H,H,294872,111236,2073600,14.2203,5.3644
scene12,260823_cueoff2,A_vs_P,L5__s20260821__0001.png,H,H,69,0,2073600,0.0033,0.0
scene12,260823_cueoff2,A_vs_P,L5__s20260821__0002.png,H,H,74,0,2073600,0.0036,0.0
scene12,260823_cueoff2,A_vs_P,L5__s20260821__0003.png,H,H,21,0,2073600,0.001,0.0
scene12,260823_cueoff2,A_vs_P,L5__s20260821__0004.png,H,H,25,0,2073600,0.0012,0.0
scene12,260823_cueoff2,A_vs_P,L5__s20260821__0005.png,H,H,190912,66656,2073600,9.2068,3.2145
scene12,260823_cueoff2,A_vs_P,L5__s20260821__0006.png,H,H,37384,21385,2073600,1.8029,1.0313
scene12,260823_cueoff2,A_vs_P,L5__s20260821__0007.png,H,H,10913,6612,2073600,0.5263,0.3189
scene12,260823_cueoff2,A_vs_P,L7__s20260821__0000.png,H,H,532062,356322,2073600,25.6589,17.1837
scene12,260823_cueoff2,A_vs_P,L7__s20260821__0001.png,H,H,5573,81,2073600,0.2688,0.0039
scene12,260823_cueoff2,A_vs_P,L7__s20260821__0002.png,H,H,160,0,2073600,0.0077,0.0
scene12,260823_cueoff2,A_vs_P,L7__s20260821__0003.png,H,H,5127,965,2073600,0.2473,0.0465
scene12,260823_cueoff2,A_vs_P,L7__s20260821__0004.png,H,H,214,0,2073600,0.0103,0.0
scene12,260823_cueoff2,A_vs_P,L7__s20260821__0005.png,H,H,294673,196813,2073600,14.2107,9.4914
scene12,260823_cueoff2,A_vs_P,L7__s20260821__0006.png,H,H,43314,25232,2073600,2.0888,1.2168
scene12,260823_cueoff2,A_vs_P,L7__s20260821__0007.png,H,H,12288,7830,2073600,0.5926,0.3776
scene12,260823_cueoff2,A_vs_C,L0__s20260821__0000.png,H,none_in_fov,111215,98942,2073600,5.3634,4.7715
scene12,260823_cueoff2,A_vs_C,L0__s20260821__0001.png,H,none_in_fov,103959,89976,2073600,5.0135,4.3391
scene12,260823_cueoff2,A_vs_C,L0__s20260821__0002.png,H,none_in_fov,112095,89157,2073600,5.4058,4.2996
scene12,260823_cueoff2,A_vs_C,L0__s20260821__0003.png,H,none_in_fov,125135,109896,2073600,6.0347,5.2998
scene12,260823_cueoff2,A_vs_C,L0__s20260821__0004.png,H,none_in_fov,99819,78113,2073600,4.8138,3.767
scene12,260823_cueoff2,A_vs_C,L0__s20260821__0005.png,H,none_in_fov,113956,100837,2073600,5.4956,4.8629
scene12,260823_cueoff2,A_vs_C,L0__s20260821__0006.png,H,none_in_fov,181387,154901,2073600,8.7474,7.4701
scene12,260823_cueoff2,A_vs_C,L0__s20260821__0007.png,H,none_in_fov,109625,99860,2073600,5.2867,4.8158
scene12,260823_cueoff2,A_vs_C,L5__s20260821__0000.png,H,none_in_fov,114788,77199,2073600,5.5357,3.7229
scene12,260823_cueoff2,A_vs_C,L5__s20260821__0001.png,H,none_in_fov,105979,58065,2073600,5.1109,2.8002
scene12,260823_cueoff2,A_vs_C,L5__s20260821__0002.png,H,none_in_fov,141778,65926,2073600,6.8373,3.1793
scene12,260823_cueoff2,A_vs_C,L5__s20260821__0003.png,H,none_in_fov,126617,76889,2073600,6.1061,3.708
scene12,260823_cueoff2,A_vs_C,L5__s20260821__0004.png,H,none_in_fov,119877,46876,2073600,5.7811,2.2606
scene12,260823_cueoff2,A_vs_C,L5__s20260821__0005.png,H,none_in_fov,133711,77562,2073600,6.4483,3.7405
scene12,260823_cueoff2,A_vs_C,L5__s20260821__0006.png,H,none_in_fov,200482,110875,2073600,9.6683,5.347
scene12,260823_cueoff2,A_vs_C,L5__s20260821__0007.png,H,none_in_fov,104055,75198,2073600,5.0181,3.6264
scene12,260823_cueoff2,A_vs_C,L7__s20260821__0000.png,H,none_in_fov,115378,76384,2073600,5.5641,3.6836
scene12,260823_cueoff2,A_vs_C,L7__s20260821__0001.png,H,none_in_fov,115378,59791,2073600,5.5641,2.8834
scene12,260823_cueoff2,A_vs_C,L7__s20260821__0002.png,H,none_in_fov,142371,101244,2073600,6.8659,4.8825
scene12,260823_cueoff2,A_vs_C,L7__s20260821__0003.png,H,none_in_fov,136114,89108,2073600,6.5641,4.2973
scene12,260823_cueoff2,A_vs_C,L7__s20260821__0004.png,H,none_in_fov,116613,61361,2073600,5.6237,2.9592
scene12,260823_cueoff2,A_vs_C,L7__s20260821__0005.png,H,none_in_fov,142760,106816,2073600,6.8846,5.1512
scene12,260823_cueoff2,A_vs_C,L7__s20260821__0006.png,H,none_in_fov,236498,171382,2073600,11.4052,8.2649
scene12,260823_cueoff2,A_vs_C,L7__s20260821__0007.png,H,none_in_fov,107449,73051,2073600,5.1818,3.5229
