seed,world,view,idx,hazard,fam,n_floor,n_tau,max_conf,any_box,hit_wedge,center_wedge,hit_full,cell_hit,n_claimed,n_gt_cells
42,gz_drop1,extra_h0.3_d1.2,000,1,negobs,0,0,0.0,0,0,0,0,0,0,16
42,gz_drop1,extra_h0.3_d1.2,001,1,negobs,0,0,0.0,0,0,0,0,0,0,16
42,gz_drop1,extra_h0.3_d1.2,002,1,negobs,0,0,0.0,0,0,0,0,0,0,16
42,gz_drop1,preset_h0.3_d10,000,1,negobs,2,0,0.07771,0,0,0,0,0,0,3
42,gz_drop1,preset_h0.3_d10,001,1,negobs,2,0,0.07771,0,0,0,0,0,0,3
42,gz_drop1,preset_h0.3_d10,002,1,negobs,2,0,0.07771,0,0,0,0,0,0,3
42,gz_drop1,preset_h0.3_d2,000,1,negobs,1,1,0.81088,1,1,0,1,0,3,11
42,gz_drop1,preset_h0.3_d2,001,1,negobs,1,1,0.81088,1,1,0,1,0,3,11
42,gz_drop1,preset_h0.3_d2,002,1,negobs,1,1,0.81088,1,1,0,1,0,3,11
42,gz_drop1,preset_h0.3_d5,000,1,negobs,0,0,0.0,0,0,0,0,0,0,6
42,gz_drop1,preset_h0.3_d5,001,1,negobs,0,0,0.0,0,0,0,0,0,0,6
42,gz_drop1,preset_h0.3_d5,002,1,negobs,0,0,0.0,0,0,0,0,0,0,6
42,gz_drop1,preset_h0.9_d10,000,1,negobs,0,0,0.0,0,0,0,0,0,0,3
42,gz_drop1,preset_h0.9_d10,001,1,negobs,0,0,0.0,0,0,0,0,0,0,3
42,gz_drop1,preset_h0.9_d10,002,1,negobs,0,0,0.0,0,0,0,0,0,0,3
42,gz_drop1,preset_h0.9_d2,000,1,negobs,2,0,0.24256,0,0,0,0,0,0,11
42,gz_drop1,preset_h0.9_d2,001,1,negobs,2,0,0.24256,0,0,0,0,0,0,11
42,gz_drop1,preset_h0.9_d2,002,1,negobs,2,0,0.24256,0,0,0,0,0,0,11
42,gz_drop1,preset_h0.9_d5,000,1,negobs,0,0,0.0,0,0,0,0,0,0,6
42,gz_drop1,preset_h0.9_d5,001,1,negobs,0,0,0.0,0,0,0,0,0,0,6
42,gz_drop1,preset_h0.9_d5,002,1,negobs,0,0,0.0,0,0,0,0,0,0,6
42,gz_drop1,rs_h0.125_d2,000,1,rs,0,0,0.0,0,0,0,0,0,0,11
42,gz_drop1,rs_h0.125_d2,001,1,rs,0,0,0.0,0,0,0,0,0,0,11
42,gz_drop1,rs_h0.125_d2,002,1,rs,0,0,0.0,0,0,0,0,0,0,11
42,gz_drop1,rs_h0.125_d5,000,1,rs,0,0,0.0,0,0,0,0,0,0,6
42,gz_drop1,rs_h0.125_d5,001,1,rs,0,0,0.0,0,0,0,0,0,0,6
42,gz_drop1,rs_h0.125_d5,002,1,rs,0,0,0.0,0,0,0,0,0,0,6
42,gz_drop1_ctrl,extra_h0.3_d1.2,000,0,negobs,0,0,0.0,0,0,0,0,0,0,0
42,gz_drop1_ctrl,extra_h0.3_d1.2,001,0,negobs,0,0,0.0,0,0,0,0,0,0,0
42,gz_drop1_ctrl,extra_h0.3_d1.2,002,0,negobs,0,0,0.0,0,0,0,0,0,0,0
42,gz_drop1_ctrl,preset_h0.3_d10,000,0,negobs,1,0,0.21265,0,0,0,0,0,0,0
42,gz_drop1_ctrl,preset_h0.3_d10,001,0,negobs,1,0,0.21265,0,0,0,0,0,0,0
42,gz_drop1_ctrl,preset_h0.3_d10,002,0,negobs,1,0,0.21265,0,0,0,0,0,0,0
42,gz_drop1_ctrl,preset_h0.3_d2,000,0,negobs,0,0,0.0,0,0,0,0,0,0,0
42,gz_drop1_ctrl,preset_h0.3_d2,001,0,negobs,0,0,0.0,0,0,0,0,0,0,0
42,gz_drop1_ctrl,preset_h0.3_d2,002,0,negobs,0,0,0.0,0,0,0,0,0,0,0
42,gz_drop1_ctrl,preset_h0.3_d5,000,0,negobs,0,0,0.0,0,0,0,0,0,0,0
42,gz_drop1_ctrl,preset_h0.3_d5,001,0,negobs,0,0,0.0,0,0,0,0,0,0,0
42,gz_drop1_ctrl,preset_h0.3_d5,002,0,negobs,0,0,0.0,0,0,0,0,0,0,0
42,gz_drop1_ctrl,preset_h0.9_d10,000,0,negobs,0,0,0.0,0,0,0,0,0,0,0
42,gz_drop1_ctrl,preset_h0.9_d10,001,0,negobs,0,0,0.0,0,0,0,0,0,0,0
42,gz_drop1_ctrl,preset_h0.9_d10,002,0,negobs,0,0,0.0,0,0,0,0,0,0,0
42,gz_drop1_ctrl,preset_h0.9_d2,000,0,negobs,0,0,0.0,0,0,0,0,0,0,0
42,gz_drop1_ctrl,preset_h0.9_d2,001,0,negobs,0,0,0.0,0,0,0,0,0,0,0
42,gz_drop1_ctrl,preset_h0.9_d2,002,0,negobs,0,0,0.0,0,0,0,0,0,0,0
42,gz_drop1_ctrl,preset_h0.9_d5,000,0,negobs,0,0,0.0,0,0,0,0,0,0,0
42,gz_drop1_ctrl,preset_h0.9_d5,001,0,negobs,0,0,0.0,0,0,0,0,0,0,0
42,gz_drop1_ctrl,preset_h0.9_d5,002,0,negobs,0,0,0.0,0,0,0,0,0,0,0
42,gz_drop1_ctrl,rs_h0.125_d2,000,0,rs,0,0,0.0,0,0,0,0,0,0,0
42,gz_drop1_ctrl,rs_h0.125_d2,001,0,rs,0,0,0.0,0,0,0,0,0,0,0
42,gz_drop1_ctrl,rs_h0.125_d2,002,0,rs,0,0,0.0,0,0,0,0,0,0,0
42,gz_drop1_ctrl,rs_h0.125_d5,000,0,rs,0,0,0.0,0,0,0,0,0,0,0
42,gz_drop1_ctrl,rs_h0.125_d5,001,0,rs,0,0,0.0,0,0,0,0,0,0,0
42,gz_drop1_ctrl,rs_h0.125_d5,002,0,rs,0,0,0.0,0,0,0,0,0,0,0
42,gz_drop2,extra_h0.3_d1.2,000,1,negobs,0,0,0.0,0,0,0,0,0,0,20
42,gz_drop2,extra_h0.3_d1.2,001,1,negobs,0,0,0.0,0,0,0,0,0,0,20
42,gz_drop2,extra_h0.3_d1.2,002,1,negobs,0,0,0.0,0,0,0,0,0,0,20
42,gz_drop2,preset_h0.3_d10,000,1,negobs,1,0,0.06422,0,0,0,0,0,0,5
42,gz_drop2,preset_h0.3_d10,001,1,negobs,1,0,0.06422,0,0,0,0,0,0,5
42,gz_drop2,preset_h0.3_d10,002,1,negobs,1,0,0.06422,0,0,0,0,0,0,5
42,gz_drop2,preset_h0.3_d2,000,1,negobs,0,0,0.0,0,0,0,0,0,0,15
42,gz_drop2,preset_h0.3_d2,001,1,negobs,0,0,0.0,0,0,0,0,0,0,15
42,gz_drop2,preset_h0.3_d2,002,1,negobs,0,0,0.0,0,0,0,0,0,0,15
42,gz_drop2,preset_h0.3_d5,000,1,negobs,0,0,0.0,0,0,0,0,0,0,10
42,gz_drop2,preset_h0.3_d5,001,1,negobs,0,0,0.0,0,0,0,0,0,0,10
42,gz_drop2,preset_h0.3_d5,002,1,negobs,0,0,0.0,0,0,0,0,0,0,10
42,gz_drop2,preset_h0.9_d10,000,1,negobs,1,0,0.07648,0,0,0,0,0,0,5
42,gz_drop2,preset_h0.9_d10,001,1,negobs,1,0,0.07648,0,0,0,0,0,0,5
42,gz_drop2,preset_h0.9_d10,002,1,negobs,1,0,0.07648,0,0,0,0,0,0,5
42,gz_drop2,preset_h0.9_d2,000,1,negobs,1,1,0.29333,1,1,1,1,1,1,15
42,gz_drop2,preset_h0.9_d2,001,1,negobs,1,1,0.29333,1,1,1,1,1,1,15
42,gz_drop2,preset_h0.9_d2,002,1,negobs,1,1,0.29333,1,1,1,1,1,1,15
42,gz_drop2,preset_h0.9_d5,000,1,negobs,1,0,0.21733,0,0,0,0,0,0,10
42,gz_drop2,preset_h0.9_d5,001,1,negobs,1,0,0.21733,0,0,0,0,0,0,10
42,gz_drop2,preset_h0.9_d5,002,1,negobs,1,0,0.21733,0,0,0,0,0,0,10
42,gz_drop2,rs_h0.125_d2,000,1,rs,0,0,0.0,0,0,0,0,0,0,15
42,gz_drop2,rs_h0.125_d2,001,1,rs,0,0,0.0,0,0,0,0,0,0,15
42,gz_drop2,rs_h0.125_d2,002,1,rs,0,0,0.0,0,0,0,0,0,0,15
42,gz_drop2,rs_h0.125_d5,000,1,rs,0,0,0.0,0,0,0,0,0,0,10
42,gz_drop2,rs_h0.125_d5,001,1,rs,0,0,0.0,0,0,0,0,0,0,10
42,gz_drop2,rs_h0.125_d5,002,1,rs,0,0,0.0,0,0,0,0,0,0,10
42,gz_drop2_ctrl,extra_h0.3_d1.2,000,0,negobs,0,0,0.0,0,0,0,0,0,0,0
42,gz_drop2_ctrl,extra_h0.3_d1.2,001,0,negobs,0,0,0.0,0,0,0,0,0,0,0
42,gz_drop2_ctrl,extra_h0.3_d1.2,002,0,negobs,0,0,0.0,0,0,0,0,0,0,0
42,gz_drop2_ctrl,preset_h0.3_d10,000,0,negobs,2,0,0.07146,0,0,0,0,0,0,0
42,gz_drop2_ctrl,preset_h0.3_d10,001,0,negobs,2,0,0.07146,0,0,0,0,0,0,0
42,gz_drop2_ctrl,preset_h0.3_d10,002,0,negobs,2,0,0.07146,0,0,0,0,0,0,0
42,gz_drop2_ctrl,preset_h0.3_d2,000,0,negobs,0,0,0.0,0,0,0,0,0,0,0
42,gz_drop2_ctrl,preset_h0.3_d2,001,0,negobs,0,0,0.0,0,0,0,0,0,0,0
42,gz_drop2_ctrl,preset_h0.3_d2,002,0,negobs,0,0,0.0,0,0,0,0,0,0,0
42,gz_drop2_ctrl,preset_h0.3_d5,000,0,negobs,0,0,0.0,0,0,0,0,0,0,0
42,gz_drop2_ctrl,preset_h0.3_d5,001,0,negobs,0,0,0.0,0,0,0,0,0,0,0
42,gz_drop2_ctrl,preset_h0.3_d5,002,0,negobs,0,0,0.0,0,0,0,0,0,0,0
42,gz_drop2_ctrl,preset_h0.9_d10,000,0,negobs,0,0,0.0,0,0,0,0,0,0,0
42,gz_drop2_ctrl,preset_h0.9_d10,001,0,negobs,0,0,0.0,0,0,0,0,0,0,0
42,gz_drop2_ctrl,preset_h0.9_d10,002,0,negobs,0,0,0.0,0,0,0,0,0,0,0
42,gz_drop2_ctrl,preset_h0.9_d2,000,0,negobs,0,0,0.0,0,0,0,0,0,0,0
42,gz_drop2_ctrl,preset_h0.9_d2,001,0,negobs,0,0,0.0,0,0,0,0,0,0,0
42,gz_drop2_ctrl,preset_h0.9_d2,002,0,negobs,0,0,0.0,0,0,0,0,0,0,0
42,gz_drop2_ctrl,preset_h0.9_d5,000,0,negobs,1,0,0.10015,0,0,0,0,0,0,0
42,gz_drop2_ctrl,preset_h0.9_d5,001,0,negobs,1,0,0.10015,0,0,0,0,0,0,0
42,gz_drop2_ctrl,preset_h0.9_d5,002,0,negobs,1,0,0.10015,0,0,0,0,0,0,0
42,gz_drop2_ctrl,rs_h0.125_d2,000,0,rs,0,0,0.0,0,0,0,0,0,0,0
42,gz_drop2_ctrl,rs_h0.125_d2,001,0,rs,0,0,0.0,0,0,0,0,0,0,0
42,gz_drop2_ctrl,rs_h0.125_d2,002,0,rs,0,0,0.0,0,0,0,0,0,0,0
42,gz_drop2_ctrl,rs_h0.125_d5,000,0,rs,0,0,0.0,0,0,0,0,0,0,0
42,gz_drop2_ctrl,rs_h0.125_d5,001,0,rs,0,0,0.0,0,0,0,0,0,0,0
42,gz_drop2_ctrl,rs_h0.125_d5,002,0,rs,0,0,0.0,0,0,0,0,0,0,0
42,gz_drop3,extra_h0.3_d1.2,000,1,negobs,0,0,0.0,0,0,0,0,0,0,10
42,gz_drop3,extra_h0.3_d1.2,001,1,negobs,0,0,0.0,0,0,0,0,0,0,10
42,gz_drop3,extra_h0.3_d1.2,002,1,negobs,0,0,0.0,0,0,0,0,0,0,10
42,gz_drop3,preset_h0.3_d10,000,1,negobs,2,0,0.22227,0,0,0,0,0,0,1
42,gz_drop3,preset_h0.3_d10,001,1,negobs,2,0,0.22227,0,0,0,0,0,0,1
42,gz_drop3,preset_h0.3_d10,002,1,negobs,2,0,0.22227,0,0,0,0,0,0,1
42,gz_drop3,preset_h0.3_d2,000,1,negobs,0,0,0.0,0,0,0,0,0,0,8
42,gz_drop3,preset_h0.3_d2,001,1,negobs,0,0,0.0,0,0,0,0,0,0,8
42,gz_drop3,preset_h0.3_d2,002,1,negobs,0,0,0.0,0,0,0,0,0,0,8
42,gz_drop3,preset_h0.3_d5,000,1,negobs,0,0,0.0,0,0,0,0,0,0,6
42,gz_drop3,preset_h0.3_d5,001,1,negobs,0,0,0.0,0,0,0,0,0,0,6
42,gz_drop3,preset_h0.3_d5,002,1,negobs,0,0,0.0,0,0,0,0,0,0,6
42,gz_drop3,preset_h0.9_d10,000,1,negobs,1,0,0.14049,0,0,0,0,0,0,1
42,gz_drop3,preset_h0.9_d10,001,1,negobs,1,0,0.14049,0,0,0,0,0,0,1
42,gz_drop3,preset_h0.9_d10,002,1,negobs,1,0,0.14049,0,0,0,0,0,0,1
42,gz_drop3,preset_h0.9_d2,000,1,negobs,0,0,0.0,0,0,0,0,0,0,8
42,gz_drop3,preset_h0.9_d2,001,1,negobs,0,0,0.0,0,0,0,0,0,0,8
42,gz_drop3,preset_h0.9_d2,002,1,negobs,0,0,0.0,0,0,0,0,0,0,8
42,gz_drop3,preset_h0.9_d5,000,1,negobs,0,0,0.0,0,0,0,0,0,0,6
42,gz_drop3,preset_h0.9_d5,001,1,negobs,0,0,0.0,0,0,0,0,0,0,6
42,gz_drop3,preset_h0.9_d5,002,1,negobs,0,0,0.0,0,0,0,0,0,0,6
42,gz_drop3,rs_h0.125_d2,000,1,rs,0,0,0.0,0,0,0,0,0,0,8
42,gz_drop3,rs_h0.125_d2,001,1,rs,0,0,0.0,0,0,0,0,0,0,8
42,gz_drop3,rs_h0.125_d2,002,1,rs,0,0,0.0,0,0,0,0,0,0,8
42,gz_drop3,rs_h0.125_d5,000,1,rs,0,0,0.0,0,0,0,0,0,0,6
42,gz_drop3,rs_h0.125_d5,001,1,rs,0,0,0.0,0,0,0,0,0,0,6
42,gz_drop3,rs_h0.125_d5,002,1,rs,0,0,0.0,0,0,0,0,0,0,6
42,gz_drop3_ctrl,extra_h0.3_d1.2,000,0,negobs,0,0,0.0,0,0,0,0,0,0,0
42,gz_drop3_ctrl,extra_h0.3_d1.2,001,0,negobs,0,0,0.0,0,0,0,0,0,0,0
42,gz_drop3_ctrl,extra_h0.3_d1.2,002,0,negobs,0,0,0.0,0,0,0,0,0,0,0
42,gz_drop3_ctrl,preset_h0.3_d10,000,0,negobs,2,0,0.24711,0,0,0,0,0,0,0
42,gz_drop3_ctrl,preset_h0.3_d10,001,0,negobs,2,0,0.24711,0,0,0,0,0,0,0
42,gz_drop3_ctrl,preset_h0.3_d10,002,0,negobs,2,0,0.24711,0,0,0,0,0,0,0
42,gz_drop3_ctrl,preset_h0.3_d2,000,0,negobs,0,0,0.0,0,0,0,0,0,0,0
42,gz_drop3_ctrl,preset_h0.3_d2,001,0,negobs,0,0,0.0,0,0,0,0,0,0,0
42,gz_drop3_ctrl,preset_h0.3_d2,002,0,negobs,0,0,0.0,0,0,0,0,0,0,0
42,gz_drop3_ctrl,preset_h0.3_d5,000,0,negobs,0,0,0.0,0,0,0,0,0,0,0
42,gz_drop3_ctrl,preset_h0.3_d5,001,0,negobs,0,0,0.0,0,0,0,0,0,0,0
42,gz_drop3_ctrl,preset_h0.3_d5,002,0,negobs,0,0,0.0,0,0,0,0,0,0,0
42,gz_drop3_ctrl,preset_h0.9_d10,000,0,negobs,1,0,0.11522,0,0,0,0,0,0,0
42,gz_drop3_ctrl,preset_h0.9_d10,001,0,negobs,1,0,0.11522,0,0,0,0,0,0,0
42,gz_drop3_ctrl,preset_h0.9_d10,002,0,negobs,1,0,0.11522,0,0,0,0,0,0,0
42,gz_drop3_ctrl,preset_h0.9_d2,000,0,negobs,0,0,0.0,0,0,0,0,0,0,0
42,gz_drop3_ctrl,preset_h0.9_d2,001,0,negobs,0,0,0.0,0,0,0,0,0,0,0
42,gz_drop3_ctrl,preset_h0.9_d2,002,0,negobs,0,0,0.0,0,0,0,0,0,0,0
42,gz_drop3_ctrl,preset_h0.9_d5,000,0,negobs,0,0,0.0,0,0,0,0,0,0,0
42,gz_drop3_ctrl,preset_h0.9_d5,001,0,negobs,0,0,0.0,0,0,0,0,0,0,0
42,gz_drop3_ctrl,preset_h0.9_d5,002,0,negobs,0,0,0.0,0,0,0,0,0,0,0
42,gz_drop3_ctrl,rs_h0.125_d2,000,0,rs,0,0,0.0,0,0,0,0,0,0,0
42,gz_drop3_ctrl,rs_h0.125_d2,001,0,rs,0,0,0.0,0,0,0,0,0,0,0
42,gz_drop3_ctrl,rs_h0.125_d2,002,0,rs,0,0,0.0,0,0,0,0,0,0,0
42,gz_drop3_ctrl,rs_h0.125_d5,000,0,rs,0,0,0.0,0,0,0,0,0,0,0
42,gz_drop3_ctrl,rs_h0.125_d5,001,0,rs,0,0,0.0,0,0,0,0,0,0,0
42,gz_drop3_ctrl,rs_h0.125_d5,002,0,rs,0,0,0.0,0,0,0,0,0,0,0
42,gz_drop4,extra_h0.3_d1.2,000,1,negobs,0,0,0.0,0,0,0,0,0,0,5
42,gz_drop4,extra_h0.3_d1.2,001,1,negobs,0,0,0.0,0,0,0,0,0,0,5
42,gz_drop4,extra_h0.3_d1.2,002,1,negobs,0,0,0.0,0,0,0,0,0,0,5
42,gz_drop4,preset_h0.3_d10,000,1,negobs,1,0,0.16648,0,0,0,0,0,0,1
42,gz_drop4,preset_h0.3_d10,001,1,negobs,1,0,0.16648,0,0,0,0,0,0,1
42,gz_drop4,preset_h0.3_d10,002,1,negobs,1,0,0.16648,0,0,0,0,0,0,1
42,gz_drop4,preset_h0.3_d2,000,1,negobs,1,0,0.13309,0,0,0,0,0,0,3
42,gz_drop4,preset_h0.3_d2,001,1,negobs,1,0,0.13309,0,0,0,0,0,0,3
42,gz_drop4,preset_h0.3_d2,002,1,negobs,1,0,0.13309,0,0,0,0,0,0,3
42,gz_drop4,preset_h0.3_d5,000,1,negobs,0,0,0.0,0,0,0,0,0,0,1
42,gz_drop4,preset_h0.3_d5,001,1,negobs,0,0,0.0,0,0,0,0,0,0,1
42,gz_drop4,preset_h0.3_d5,002,1,negobs,0,0,0.0,0,0,0,0,0,0,1
42,gz_drop4,preset_h0.9_d10,000,1,negobs,1,0,0.06015,0,0,0,0,0,0,1
42,gz_drop4,preset_h0.9_d10,001,1,negobs,1,0,0.06015,0,0,0,0,0,0,1
42,gz_drop4,preset_h0.9_d10,002,1,negobs,1,0,0.06015,0,0,0,0,0,0,1
42,gz_drop4,preset_h0.9_d2,000,1,negobs,0,0,0.0,0,0,0,0,0,0,3
42,gz_drop4,preset_h0.9_d2,001,1,negobs,0,0,0.0,0,0,0,0,0,0,3
42,gz_drop4,preset_h0.9_d2,002,1,negobs,0,0,0.0,0,0,0,0,0,0,3
42,gz_drop4,preset_h0.9_d5,000,1,negobs,0,0,0.0,0,0,0,0,0,0,1
42,gz_drop4,preset_h0.9_d5,001,1,negobs,0,0,0.0,0,0,0,0,0,0,1
42,gz_drop4,preset_h0.9_d5,002,1,negobs,0,0,0.0,0,0,0,0,0,0,1
42,gz_drop4,rs_h0.125_d2,000,1,rs,0,0,0.0,0,0,0,0,0,0,3
42,gz_drop4,rs_h0.125_d2,001,1,rs,0,0,0.0,0,0,0,0,0,0,3
42,gz_drop4,rs_h0.125_d2,002,1,rs,0,0,0.0,0,0,0,0,0,0,3
42,gz_drop4,rs_h0.125_d5,000,1,rs,0,0,0.0,0,0,0,0,0,0,1
42,gz_drop4,rs_h0.125_d5,001,1,rs,0,0,0.0,0,0,0,0,0,0,1
42,gz_drop4,rs_h0.125_d5,002,1,rs,0,0,0.0,0,0,0,0,0,0,1
42,gz_drop4_ctrl,extra_h0.3_d1.2,000,0,negobs,0,0,0.0,0,0,0,0,0,0,0
42,gz_drop4_ctrl,extra_h0.3_d1.2,001,0,negobs,0,0,0.0,0,0,0,0,0,0,0
42,gz_drop4_ctrl,extra_h0.3_d1.2,002,0,negobs,0,0,0.0,0,0,0,0,0,0,0
42,gz_drop4_ctrl,preset_h0.3_d10,000,0,negobs,1,0,0.20148,0,0,0,0,0,0,0
42,gz_drop4_ctrl,preset_h0.3_d10,001,0,negobs,1,0,0.20148,0,0,0,0,0,0,0
42,gz_drop4_ctrl,preset_h0.3_d10,002,0,negobs,1,0,0.20148,0,0,0,0,0,0,0
42,gz_drop4_ctrl,preset_h0.3_d2,000,0,negobs,0,0,0.0,0,0,0,0,0,0,0
42,gz_drop4_ctrl,preset_h0.3_d2,001,0,negobs,0,0,0.0,0,0,0,0,0,0,0
42,gz_drop4_ctrl,preset_h0.3_d2,002,0,negobs,0,0,0.0,0,0,0,0,0,0,0
42,gz_drop4_ctrl,preset_h0.3_d5,000,0,negobs,0,0,0.0,0,0,0,0,0,0,0
42,gz_drop4_ctrl,preset_h0.3_d5,001,0,negobs,0,0,0.0,0,0,0,0,0,0,0
42,gz_drop4_ctrl,preset_h0.3_d5,002,0,negobs,0,0,0.0,0,0,0,0,0,0,0
42,gz_drop4_ctrl,preset_h0.9_d10,000,0,negobs,0,0,0.0,0,0,0,0,0,0,0
42,gz_drop4_ctrl,preset_h0.9_d10,001,0,negobs,0,0,0.0,0,0,0,0,0,0,0
42,gz_drop4_ctrl,preset_h0.9_d10,002,0,negobs,0,0,0.0,0,0,0,0,0,0,0
42,gz_drop4_ctrl,preset_h0.9_d2,000,0,negobs,0,0,0.0,0,0,0,0,0,0,0
42,gz_drop4_ctrl,preset_h0.9_d2,001,0,negobs,0,0,0.0,0,0,0,0,0,0,0
42,gz_drop4_ctrl,preset_h0.9_d2,002,0,negobs,0,0,0.0,0,0,0,0,0,0,0
42,gz_drop4_ctrl,preset_h0.9_d5,000,0,negobs,0,0,0.0,0,0,0,0,0,0,0
42,gz_drop4_ctrl,preset_h0.9_d5,001,0,negobs,0,0,0.0,0,0,0,0,0,0,0
42,gz_drop4_ctrl,preset_h0.9_d5,002,0,negobs,0,0,0.0,0,0,0,0,0,0,0
42,gz_drop4_ctrl,rs_h0.125_d2,000,0,rs,0,0,0.0,0,0,0,0,0,0,0
42,gz_drop4_ctrl,rs_h0.125_d2,001,0,rs,0,0,0.0,0,0,0,0,0,0,0
42,gz_drop4_ctrl,rs_h0.125_d2,002,0,rs,0,0,0.0,0,0,0,0,0,0,0
42,gz_drop4_ctrl,rs_h0.125_d5,000,0,rs,0,0,0.0,0,0,0,0,0,0,0
42,gz_drop4_ctrl,rs_h0.125_d5,001,0,rs,0,0,0.0,0,0,0,0,0,0,0
42,gz_drop4_ctrl,rs_h0.125_d5,002,0,rs,0,0,0.0,0,0,0,0,0,0,0
43,gz_drop1,extra_h0.3_d1.2,000,1,negobs,5,0,0.10119,0,0,0,0,0,0,16
43,gz_drop1,extra_h0.3_d1.2,001,1,negobs,5,0,0.10119,0,0,0,0,0,0,16
43,gz_drop1,extra_h0.3_d1.2,002,1,negobs,5,0,0.10119,0,0,0,0,0,0,16
43,gz_drop1,preset_h0.3_d10,000,1,negobs,0,0,0.0,0,0,0,0,0,0,3
43,gz_drop1,preset_h0.3_d10,001,1,negobs,0,0,0.0,0,0,0,0,0,0,3
43,gz_drop1,preset_h0.3_d10,002,1,negobs,0,0,0.0,0,0,0,0,0,0,3
43,gz_drop1,preset_h0.3_d2,000,1,negobs,5,0,0.10979,0,0,0,0,0,0,11
43,gz_drop1,preset_h0.3_d2,001,1,negobs,5,0,0.10979,0,0,0,0,0,0,11
43,gz_drop1,preset_h0.3_d2,002,1,negobs,5,0,0.10979,0,0,0,0,0,0,11
43,gz_drop1,preset_h0.3_d5,000,1,negobs,1,0,0.0604,0,0,0,0,0,0,6
43,gz_drop1,preset_h0.3_d5,001,1,negobs,1,0,0.0604,0,0,0,0,0,0,6
43,gz_drop1,preset_h0.3_d5,002,1,negobs,1,0,0.0604,0,0,0,0,0,0,6
43,gz_drop1,preset_h0.9_d10,000,1,negobs,0,0,0.0,0,0,0,0,0,0,3
43,gz_drop1,preset_h0.9_d10,001,1,negobs,0,0,0.0,0,0,0,0,0,0,3
43,gz_drop1,preset_h0.9_d10,002,1,negobs,0,0,0.0,0,0,0,0,0,0,3
43,gz_drop1,preset_h0.9_d2,000,1,negobs,1,0,0.16969,0,0,0,0,0,0,11
43,gz_drop1,preset_h0.9_d2,001,1,negobs,1,0,0.16969,0,0,0,0,0,0,11
43,gz_drop1,preset_h0.9_d2,002,1,negobs,1,0,0.16969,0,0,0,0,0,0,11
43,gz_drop1,preset_h0.9_d5,000,1,negobs,0,0,0.0,0,0,0,0,0,0,6
43,gz_drop1,preset_h0.9_d5,001,1,negobs,0,0,0.0,0,0,0,0,0,0,6
43,gz_drop1,preset_h0.9_d5,002,1,negobs,0,0,0.0,0,0,0,0,0,0,6
43,gz_drop1,rs_h0.125_d2,000,1,rs,0,0,0.0,0,0,0,0,0,0,11
43,gz_drop1,rs_h0.125_d2,001,1,rs,0,0,0.0,0,0,0,0,0,0,11
43,gz_drop1,rs_h0.125_d2,002,1,rs,0,0,0.0,0,0,0,0,0,0,11
43,gz_drop1,rs_h0.125_d5,000,1,rs,0,0,0.0,0,0,0,0,0,0,6
43,gz_drop1,rs_h0.125_d5,001,1,rs,0,0,0.0,0,0,0,0,0,0,6
43,gz_drop1,rs_h0.125_d5,002,1,rs,0,0,0.0,0,0,0,0,0,0,6
43,gz_drop1_ctrl,extra_h0.3_d1.2,000,0,negobs,4,0,0.08146,0,0,0,0,0,0,0
43,gz_drop1_ctrl,extra_h0.3_d1.2,001,0,negobs,4,0,0.08146,0,0,0,0,0,0,0
43,gz_drop1_ctrl,extra_h0.3_d1.2,002,0,negobs,4,0,0.08146,0,0,0,0,0,0,0
43,gz_drop1_ctrl,preset_h0.3_d10,000,0,negobs,0,0,0.0,0,0,0,0,0,0,0
43,gz_drop1_ctrl,preset_h0.3_d10,001,0,negobs,0,0,0.0,0,0,0,0,0,0,0
43,gz_drop1_ctrl,preset_h0.3_d10,002,0,negobs,0,0,0.0,0,0,0,0,0,0,0
43,gz_drop1_ctrl,preset_h0.3_d2,000,0,negobs,6,0,0.09694,0,0,0,0,0,0,0
43,gz_drop1_ctrl,preset_h0.3_d2,001,0,negobs,6,0,0.09694,0,0,0,0,0,0,0
43,gz_drop1_ctrl,preset_h0.3_d2,002,0,negobs,6,0,0.09694,0,0,0,0,0,0,0
43,gz_drop1_ctrl,preset_h0.3_d5,000,0,negobs,1,0,0.05268,0,0,0,0,0,0,0
43,gz_drop1_ctrl,preset_h0.3_d5,001,0,negobs,1,0,0.05268,0,0,0,0,0,0,0
43,gz_drop1_ctrl,preset_h0.3_d5,002,0,negobs,1,0,0.05268,0,0,0,0,0,0,0
43,gz_drop1_ctrl,preset_h0.9_d10,000,0,negobs,0,0,0.0,0,0,0,0,0,0,0
43,gz_drop1_ctrl,preset_h0.9_d10,001,0,negobs,0,0,0.0,0,0,0,0,0,0,0
43,gz_drop1_ctrl,preset_h0.9_d10,002,0,negobs,0,0,0.0,0,0,0,0,0,0,0
43,gz_drop1_ctrl,preset_h0.9_d2,000,0,negobs,1,0,0.09413,0,0,0,0,0,0,0
43,gz_drop1_ctrl,preset_h0.9_d2,001,0,negobs,1,0,0.09413,0,0,0,0,0,0,0
43,gz_drop1_ctrl,preset_h0.9_d2,002,0,negobs,1,0,0.09413,0,0,0,0,0,0,0
43,gz_drop1_ctrl,preset_h0.9_d5,000,0,negobs,0,0,0.0,0,0,0,0,0,0,0
43,gz_drop1_ctrl,preset_h0.9_d5,001,0,negobs,0,0,0.0,0,0,0,0,0,0,0
43,gz_drop1_ctrl,preset_h0.9_d5,002,0,negobs,0,0,0.0,0,0,0,0,0,0,0
43,gz_drop1_ctrl,rs_h0.125_d2,000,0,rs,0,0,0.0,0,0,0,0,0,0,0
43,gz_drop1_ctrl,rs_h0.125_d2,001,0,rs,0,0,0.0,0,0,0,0,0,0,0
43,gz_drop1_ctrl,rs_h0.125_d2,002,0,rs,0,0,0.0,0,0,0,0,0,0,0
43,gz_drop1_ctrl,rs_h0.125_d5,000,0,rs,0,0,0.0,0,0,0,0,0,0,0
43,gz_drop1_ctrl,rs_h0.125_d5,001,0,rs,0,0,0.0,0,0,0,0,0,0,0
43,gz_drop1_ctrl,rs_h0.125_d5,002,0,rs,0,0,0.0,0,0,0,0,0,0,0
43,gz_drop2,extra_h0.3_d1.2,000,1,negobs,2,0,0.06124,0,0,0,0,0,0,20
43,gz_drop2,extra_h0.3_d1.2,001,1,negobs,2,0,0.06124,0,0,0,0,0,0,20
43,gz_drop2,extra_h0.3_d1.2,002,1,negobs,2,0,0.06124,0,0,0,0,0,0,20
43,gz_drop2,preset_h0.3_d10,000,1,negobs,0,0,0.0,0,0,0,0,0,0,5
43,gz_drop2,preset_h0.3_d10,001,1,negobs,0,0,0.0,0,0,0,0,0,0,5
43,gz_drop2,preset_h0.3_d10,002,1,negobs,0,0,0.0,0,0,0,0,0,0,5
43,gz_drop2,preset_h0.3_d2,000,1,negobs,3,0,0.07802,0,0,0,0,0,0,15
43,gz_drop2,preset_h0.3_d2,001,1,negobs,3,0,0.07802,0,0,0,0,0,0,15
43,gz_drop2,preset_h0.3_d2,002,1,negobs,3,0,0.07802,0,0,0,0,0,0,15
43,gz_drop2,preset_h0.3_d5,000,1,negobs,2,0,0.07128,0,0,0,0,0,0,10
43,gz_drop2,preset_h0.3_d5,001,1,negobs,2,0,0.07128,0,0,0,0,0,0,10
43,gz_drop2,preset_h0.3_d5,002,1,negobs,2,0,0.07128,0,0,0,0,0,0,10
43,gz_drop2,preset_h0.9_d10,000,1,negobs,0,0,0.0,0,0,0,0,0,0,5
43,gz_drop2,preset_h0.9_d10,001,1,negobs,0,0,0.0,0,0,0,0,0,0,5
43,gz_drop2,preset_h0.9_d10,002,1,negobs,0,0,0.0,0,0,0,0,0,0,5
43,gz_drop2,preset_h0.9_d2,000,1,negobs,0,0,0.0,0,0,0,0,0,0,15
43,gz_drop2,preset_h0.9_d2,001,1,negobs,0,0,0.0,0,0,0,0,0,0,15
43,gz_drop2,preset_h0.9_d2,002,1,negobs,0,0,0.0,0,0,0,0,0,0,15
43,gz_drop2,preset_h0.9_d5,000,1,negobs,0,0,0.0,0,0,0,0,0,0,10
43,gz_drop2,preset_h0.9_d5,001,1,negobs,0,0,0.0,0,0,0,0,0,0,10
43,gz_drop2,preset_h0.9_d5,002,1,negobs,0,0,0.0,0,0,0,0,0,0,10
43,gz_drop2,rs_h0.125_d2,000,1,rs,0,0,0.0,0,0,0,0,0,0,15
43,gz_drop2,rs_h0.125_d2,001,1,rs,0,0,0.0,0,0,0,0,0,0,15
43,gz_drop2,rs_h0.125_d2,002,1,rs,0,0,0.0,0,0,0,0,0,0,15
43,gz_drop2,rs_h0.125_d5,000,1,rs,0,0,0.0,0,0,0,0,0,0,10
43,gz_drop2,rs_h0.125_d5,001,1,rs,0,0,0.0,0,0,0,0,0,0,10
43,gz_drop2,rs_h0.125_d5,002,1,rs,0,0,0.0,0,0,0,0,0,0,10
43,gz_drop2_ctrl,extra_h0.3_d1.2,000,0,negobs,3,0,0.0832,0,0,0,0,0,0,0
43,gz_drop2_ctrl,extra_h0.3_d1.2,001,0,negobs,3,0,0.0832,0,0,0,0,0,0,0
43,gz_drop2_ctrl,extra_h0.3_d1.2,002,0,negobs,3,0,0.0832,0,0,0,0,0,0,0
43,gz_drop2_ctrl,preset_h0.3_d10,000,0,negobs,0,0,0.0,0,0,0,0,0,0,0
43,gz_drop2_ctrl,preset_h0.3_d10,001,0,negobs,0,0,0.0,0,0,0,0,0,0,0
43,gz_drop2_ctrl,preset_h0.3_d10,002,0,negobs,0,0,0.0,0,0,0,0,0,0,0
43,gz_drop2_ctrl,preset_h0.3_d2,000,0,negobs,3,0,0.09083,0,0,0,0,0,0,0
43,gz_drop2_ctrl,preset_h0.3_d2,001,0,negobs,3,0,0.09083,0,0,0,0,0,0,0
43,gz_drop2_ctrl,preset_h0.3_d2,002,0,negobs,3,0,0.09083,0,0,0,0,0,0,0
43,gz_drop2_ctrl,preset_h0.3_d5,000,0,negobs,2,0,0.06831,0,0,0,0,0,0,0
43,gz_drop2_ctrl,preset_h0.3_d5,001,0,negobs,2,0,0.06831,0,0,0,0,0,0,0
43,gz_drop2_ctrl,preset_h0.3_d5,002,0,negobs,2,0,0.06831,0,0,0,0,0,0,0
43,gz_drop2_ctrl,preset_h0.9_d10,000,0,negobs,0,0,0.0,0,0,0,0,0,0,0
43,gz_drop2_ctrl,preset_h0.9_d10,001,0,negobs,0,0,0.0,0,0,0,0,0,0,0
43,gz_drop2_ctrl,preset_h0.9_d10,002,0,negobs,0,0,0.0,0,0,0,0,0,0,0
43,gz_drop2_ctrl,preset_h0.9_d2,000,0,negobs,3,0,0.08149,0,0,0,0,0,0,0
43,gz_drop2_ctrl,preset_h0.9_d2,001,0,negobs,3,0,0.08149,0,0,0,0,0,0,0
43,gz_drop2_ctrl,preset_h0.9_d2,002,0,negobs,3,0,0.08149,0,0,0,0,0,0,0
43,gz_drop2_ctrl,preset_h0.9_d5,000,0,negobs,2,0,0.07526,0,0,0,0,0,0,0
43,gz_drop2_ctrl,preset_h0.9_d5,001,0,negobs,2,0,0.07526,0,0,0,0,0,0,0
43,gz_drop2_ctrl,preset_h0.9_d5,002,0,negobs,2,0,0.07526,0,0,0,0,0,0,0
43,gz_drop2_ctrl,rs_h0.125_d2,000,0,rs,0,0,0.0,0,0,0,0,0,0,0
43,gz_drop2_ctrl,rs_h0.125_d2,001,0,rs,0,0,0.0,0,0,0,0,0,0,0
43,gz_drop2_ctrl,rs_h0.125_d2,002,0,rs,0,0,0.0,0,0,0,0,0,0,0
43,gz_drop2_ctrl,rs_h0.125_d5,000,0,rs,0,0,0.0,0,0,0,0,0,0,0
43,gz_drop2_ctrl,rs_h0.125_d5,001,0,rs,0,0,0.0,0,0,0,0,0,0,0
43,gz_drop2_ctrl,rs_h0.125_d5,002,0,rs,0,0,0.0,0,0,0,0,0,0,0
43,gz_drop3,extra_h0.3_d1.2,000,1,negobs,0,0,0.0,0,0,0,0,0,0,10
43,gz_drop3,extra_h0.3_d1.2,001,1,negobs,0,0,0.0,0,0,0,0,0,0,10
43,gz_drop3,extra_h0.3_d1.2,002,1,negobs,0,0,0.0,0,0,0,0,0,0,10
43,gz_drop3,preset_h0.3_d10,000,1,negobs,0,0,0.0,0,0,0,0,0,0,1
43,gz_drop3,preset_h0.3_d10,001,1,negobs,0,0,0.0,0,0,0,0,0,0,1
43,gz_drop3,preset_h0.3_d10,002,1,negobs,0,0,0.0,0,0,0,0,0,0,1
43,gz_drop3,preset_h0.3_d2,000,1,negobs,0,0,0.0,0,0,0,0,0,0,8
43,gz_drop3,preset_h0.3_d2,001,1,negobs,0,0,0.0,0,0,0,0,0,0,8
43,gz_drop3,preset_h0.3_d2,002,1,negobs,0,0,0.0,0,0,0,0,0,0,8
43,gz_drop3,preset_h0.3_d5,000,1,negobs,1,0,0.05622,0,0,0,0,0,0,6
43,gz_drop3,preset_h0.3_d5,001,1,negobs,1,0,0.05622,0,0,0,0,0,0,6
43,gz_drop3,preset_h0.3_d5,002,1,negobs,1,0,0.05622,0,0,0,0,0,0,6
43,gz_drop3,preset_h0.9_d10,000,1,negobs,1,0,0.1172,0,0,0,0,0,0,1
43,gz_drop3,preset_h0.9_d10,001,1,negobs,1,0,0.1172,0,0,0,0,0,0,1
43,gz_drop3,preset_h0.9_d10,002,1,negobs,1,0,0.1172,0,0,0,0,0,0,1
43,gz_drop3,preset_h0.9_d2,000,1,negobs,16,1,0.63228,1,1,1,1,0,1,8
43,gz_drop3,preset_h0.9_d2,001,1,negobs,16,1,0.63228,1,1,1,1,0,1,8
43,gz_drop3,preset_h0.9_d2,002,1,negobs,16,1,0.63228,1,1,1,1,0,1,8
43,gz_drop3,preset_h0.9_d5,000,1,negobs,2,0,0.12104,0,0,0,0,0,0,6
43,gz_drop3,preset_h0.9_d5,001,1,negobs,2,0,0.12104,0,0,0,0,0,0,6
43,gz_drop3,preset_h0.9_d5,002,1,negobs,2,0,0.12104,0,0,0,0,0,0,6
43,gz_drop3,rs_h0.125_d2,000,1,rs,0,0,0.0,0,0,0,0,0,0,8
43,gz_drop3,rs_h0.125_d2,001,1,rs,0,0,0.0,0,0,0,0,0,0,8
43,gz_drop3,rs_h0.125_d2,002,1,rs,0,0,0.0,0,0,0,0,0,0,8
43,gz_drop3,rs_h0.125_d5,000,1,rs,0,0,0.0,0,0,0,0,0,0,6
43,gz_drop3,rs_h0.125_d5,001,1,rs,0,0,0.0,0,0,0,0,0,0,6
43,gz_drop3,rs_h0.125_d5,002,1,rs,0,0,0.0,0,0,0,0,0,0,6
43,gz_drop3_ctrl,extra_h0.3_d1.2,000,0,negobs,0,0,0.0,0,0,0,0,0,0,0
43,gz_drop3_ctrl,extra_h0.3_d1.2,001,0,negobs,0,0,0.0,0,0,0,0,0,0,0
43,gz_drop3_ctrl,extra_h0.3_d1.2,002,0,negobs,0,0,0.0,0,0,0,0,0,0,0
43,gz_drop3_ctrl,preset_h0.3_d10,000,0,negobs,0,0,0.0,0,0,0,0,0,0,0
43,gz_drop3_ctrl,preset_h0.3_d10,001,0,negobs,0,0,0.0,0,0,0,0,0,0,0
43,gz_drop3_ctrl,preset_h0.3_d10,002,0,negobs,0,0,0.0,0,0,0,0,0,0,0
43,gz_drop3_ctrl,preset_h0.3_d2,000,0,negobs,0,0,0.0,0,0,0,0,0,0,0
43,gz_drop3_ctrl,preset_h0.3_d2,001,0,negobs,0,0,0.0,0,0,0,0,0,0,0
43,gz_drop3_ctrl,preset_h0.3_d2,002,0,negobs,0,0,0.0,0,0,0,0,0,0,0
43,gz_drop3_ctrl,preset_h0.3_d5,000,0,negobs,1,0,0.05789,0,0,0,0,0,0,0
43,gz_drop3_ctrl,preset_h0.3_d5,001,0,negobs,1,0,0.05789,0,0,0,0,0,0,0
43,gz_drop3_ctrl,preset_h0.3_d5,002,0,negobs,1,0,0.05789,0,0,0,0,0,0,0
43,gz_drop3_ctrl,preset_h0.9_d10,000,0,negobs,1,0,0.1267,0,0,0,0,0,0,0
43,gz_drop3_ctrl,preset_h0.9_d10,001,0,negobs,1,0,0.1267,0,0,0,0,0,0,0
43,gz_drop3_ctrl,preset_h0.9_d10,002,0,negobs,1,0,0.1267,0,0,0,0,0,0,0
43,gz_drop3_ctrl,preset_h0.9_d2,000,0,negobs,16,1,0.63187,1,0,0,0,0,1,0
43,gz_drop3_ctrl,preset_h0.9_d2,001,0,negobs,16,1,0.63187,1,0,0,0,0,1,0
43,gz_drop3_ctrl,preset_h0.9_d2,002,0,negobs,16,1,0.63187,1,0,0,0,0,1,0
43,gz_drop3_ctrl,preset_h0.9_d5,000,0,negobs,2,0,0.11665,0,0,0,0,0,0,0
43,gz_drop3_ctrl,preset_h0.9_d5,001,0,negobs,2,0,0.11665,0,0,0,0,0,0,0
43,gz_drop3_ctrl,preset_h0.9_d5,002,0,negobs,2,0,0.11665,0,0,0,0,0,0,0
43,gz_drop3_ctrl,rs_h0.125_d2,000,0,rs,0,0,0.0,0,0,0,0,0,0,0
43,gz_drop3_ctrl,rs_h0.125_d2,001,0,rs,0,0,0.0,0,0,0,0,0,0,0
43,gz_drop3_ctrl,rs_h0.125_d2,002,0,rs,0,0,0.0,0,0,0,0,0,0,0
43,gz_drop3_ctrl,rs_h0.125_d5,000,0,rs,0,0,0.0,0,0,0,0,0,0,0
43,gz_drop3_ctrl,rs_h0.125_d5,001,0,rs,0,0,0.0,0,0,0,0,0,0,0
43,gz_drop3_ctrl,rs_h0.125_d5,002,0,rs,0,0,0.0,0,0,0,0,0,0,0
43,gz_drop4,extra_h0.3_d1.2,000,1,negobs,1,0,0.06645,0,0,0,0,0,0,5
43,gz_drop4,extra_h0.3_d1.2,001,1,negobs,1,0,0.06645,0,0,0,0,0,0,5
43,gz_drop4,extra_h0.3_d1.2,002,1,negobs,1,0,0.06645,0,0,0,0,0,0,5
43,gz_drop4,preset_h0.3_d10,000,1,negobs,0,0,0.0,0,0,0,0,0,0,1
43,gz_drop4,preset_h0.3_d10,001,1,negobs,0,0,0.0,0,0,0,0,0,0,1
43,gz_drop4,preset_h0.3_d10,002,1,negobs,0,0,0.0,0,0,0,0,0,0,1
43,gz_drop4,preset_h0.3_d2,000,1,negobs,5,0,0.07937,0,0,0,0,0,0,3
43,gz_drop4,preset_h0.3_d2,001,1,negobs,5,0,0.07937,0,0,0,0,0,0,3
43,gz_drop4,preset_h0.3_d2,002,1,negobs,5,0,0.07937,0,0,0,0,0,0,3
43,gz_drop4,preset_h0.3_d5,000,1,negobs,1,0,0.0529,0,0,0,0,0,0,1
43,gz_drop4,preset_h0.3_d5,001,1,negobs,1,0,0.0529,0,0,0,0,0,0,1
43,gz_drop4,preset_h0.3_d5,002,1,negobs,1,0,0.0529,0,0,0,0,0,0,1
43,gz_drop4,preset_h0.9_d10,000,1,negobs,0,0,0.0,0,0,0,0,0,0,1
43,gz_drop4,preset_h0.9_d10,001,1,negobs,0,0,0.0,0,0,0,0,0,0,1
43,gz_drop4,preset_h0.9_d10,002,1,negobs,0,0,0.0,0,0,0,0,0,0,1
43,gz_drop4,preset_h0.9_d2,000,1,negobs,1,0,0.10572,0,0,0,0,0,0,3
43,gz_drop4,preset_h0.9_d2,001,1,negobs,1,0,0.10572,0,0,0,0,0,0,3
43,gz_drop4,preset_h0.9_d2,002,1,negobs,1,0,0.10572,0,0,0,0,0,0,3
43,gz_drop4,preset_h0.9_d5,000,1,negobs,0,0,0.0,0,0,0,0,0,0,1
43,gz_drop4,preset_h0.9_d5,001,1,negobs,0,0,0.0,0,0,0,0,0,0,1
43,gz_drop4,preset_h0.9_d5,002,1,negobs,0,0,0.0,0,0,0,0,0,0,1
43,gz_drop4,rs_h0.125_d2,000,1,rs,0,0,0.0,0,0,0,0,0,0,3
43,gz_drop4,rs_h0.125_d2,001,1,rs,0,0,0.0,0,0,0,0,0,0,3
43,gz_drop4,rs_h0.125_d2,002,1,rs,0,0,0.0,0,0,0,0,0,0,3
43,gz_drop4,rs_h0.125_d5,000,1,rs,0,0,0.0,0,0,0,0,0,0,1
43,gz_drop4,rs_h0.125_d5,001,1,rs,0,0,0.0,0,0,0,0,0,0,1
43,gz_drop4,rs_h0.125_d5,002,1,rs,0,0,0.0,0,0,0,0,0,0,1
43,gz_drop4_ctrl,extra_h0.3_d1.2,000,0,negobs,5,0,0.10024,0,0,0,0,0,0,0
43,gz_drop4_ctrl,extra_h0.3_d1.2,001,0,negobs,5,0,0.10024,0,0,0,0,0,0,0
43,gz_drop4_ctrl,extra_h0.3_d1.2,002,0,negobs,5,0,0.10024,0,0,0,0,0,0,0
43,gz_drop4_ctrl,preset_h0.3_d10,000,0,negobs,0,0,0.0,0,0,0,0,0,0,0
43,gz_drop4_ctrl,preset_h0.3_d10,001,0,negobs,0,0,0.0,0,0,0,0,0,0,0
43,gz_drop4_ctrl,preset_h0.3_d10,002,0,negobs,0,0,0.0,0,0,0,0,0,0,0
43,gz_drop4_ctrl,preset_h0.3_d2,000,0,negobs,5,0,0.08376,0,0,0,0,0,0,0
43,gz_drop4_ctrl,preset_h0.3_d2,001,0,negobs,5,0,0.08376,0,0,0,0,0,0,0
43,gz_drop4_ctrl,preset_h0.3_d2,002,0,negobs,5,0,0.08376,0,0,0,0,0,0,0
43,gz_drop4_ctrl,preset_h0.3_d5,000,0,negobs,0,0,0.0,0,0,0,0,0,0,0
43,gz_drop4_ctrl,preset_h0.3_d5,001,0,negobs,0,0,0.0,0,0,0,0,0,0,0
43,gz_drop4_ctrl,preset_h0.3_d5,002,0,negobs,0,0,0.0,0,0,0,0,0,0,0
43,gz_drop4_ctrl,preset_h0.9_d10,000,0,negobs,0,0,0.0,0,0,0,0,0,0,0
43,gz_drop4_ctrl,preset_h0.9_d10,001,0,negobs,0,0,0.0,0,0,0,0,0,0,0
43,gz_drop4_ctrl,preset_h0.9_d10,002,0,negobs,0,0,0.0,0,0,0,0,0,0,0
43,gz_drop4_ctrl,preset_h0.9_d2,000,0,negobs,1,0,0.13661,0,0,0,0,0,0,0
43,gz_drop4_ctrl,preset_h0.9_d2,001,0,negobs,1,0,0.13661,0,0,0,0,0,0,0
43,gz_drop4_ctrl,preset_h0.9_d2,002,0,negobs,1,0,0.13661,0,0,0,0,0,0,0
43,gz_drop4_ctrl,preset_h0.9_d5,000,0,negobs,0,0,0.0,0,0,0,0,0,0,0
43,gz_drop4_ctrl,preset_h0.9_d5,001,0,negobs,0,0,0.0,0,0,0,0,0,0,0
43,gz_drop4_ctrl,preset_h0.9_d5,002,0,negobs,0,0,0.0,0,0,0,0,0,0,0
43,gz_drop4_ctrl,rs_h0.125_d2,000,0,rs,0,0,0.0,0,0,0,0,0,0,0
43,gz_drop4_ctrl,rs_h0.125_d2,001,0,rs,0,0,0.0,0,0,0,0,0,0,0
43,gz_drop4_ctrl,rs_h0.125_d2,002,0,rs,0,0,0.0,0,0,0,0,0,0,0
43,gz_drop4_ctrl,rs_h0.125_d5,000,0,rs,0,0,0.0,0,0,0,0,0,0,0
43,gz_drop4_ctrl,rs_h0.125_d5,001,0,rs,0,0,0.0,0,0,0,0,0,0,0
43,gz_drop4_ctrl,rs_h0.125_d5,002,0,rs,0,0,0.0,0,0,0,0,0,0,0
44,gz_drop1,extra_h0.3_d1.2,000,1,negobs,8,0,0.09108,0,0,0,0,0,0,16
44,gz_drop1,extra_h0.3_d1.2,001,1,negobs,8,0,0.09108,0,0,0,0,0,0,16
44,gz_drop1,extra_h0.3_d1.2,002,1,negobs,8,0,0.09108,0,0,0,0,0,0,16
44,gz_drop1,preset_h0.3_d10,000,1,negobs,1,0,0.15865,0,0,0,0,0,0,3
44,gz_drop1,preset_h0.3_d10,001,1,negobs,1,0,0.15865,0,0,0,0,0,0,3
44,gz_drop1,preset_h0.3_d10,002,1,negobs,1,0,0.15865,0,0,0,0,0,0,3
44,gz_drop1,preset_h0.3_d2,000,1,negobs,35,0,0.1001,0,0,0,0,0,0,11
44,gz_drop1,preset_h0.3_d2,001,1,negobs,35,0,0.1001,0,0,0,0,0,0,11
44,gz_drop1,preset_h0.3_d2,002,1,negobs,35,0,0.1001,0,0,0,0,0,0,11
44,gz_drop1,preset_h0.3_d5,000,1,negobs,14,0,0.06038,0,0,0,0,0,0,6
44,gz_drop1,preset_h0.3_d5,001,1,negobs,14,0,0.06038,0,0,0,0,0,0,6
44,gz_drop1,preset_h0.3_d5,002,1,negobs,14,0,0.06038,0,0,0,0,0,0,6
44,gz_drop1,preset_h0.9_d10,000,1,negobs,2,0,0.05882,0,0,0,0,0,0,3
44,gz_drop1,preset_h0.9_d10,001,1,negobs,2,0,0.05882,0,0,0,0,0,0,3
44,gz_drop1,preset_h0.9_d10,002,1,negobs,2,0,0.05882,0,0,0,0,0,0,3
44,gz_drop1,preset_h0.9_d2,000,1,negobs,1,0,0.05226,0,0,0,0,0,0,11
44,gz_drop1,preset_h0.9_d2,001,1,negobs,1,0,0.05226,0,0,0,0,0,0,11
44,gz_drop1,preset_h0.9_d2,002,1,negobs,1,0,0.05226,0,0,0,0,0,0,11
44,gz_drop1,preset_h0.9_d5,000,1,negobs,0,0,0.0,0,0,0,0,0,0,6
44,gz_drop1,preset_h0.9_d5,001,1,negobs,0,0,0.0,0,0,0,0,0,0,6
44,gz_drop1,preset_h0.9_d5,002,1,negobs,0,0,0.0,0,0,0,0,0,0,6
44,gz_drop1,rs_h0.125_d2,000,1,rs,0,0,0.0,0,0,0,0,0,0,11
44,gz_drop1,rs_h0.125_d2,001,1,rs,0,0,0.0,0,0,0,0,0,0,11
44,gz_drop1,rs_h0.125_d2,002,1,rs,0,0,0.0,0,0,0,0,0,0,11
44,gz_drop1,rs_h0.125_d5,000,1,rs,0,0,0.0,0,0,0,0,0,0,6
44,gz_drop1,rs_h0.125_d5,001,1,rs,0,0,0.0,0,0,0,0,0,0,6
44,gz_drop1,rs_h0.125_d5,002,1,rs,0,0,0.0,0,0,0,0,0,0,6
44,gz_drop1_ctrl,extra_h0.3_d1.2,000,0,negobs,12,0,0.10143,0,0,0,0,0,0,0
44,gz_drop1_ctrl,extra_h0.3_d1.2,001,0,negobs,12,0,0.10143,0,0,0,0,0,0,0
44,gz_drop1_ctrl,extra_h0.3_d1.2,002,0,negobs,12,0,0.10143,0,0,0,0,0,0,0
44,gz_drop1_ctrl,preset_h0.3_d10,000,0,negobs,1,0,0.16282,0,0,0,0,0,0,0
44,gz_drop1_ctrl,preset_h0.3_d10,001,0,negobs,1,0,0.16282,0,0,0,0,0,0,0
44,gz_drop1_ctrl,preset_h0.3_d10,002,0,negobs,1,0,0.16282,0,0,0,0,0,0,0
44,gz_drop1_ctrl,preset_h0.3_d2,000,0,negobs,20,0,0.1038,0,0,0,0,0,0,0
44,gz_drop1_ctrl,preset_h0.3_d2,001,0,negobs,20,0,0.1038,0,0,0,0,0,0,0
44,gz_drop1_ctrl,preset_h0.3_d2,002,0,negobs,20,0,0.1038,0,0,0,0,0,0,0
44,gz_drop1_ctrl,preset_h0.3_d5,000,0,negobs,19,0,0.07198,0,0,0,0,0,0,0
44,gz_drop1_ctrl,preset_h0.3_d5,001,0,negobs,19,0,0.07198,0,0,0,0,0,0,0
44,gz_drop1_ctrl,preset_h0.3_d5,002,0,negobs,19,0,0.07198,0,0,0,0,0,0,0
44,gz_drop1_ctrl,preset_h0.9_d10,000,0,negobs,2,0,0.053,0,0,0,0,0,0,0
44,gz_drop1_ctrl,preset_h0.9_d10,001,0,negobs,2,0,0.053,0,0,0,0,0,0,0
44,gz_drop1_ctrl,preset_h0.9_d10,002,0,negobs,2,0,0.053,0,0,0,0,0,0,0
44,gz_drop1_ctrl,preset_h0.9_d2,000,0,negobs,4,0,0.07318,0,0,0,0,0,0,0
44,gz_drop1_ctrl,preset_h0.9_d2,001,0,negobs,4,0,0.07318,0,0,0,0,0,0,0
44,gz_drop1_ctrl,preset_h0.9_d2,002,0,negobs,4,0,0.07318,0,0,0,0,0,0,0
44,gz_drop1_ctrl,preset_h0.9_d5,000,0,negobs,0,0,0.0,0,0,0,0,0,0,0
44,gz_drop1_ctrl,preset_h0.9_d5,001,0,negobs,0,0,0.0,0,0,0,0,0,0,0
44,gz_drop1_ctrl,preset_h0.9_d5,002,0,negobs,0,0,0.0,0,0,0,0,0,0,0
44,gz_drop1_ctrl,rs_h0.125_d2,000,0,rs,0,0,0.0,0,0,0,0,0,0,0
44,gz_drop1_ctrl,rs_h0.125_d2,001,0,rs,0,0,0.0,0,0,0,0,0,0,0
44,gz_drop1_ctrl,rs_h0.125_d2,002,0,rs,0,0,0.0,0,0,0,0,0,0,0
44,gz_drop1_ctrl,rs_h0.125_d5,000,0,rs,0,0,0.0,0,0,0,0,0,0,0
44,gz_drop1_ctrl,rs_h0.125_d5,001,0,rs,0,0,0.0,0,0,0,0,0,0,0
44,gz_drop1_ctrl,rs_h0.125_d5,002,0,rs,0,0,0.0,0,0,0,0,0,0,0
44,gz_drop2,extra_h0.3_d1.2,000,1,negobs,4,0,0.06565,0,0,0,0,0,0,20
44,gz_drop2,extra_h0.3_d1.2,001,1,negobs,4,0,0.06565,0,0,0,0,0,0,20
44,gz_drop2,extra_h0.3_d1.2,002,1,negobs,4,0,0.06565,0,0,0,0,0,0,20
44,gz_drop2,preset_h0.3_d10,000,1,negobs,10,0,0.09147,0,0,0,0,0,0,5
44,gz_drop2,preset_h0.3_d10,001,1,negobs,10,0,0.09147,0,0,0,0,0,0,5
44,gz_drop2,preset_h0.3_d10,002,1,negobs,10,0,0.09147,0,0,0,0,0,0,5
44,gz_drop2,preset_h0.3_d2,000,1,negobs,3,0,0.06822,0,0,0,0,0,0,15
44,gz_drop2,preset_h0.3_d2,001,1,negobs,3,0,0.06822,0,0,0,0,0,0,15
44,gz_drop2,preset_h0.3_d2,002,1,negobs,3,0,0.06822,0,0,0,0,0,0,15
44,gz_drop2,preset_h0.3_d5,000,1,negobs,19,0,0.11272,0,0,0,0,0,0,10
44,gz_drop2,preset_h0.3_d5,001,1,negobs,19,0,0.11272,0,0,0,0,0,0,10
44,gz_drop2,preset_h0.3_d5,002,1,negobs,19,0,0.11272,0,0,0,0,0,0,10
44,gz_drop2,preset_h0.9_d10,000,1,negobs,12,0,0.23038,0,0,0,0,0,0,5
44,gz_drop2,preset_h0.9_d10,001,1,negobs,12,0,0.23038,0,0,0,0,0,0,5
44,gz_drop2,preset_h0.9_d10,002,1,negobs,12,0,0.23038,0,0,0,0,0,0,5
44,gz_drop2,preset_h0.9_d2,000,1,negobs,2,0,0.12559,0,0,0,0,0,0,15
44,gz_drop2,preset_h0.9_d2,001,1,negobs,2,0,0.12559,0,0,0,0,0,0,15
44,gz_drop2,preset_h0.9_d2,002,1,negobs,2,0,0.12559,0,0,0,0,0,0,15
44,gz_drop2,preset_h0.9_d5,000,1,negobs,8,0,0.10407,0,0,0,0,0,0,10
44,gz_drop2,preset_h0.9_d5,001,1,negobs,8,0,0.10407,0,0,0,0,0,0,10
44,gz_drop2,preset_h0.9_d5,002,1,negobs,8,0,0.10407,0,0,0,0,0,0,10
44,gz_drop2,rs_h0.125_d2,000,1,rs,39,0,0.12625,0,0,0,0,0,0,15
44,gz_drop2,rs_h0.125_d2,001,1,rs,39,0,0.12625,0,0,0,0,0,0,15
44,gz_drop2,rs_h0.125_d2,002,1,rs,39,0,0.12625,0,0,0,0,0,0,15
44,gz_drop2,rs_h0.125_d5,000,1,rs,30,0,0.13403,0,0,0,0,0,0,10
44,gz_drop2,rs_h0.125_d5,001,1,rs,30,0,0.13403,0,0,0,0,0,0,10
44,gz_drop2,rs_h0.125_d5,002,1,rs,30,0,0.13403,0,0,0,0,0,0,10
44,gz_drop2_ctrl,extra_h0.3_d1.2,000,0,negobs,45,0,0.10205,0,0,0,0,0,0,0
44,gz_drop2_ctrl,extra_h0.3_d1.2,001,0,negobs,45,0,0.10205,0,0,0,0,0,0,0
44,gz_drop2_ctrl,extra_h0.3_d1.2,002,0,negobs,45,0,0.10205,0,0,0,0,0,0,0
44,gz_drop2_ctrl,preset_h0.3_d10,000,0,negobs,8,0,0.0885,0,0,0,0,0,0,0
44,gz_drop2_ctrl,preset_h0.3_d10,001,0,negobs,8,0,0.0885,0,0,0,0,0,0,0
44,gz_drop2_ctrl,preset_h0.3_d10,002,0,negobs,8,0,0.0885,0,0,0,0,0,0,0
44,gz_drop2_ctrl,preset_h0.3_d2,000,0,negobs,33,0,0.09954,0,0,0,0,0,0,0
44,gz_drop2_ctrl,preset_h0.3_d2,001,0,negobs,33,0,0.09954,0,0,0,0,0,0,0
44,gz_drop2_ctrl,preset_h0.3_d2,002,0,negobs,33,0,0.09954,0,0,0,0,0,0,0
44,gz_drop2_ctrl,preset_h0.3_d5,000,0,negobs,23,0,0.10018,0,0,0,0,0,0,0
44,gz_drop2_ctrl,preset_h0.3_d5,001,0,negobs,23,0,0.10018,0,0,0,0,0,0,0
44,gz_drop2_ctrl,preset_h0.3_d5,002,0,negobs,23,0,0.10018,0,0,0,0,0,0,0
44,gz_drop2_ctrl,preset_h0.9_d10,000,0,negobs,20,2,0.53414,1,0,0,0,0,6,0
44,gz_drop2_ctrl,preset_h0.9_d10,001,0,negobs,20,2,0.53414,1,0,0,0,0,6,0
44,gz_drop2_ctrl,preset_h0.9_d10,002,0,negobs,20,2,0.53414,1,0,0,0,0,6,0
44,gz_drop2_ctrl,preset_h0.9_d2,000,0,negobs,22,0,0.09209,0,0,0,0,0,0,0
44,gz_drop2_ctrl,preset_h0.9_d2,001,0,negobs,22,0,0.09209,0,0,0,0,0,0,0
44,gz_drop2_ctrl,preset_h0.9_d2,002,0,negobs,22,0,0.09209,0,0,0,0,0,0,0
44,gz_drop2_ctrl,preset_h0.9_d5,000,0,negobs,31,0,0.09788,0,0,0,0,0,0,0
44,gz_drop2_ctrl,preset_h0.9_d5,001,0,negobs,31,0,0.09788,0,0,0,0,0,0,0
44,gz_drop2_ctrl,preset_h0.9_d5,002,0,negobs,31,0,0.09788,0,0,0,0,0,0,0
44,gz_drop2_ctrl,rs_h0.125_d2,000,0,rs,26,0,0.11007,0,0,0,0,0,0,0
44,gz_drop2_ctrl,rs_h0.125_d2,001,0,rs,26,0,0.11007,0,0,0,0,0,0,0
44,gz_drop2_ctrl,rs_h0.125_d2,002,0,rs,26,0,0.11007,0,0,0,0,0,0,0
44,gz_drop2_ctrl,rs_h0.125_d5,000,0,rs,27,1,0.44557,1,0,0,0,0,1,0
44,gz_drop2_ctrl,rs_h0.125_d5,001,0,rs,27,1,0.44557,1,0,0,0,0,1,0
44,gz_drop2_ctrl,rs_h0.125_d5,002,0,rs,27,1,0.44557,1,0,0,0,0,1,0
44,gz_drop3,extra_h0.3_d1.2,000,1,negobs,1,0,0.17717,0,0,0,0,0,0,10
44,gz_drop3,extra_h0.3_d1.2,001,1,negobs,1,0,0.17717,0,0,0,0,0,0,10
44,gz_drop3,extra_h0.3_d1.2,002,1,negobs,1,0,0.17717,0,0,0,0,0,0,10
44,gz_drop3,preset_h0.3_d10,000,1,negobs,1,0,0.1729,0,0,0,0,0,0,1
44,gz_drop3,preset_h0.3_d10,001,1,negobs,1,0,0.1729,0,0,0,0,0,0,1
44,gz_drop3,preset_h0.3_d10,002,1,negobs,1,0,0.1729,0,0,0,0,0,0,1
44,gz_drop3,preset_h0.3_d2,000,1,negobs,1,0,0.06468,0,0,0,0,0,0,8
44,gz_drop3,preset_h0.3_d2,001,1,negobs,1,0,0.06468,0,0,0,0,0,0,8
44,gz_drop3,preset_h0.3_d2,002,1,negobs,1,0,0.06468,0,0,0,0,0,0,8
44,gz_drop3,preset_h0.3_d5,000,1,negobs,31,2,0.56554,1,1,0,1,0,5,6
44,gz_drop3,preset_h0.3_d5,001,1,negobs,31,2,0.56554,1,1,0,1,0,5,6
44,gz_drop3,preset_h0.3_d5,002,1,negobs,31,2,0.56554,1,1,0,1,0,5,6
44,gz_drop3,preset_h0.9_d10,000,1,negobs,1,0,0.17135,0,0,0,0,0,0,1
44,gz_drop3,preset_h0.9_d10,001,1,negobs,1,0,0.17135,0,0,0,0,0,0,1
44,gz_drop3,preset_h0.9_d10,002,1,negobs,1,0,0.17135,0,0,0,0,0,0,1
44,gz_drop3,preset_h0.9_d2,000,1,negobs,4,0,0.07856,0,0,0,0,0,0,8
44,gz_drop3,preset_h0.9_d2,001,1,negobs,4,0,0.07856,0,0,0,0,0,0,8
44,gz_drop3,preset_h0.9_d2,002,1,negobs,4,0,0.07856,0,0,0,0,0,0,8
44,gz_drop3,preset_h0.9_d5,000,1,negobs,22,0,0.16075,0,0,0,0,0,0,6
44,gz_drop3,preset_h0.9_d5,001,1,negobs,22,0,0.16075,0,0,0,0,0,0,6
44,gz_drop3,preset_h0.9_d5,002,1,negobs,22,0,0.16075,0,0,0,0,0,0,6
44,gz_drop3,rs_h0.125_d2,000,1,rs,2,0,0.09437,0,0,0,0,0,0,8
44,gz_drop3,rs_h0.125_d2,001,1,rs,2,0,0.09437,0,0,0,0,0,0,8
44,gz_drop3,rs_h0.125_d2,002,1,rs,2,0,0.09437,0,0,0,0,0,0,8
44,gz_drop3,rs_h0.125_d5,000,1,rs,1,1,0.37335,1,1,0,1,0,2,6
44,gz_drop3,rs_h0.125_d5,001,1,rs,1,1,0.37335,1,1,0,1,0,2,6
44,gz_drop3,rs_h0.125_d5,002,1,rs,1,1,0.37335,1,1,0,1,0,2,6
44,gz_drop3_ctrl,extra_h0.3_d1.2,000,0,negobs,1,0,0.17717,0,0,0,0,0,0,0
44,gz_drop3_ctrl,extra_h0.3_d1.2,001,0,negobs,1,0,0.17717,0,0,0,0,0,0,0
44,gz_drop3_ctrl,extra_h0.3_d1.2,002,0,negobs,1,0,0.17717,0,0,0,0,0,0,0
44,gz_drop3_ctrl,preset_h0.3_d10,000,0,negobs,1,0,0.16763,0,0,0,0,0,0,0
44,gz_drop3_ctrl,preset_h0.3_d10,001,0,negobs,1,0,0.16763,0,0,0,0,0,0,0
44,gz_drop3_ctrl,preset_h0.3_d10,002,0,negobs,1,0,0.16763,0,0,0,0,0,0,0
44,gz_drop3_ctrl,preset_h0.3_d2,000,0,negobs,1,0,0.06468,0,0,0,0,0,0,0
44,gz_drop3_ctrl,preset_h0.3_d2,001,0,negobs,1,0,0.06468,0,0,0,0,0,0,0
44,gz_drop3_ctrl,preset_h0.3_d2,002,0,negobs,1,0,0.06468,0,0,0,0,0,0,0
44,gz_drop3_ctrl,preset_h0.3_d5,000,0,negobs,31,2,0.5587,1,0,0,0,0,5,0
44,gz_drop3_ctrl,preset_h0.3_d5,001,0,negobs,31,2,0.5587,1,0,0,0,0,5,0
44,gz_drop3_ctrl,preset_h0.3_d5,002,0,negobs,31,2,0.5587,1,0,0,0,0,5,0
44,gz_drop3_ctrl,preset_h0.9_d10,000,0,negobs,1,0,0.17087,0,0,0,0,0,0,0
44,gz_drop3_ctrl,preset_h0.9_d10,001,0,negobs,1,0,0.17087,0,0,0,0,0,0,0
44,gz_drop3_ctrl,preset_h0.9_d10,002,0,negobs,1,0,0.17087,0,0,0,0,0,0,0
44,gz_drop3_ctrl,preset_h0.9_d2,000,0,negobs,4,0,0.07856,0,0,0,0,0,0,0
44,gz_drop3_ctrl,preset_h0.9_d2,001,0,negobs,4,0,0.07856,0,0,0,0,0,0,0
44,gz_drop3_ctrl,preset_h0.9_d2,002,0,negobs,4,0,0.07856,0,0,0,0,0,0,0
44,gz_drop3_ctrl,preset_h0.9_d5,000,0,negobs,23,0,0.15743,0,0,0,0,0,0,0
44,gz_drop3_ctrl,preset_h0.9_d5,001,0,negobs,23,0,0.15743,0,0,0,0,0,0,0
44,gz_drop3_ctrl,preset_h0.9_d5,002,0,negobs,23,0,0.15743,0,0,0,0,0,0,0
44,gz_drop3_ctrl,rs_h0.125_d2,000,0,rs,2,0,0.09435,0,0,0,0,0,0,0
44,gz_drop3_ctrl,rs_h0.125_d2,001,0,rs,2,0,0.09435,0,0,0,0,0,0,0
44,gz_drop3_ctrl,rs_h0.125_d2,002,0,rs,2,0,0.09435,0,0,0,0,0,0,0
44,gz_drop3_ctrl,rs_h0.125_d5,000,0,rs,1,1,0.37586,1,0,0,0,0,2,0
44,gz_drop3_ctrl,rs_h0.125_d5,001,0,rs,1,1,0.37586,1,0,0,0,0,2,0
44,gz_drop3_ctrl,rs_h0.125_d5,002,0,rs,1,1,0.37586,1,0,0,0,0,2,0
44,gz_drop4,extra_h0.3_d1.2,000,1,negobs,15,0,0.10232,0,0,0,0,0,0,5
44,gz_drop4,extra_h0.3_d1.2,001,1,negobs,15,0,0.10232,0,0,0,0,0,0,5
44,gz_drop4,extra_h0.3_d1.2,002,1,negobs,15,0,0.10232,0,0,0,0,0,0,5
44,gz_drop4,preset_h0.3_d10,000,1,negobs,1,0,0.15107,0,0,0,0,0,0,1
44,gz_drop4,preset_h0.3_d10,001,1,negobs,1,0,0.15107,0,0,0,0,0,0,1
44,gz_drop4,preset_h0.3_d10,002,1,negobs,1,0,0.15107,0,0,0,0,0,0,1
44,gz_drop4,preset_h0.3_d2,000,1,negobs,18,0,0.0996,0,0,0,0,0,0,3
44,gz_drop4,preset_h0.3_d2,001,1,negobs,18,0,0.0996,0,0,0,0,0,0,3
44,gz_drop4,preset_h0.3_d2,002,1,negobs,18,0,0.0996,0,0,0,0,0,0,3
44,gz_drop4,preset_h0.3_d5,000,1,negobs,17,0,0.07174,0,0,0,0,0,0,1
44,gz_drop4,preset_h0.3_d5,001,1,negobs,17,0,0.07174,0,0,0,0,0,0,1
44,gz_drop4,preset_h0.3_d5,002,1,negobs,17,0,0.07174,0,0,0,0,0,0,1
44,gz_drop4,preset_h0.9_d10,000,1,negobs,0,0,0.0,0,0,0,0,0,0,1
44,gz_drop4,preset_h0.9_d10,001,1,negobs,0,0,0.0,0,0,0,0,0,0,1
44,gz_drop4,preset_h0.9_d10,002,1,negobs,0,0,0.0,0,0,0,0,0,0,1
44,gz_drop4,preset_h0.9_d2,000,1,negobs,4,0,0.0746,0,0,0,0,0,0,3
44,gz_drop4,preset_h0.9_d2,001,1,negobs,4,0,0.0746,0,0,0,0,0,0,3
44,gz_drop4,preset_h0.9_d2,002,1,negobs,4,0,0.0746,0,0,0,0,0,0,3
44,gz_drop4,preset_h0.9_d5,000,1,negobs,0,0,0.0,0,0,0,0,0,0,1
44,gz_drop4,preset_h0.9_d5,001,1,negobs,0,0,0.0,0,0,0,0,0,0,1
44,gz_drop4,preset_h0.9_d5,002,1,negobs,0,0,0.0,0,0,0,0,0,0,1
44,gz_drop4,rs_h0.125_d2,000,1,rs,0,0,0.0,0,0,0,0,0,0,3
44,gz_drop4,rs_h0.125_d2,001,1,rs,0,0,0.0,0,0,0,0,0,0,3
44,gz_drop4,rs_h0.125_d2,002,1,rs,0,0,0.0,0,0,0,0,0,0,3
44,gz_drop4,rs_h0.125_d5,000,1,rs,0,0,0.0,0,0,0,0,0,0,1
44,gz_drop4,rs_h0.125_d5,001,1,rs,0,0,0.0,0,0,0,0,0,0,1
44,gz_drop4,rs_h0.125_d5,002,1,rs,0,0,0.0,0,0,0,0,0,0,1
44,gz_drop4_ctrl,extra_h0.3_d1.2,000,0,negobs,13,0,0.09821,0,0,0,0,0,0,0
44,gz_drop4_ctrl,extra_h0.3_d1.2,001,0,negobs,13,0,0.09821,0,0,0,0,0,0,0
44,gz_drop4_ctrl,extra_h0.3_d1.2,002,0,negobs,13,0,0.09821,0,0,0,0,0,0,0
44,gz_drop4_ctrl,preset_h0.3_d10,000,0,negobs,1,0,0.15201,0,0,0,0,0,0,0
44,gz_drop4_ctrl,preset_h0.3_d10,001,0,negobs,1,0,0.15201,0,0,0,0,0,0,0
44,gz_drop4_ctrl,preset_h0.3_d10,002,0,negobs,1,0,0.15201,0,0,0,0,0,0,0
44,gz_drop4_ctrl,preset_h0.3_d2,000,0,negobs,8,0,0.09557,0,0,0,0,0,0,0
44,gz_drop4_ctrl,preset_h0.3_d2,001,0,negobs,8,0,0.09557,0,0,0,0,0,0,0
44,gz_drop4_ctrl,preset_h0.3_d2,002,0,negobs,8,0,0.09557,0,0,0,0,0,0,0
44,gz_drop4_ctrl,preset_h0.3_d5,000,0,negobs,17,0,0.06966,0,0,0,0,0,0,0
44,gz_drop4_ctrl,preset_h0.3_d5,001,0,negobs,17,0,0.06966,0,0,0,0,0,0,0
44,gz_drop4_ctrl,preset_h0.3_d5,002,0,negobs,17,0,0.06966,0,0,0,0,0,0,0
44,gz_drop4_ctrl,preset_h0.9_d10,000,0,negobs,0,0,0.0,0,0,0,0,0,0,0
44,gz_drop4_ctrl,preset_h0.9_d10,001,0,negobs,0,0,0.0,0,0,0,0,0,0,0
44,gz_drop4_ctrl,preset_h0.9_d10,002,0,negobs,0,0,0.0,0,0,0,0,0,0,0
44,gz_drop4_ctrl,preset_h0.9_d2,000,0,negobs,4,0,0.07321,0,0,0,0,0,0,0
44,gz_drop4_ctrl,preset_h0.9_d2,001,0,negobs,4,0,0.07321,0,0,0,0,0,0,0
44,gz_drop4_ctrl,preset_h0.9_d2,002,0,negobs,4,0,0.07321,0,0,0,0,0,0,0
44,gz_drop4_ctrl,preset_h0.9_d5,000,0,negobs,0,0,0.0,0,0,0,0,0,0,0
44,gz_drop4_ctrl,preset_h0.9_d5,001,0,negobs,0,0,0.0,0,0,0,0,0,0,0
44,gz_drop4_ctrl,preset_h0.9_d5,002,0,negobs,0,0,0.0,0,0,0,0,0,0,0
44,gz_drop4_ctrl,rs_h0.125_d2,000,0,rs,0,0,0.0,0,0,0,0,0,0,0
44,gz_drop4_ctrl,rs_h0.125_d2,001,0,rs,0,0,0.0,0,0,0,0,0,0,0
44,gz_drop4_ctrl,rs_h0.125_d2,002,0,rs,0,0,0.0,0,0,0,0,0,0,0
44,gz_drop4_ctrl,rs_h0.125_d5,000,0,rs,0,0,0.0,0,0,0,0,0,0,0
44,gz_drop4_ctrl,rs_h0.125_d5,001,0,rs,0,0,0.0,0,0,0,0,0,0,0
44,gz_drop4_ctrl,rs_h0.125_d5,002,0,rs,0,0,0.0,0,0,0,0,0,0,0
