1388709510	look_check/scene01
997811089	look_check/scene02
1194253479	look_check/scene03
936281832	look_check/scene04
1286709725	look_check/scene05
1511590393	look_check/scene06
1301710314	look_check/scene07
915107590	look_check/scene08
758150875	look_check/scene09
1462102731	look_check/scene10
1216416061	look_check/scene11
954919867	look_check/scene12
2003060604	look_check/scene13
657249251	look_check/scene14
853641606	look_check/scene15
1159271058	look_check/scene16
814924230	look_check/scene17
675440792	look_check/scene18
820428190	look_check/scene19
940330792	look_check/scene20
668111268	look_check/scene21
599971269	look_check/sceneC1
962260007	look_check/sceneC2
554505149	look_check/sceneC4
465507039	look_check/sceneD1
745190010	look_check/sceneD2
1121609807	look_check/sceneD3
491909755	look_check/sceneD4
662344856	look_check/sceneN1
648882761	look_check/sceneN2
553598422	look_check/sceneN3
530260770	look_check/sceneN4
463488441	look_check/sceneN5
