backup_file	bytes	source_file_exists
Docs/archive/reports/lighting_round_impl_v1.md.pre0827.bak	33423	True
Docs/archive/reports/redteam_lane1.md.pre0827.bak	18490	True
Docs/audit_v4/gt_changes_w3.md.pre0827.bak	598562	True
Docs/experiment/Status/PROJECT_STATE_0826.md.pre0827.bak	36284	True
Docs/reports/autonomy_run_extension_260816.md.pre0827.bak	11391	True
Docs/reports/dn_curve_260816.md.pre0827.bak	10104	True
Docs/reports/redteam_s0710_rebuild.md.pre0827.bak	20026	True
Docs/reports/w3_cb7_v1.md.pre0827.bak	39172	True
Docs/reports/w3_p03_v1.md.pre0827.bak	37342	True
Docs/reports/w3_s01_v1.md.pre0827.bak	41233	True
Docs/reports/w3_s10_close_v1.md.pre0827.bak	21776	True
Docs/reports/w3_s18_v1.md.pre0827.bak	33723	True
dataset/_archive/_delete_candidates/260819_patchprobe_noenv/manifest.json.pre0827.bak	654	True
dataset/_archive/_delete_candidates/260819_patchprobe_noenv2/manifest.json.pre0827.bak	656	True
dataset/_archive/_delete_candidates/260819_patchprobe_oracle/manifest.json.pre0827.bak	996	True
dataset/_archive/_delete_candidates/260820_probe_h/manifest.json.pre0827.bak	636	True
dataset/_archive/_delete_candidates/260820_probe_noenv/manifest.json.pre0827.bak	644	True
dataset/_archive/_delete_candidates/260823_v3p5_segsmoke_A/manifest.json.pre0827.bak	648	True
dataset/_archive/_delete_candidates/260826_v3w1_lib_B2_smoke/manifest.json.pre0827.bak	4411	True
dataset/_archive/_delete_candidates/260826_v3w1_lib_D_smoke/manifest.json.pre0827.bak	8034	True
dataset/_archive/_delete_candidates/260827_v3w1_lib_B3_smoke/manifest.json.pre0827.bak	2021	True
dataset/_archive/_delete_candidates/260827_v3w1_lib_C_smoke/manifest.json.pre0827.bak	6436	True
dataset/_archive/pilots/260815_datapilot/manifest.json.pre0827.bak	1898	True
dataset/_archive/scene_dev_2607/260730_data_mini/manifest.json.pre0827.bak	1155	True
dataset/_archive/scene_dev_2607/260730_s13_recache/manifest.json.pre0827.bak	663	True
dataset/_archive/scene_dev_2607/260731_cb7_recache/manifest.json.pre0827.bak	661	True
dataset/_archive/scene_dev_2607/260731_data_s01/manifest.json.pre0827.bak	632	True
dataset/_archive/scene_dev_2607/260731_data_s09/manifest.json.pre0827.bak	659	True
dataset/_archive/scene_dev_2607/260731_data_s10/manifest.json.pre0827.bak	634	True
dataset/_archive/scene_dev_2607/260731_data_s17/manifest.json.pre0827.bak	636	True
dataset/_archive/scene_dev_2607/260731_data_s18/manifest.json.pre0827.bak	657	True
dataset/_archive/scene_dev_2607/260731_s03_recache/manifest.json.pre0827.bak	665	True
dataset/_archive/scene_dev_2607/260731_s07_recache/manifest.json.pre0827.bak	642	True
dataset/_archive/scene_dev_2607/260731_s08_recache/manifest.json.pre0827.bak	665	True
dataset/_archive/v2_probes/260819_patchprobe_off/manifest.json.pre0827.bak	765	True
dataset/_archive/v2_probes/260819_patchprobe_on/manifest.json.pre0827.bak	880	True
dataset/_archive/v2_probes/260820_boost_e/manifest.json.pre0827.bak	7386	True
dataset/_archive/v2_probes/260820_boost_h/manifest.json.pre0827.bak	2424	True
dataset/_archive/v3_aux/260827_v3w1c_hashgate/manifest.json.pre0827.bak	5388	True
dataset/_archive/v3_aux/260827_v3w1c_segprobe/manifest.json.pre0827.bak	778	True
dataset/_archive/v3_library/260826_v3w1_lib_B_e/manifest.json.pre0827.bak	2934	True
dataset/_archive/v3_library/260826_v3w1_lib_B_e/test/scene12/heightmap_fused_meta.json.pre0827.bak	1052	True
dataset/_archive/v3_library/260826_v3w1_lib_B_e2/manifest.json.pre0827.bak	1506	True
dataset/_archive/v3_library/260826_v3w1_lib_B_e2/test/scene12/heightmap_fused_meta.json.pre0827.bak	1052	True
dataset/_archive/v3_library/260826_v3w1_lib_B_h/manifest.json.pre0827.bak	1027	True
dataset/_archive/v3_library/260826_v3w1_lib_B_smoke/manifest.json.pre0827.bak	5420	True
dataset/misc/260824_handson/manifest.json.pre0827.bak	632	True
dataset/v2_corpus/260819_main_off/manifest.json.pre0827.bak	12475	True
dataset/v2_corpus/260819_main_on/manifest.json.pre0827.bak	12455	True
dataset/v2_corpus/260819_main_on/test/scene10/idseg_backfill.json.pre0827.bak	10970	True
dataset/v2_corpus/260819_main_on/test/scene12/idseg_backfill.json.pre0827.bak	10970	True
dataset/v2_corpus/260819_main_on/train/scene03/idseg_backfill.json.pre0827.bak	11019	True
dataset/v2_corpus/260819_main_on/train/scene04/idseg_backfill.json.pre0827.bak	10971	True
dataset/v2_corpus/260819_main_on/train/scene09/idseg_backfill.json.pre0827.bak	11019	True
dataset/v2_corpus/260819_main_on/train/scene16/idseg_backfill.json.pre0827.bak	10971	True
dataset/v2_corpus/260819_main_on/train/scene17/idseg_backfill.json.pre0827.bak	10995	True
dataset/v2_corpus/260819_main_on/train/scene20/idseg_backfill.json.pre0827.bak	10947	True
dataset/v2_corpus/260819_main_on/train/scene21/idseg_backfill.json.pre0827.bak	10971	True
dataset/v2_corpus/260819_main_on/train/sceneC1/idseg_backfill.json.pre0827.bak	10971	True
dataset/v2_corpus/260819_main_on/train/sceneC4/idseg_backfill.json.pre0827.bak	10971	True
dataset/v2_corpus/260819_main_on/train/sceneD2/idseg_backfill.json.pre0827.bak	10968	True
dataset/v2_corpus/260819_main_on/train/sceneD3/idseg_backfill.json.pre0827.bak	10995	True
dataset/v2_corpus/260819_main_on/val/scene01/idseg_backfill.json.pre0827.bak	10957	True
dataset/v2_corpus/260819_main_on/val/scene02/idseg_backfill.json.pre0827.bak	10960	True
dataset/v2_corpus/260819_main_on/val/sceneD1/idseg_backfill.json.pre0827.bak	10951	True
dataset/v2_corpus/260820_boost_e2_off/manifest.json.pre0827.bak	3181	True
dataset/v2_corpus/260820_boost_e2_on/manifest.json.pre0827.bak	3176	True
dataset/v2_corpus/260820_boost_e2_on/train/scene03/idseg_backfill.json.pre0827.bak	11027	True
dataset/v2_corpus/260820_boost_e2_on/train/scene04/idseg_backfill.json.pre0827.bak	10979	True
dataset/v2_corpus/260820_boost_e2_on/train/scene20/idseg_backfill.json.pre0827.bak	10955	True
dataset/v2_corpus/260820_boost_e2_on/train/sceneC4/idseg_backfill.json.pre0827.bak	10979	True
dataset/v2_corpus/260820_boost_e_off/manifest.json.pre0827.bak	5561	True
dataset/v2_corpus/260820_boost_e_on/manifest.json.pre0827.bak	5546	True
dataset/v2_corpus/260820_boost_e_on/test/scene12/idseg_backfill.json.pre0827.bak	10974	True
dataset/v2_corpus/260820_boost_e_on/train/scene03/idseg_backfill.json.pre0827.bak	11023	True
dataset/v2_corpus/260820_boost_e_on/train/scene04/idseg_backfill.json.pre0827.bak	10975	True
dataset/v2_corpus/260820_boost_e_on/train/scene09/idseg_backfill.json.pre0827.bak	11023	True
dataset/v2_corpus/260820_boost_e_on/train/scene17/idseg_backfill.json.pre0827.bak	10999	True
dataset/v2_corpus/260820_boost_e_on/train/scene20/idseg_backfill.json.pre0827.bak	10951	True
dataset/v2_corpus/260820_boost_e_on/train/sceneC1/idseg_backfill.json.pre0827.bak	10975	True
dataset/v2_corpus/260820_boost_e_on/train/sceneC4/idseg_backfill.json.pre0827.bak	10975	True
dataset/v2_corpus/260820_boost_h_off/manifest.json.pre0827.bak	1859	True
dataset/v2_corpus/260820_boost_h_on/manifest.json.pre0827.bak	1854	True
dataset/v2_corpus/260820_boost_h_on/train/scene17/idseg_backfill.json.pre0827.bak	10999	True
dataset/v2_probes/260820_ctrloff/manifest.json.pre0827.bak	1127	True
dataset/v2_probes/260821_probe_off/manifest.json.pre0827.bak	1370	True
dataset/v2_probes/260821_probe_on/manifest.json.pre0827.bak	1366	True
dataset/v3_aux/260825_v3w0_cuecls_A/manifest.json.pre0827.bak	6717	True
dataset/v3_aux/260825_v3w0_cuecls_Bdress/manifest.json.pre0827.bak	6797	True
dataset/v3_aux/260825_v3w0_cuecls_Bmatl/manifest.json.pre0827.bak	1678	True
dataset/v3_aux/260825_v3w0_cuecls_Bnose/manifest.json.pre0827.bak	2019	True
dataset/v3_aux/260825_v3w0_cuecls_Brail/manifest.json.pre0827.bak	3381	True
dataset/v3_aux/260825_v3w0_cuecls_Btact/manifest.json.pre0827.bak	999	True
dataset/v3_aux/260826_v3a_segfill/manifest.json.pre0827.bak	6866	True
dataset/v3_aux/260826_v3a_segfill_e/manifest.json.pre0827.bak	3677	True
dataset/v3_aux/260826_v3a_segfill_e2/manifest.json.pre0827.bak	2116	True
dataset/v3_aux/260826_v3a_segfill_h/manifest.json.pre0827.bak	1032	True
dataset/v3_library/260826_v3w1_lib_B/manifest.json.pre0827.bak	6002	True
dataset/v3_library/260826_v3w1_lib_B2/manifest.json.pre0827.bak	4835	True
dataset/v3_library/260826_v3w1_lib_B2_e/manifest.json.pre0827.bak	2944	True
dataset/v3_library/260826_v3w1_lib_B2_e/test/scene12/heightmap_fused_meta.json.pre0827.bak	1084	True
dataset/v3_library/260826_v3w1_lib_B2_e2/manifest.json.pre0827.bak	1388	True
dataset/v3_library/260826_v3w1_lib_B2_e2/test/scene12/heightmap_fused_meta.json.pre0827.bak	1084	True
dataset/v3_library/260826_v3w1_lib_B2_h/manifest.json.pre0827.bak	1030	True
dataset/v3_library/260826_v3w1_lib_D/manifest.json.pre0827.bak	8367	True
dataset/v3_library/260826_v3w1_lib_D_e/manifest.json.pre0827.bak	3651	True
dataset/v3_library/260826_v3w1_lib_D_e/test/scene12/heightmap_fused_meta.json.pre0827.bak	1151	True
dataset/v3_library/260826_v3w1_lib_D_e/train/scene08/heightmap_fused_meta.json.pre0827.bak	1153	True
dataset/v3_library/260826_v3w1_lib_D_e2/manifest.json.pre0827.bak	2104	True
dataset/v3_library/260826_v3w1_lib_D_e2/test/scene12/heightmap_fused_meta.json.pre0827.bak	1151	True
dataset/v3_library/260826_v3w1_lib_D_h/manifest.json.pre0827.bak	1027	True
dataset/v3_library/260827_v3w1_lib_B3/manifest.json.pre0827.bak	2212	True
dataset/v3_library/260827_v3w1_lib_B3_e/manifest.json.pre0827.bak	1510	True
dataset/v3_library/260827_v3w1_lib_B3_e2/manifest.json.pre0827.bak	676	True
dataset/v3_library/260827_v3w1_lib_B3_h/manifest.json.pre0827.bak	672	True
dataset/v3_library/260827_v3w1_lib_C/manifest.json.pre0827.bak	6961	True
dataset/v3_library/260827_v3w1_lib_C_e/manifest.json.pre0827.bak	3662	True
dataset/v3_library/260827_v3w1_lib_C_e/test/scene12/heightmap_fused_meta.json.pre0827.bak	1023	True
dataset/v3_library/260827_v3w1_lib_C_e2/manifest.json.pre0827.bak	2102	True
dataset/v3_library/260827_v3w1_lib_C_e2/test/scene12/heightmap_fused_meta.json.pre0827.bak	1023	True
dataset/v3_library/260827_v3w1_lib_C_h/manifest.json.pre0827.bak	1029	True
experiments/dayrun_0820/annotations/amodal/bboxes.json.pre0827.bak	2283036	True
experiments/dayrun_0820/code/run_phase1.sh.pre0827.bak	2987	True
experiments/dayrun_0820/dataset_manifest_v2.json.pre0827.bak	2255722	True
experiments/dayrun_0820/dataset_manifest_v2_full.json.pre0827.bak	2902776	True
experiments/dayrun_0820/logs/boost_render.log.pre0827.bak	3450837	True
experiments/dayrun_0820/manifest_boost_e.json.pre0827.bak	961068	True
experiments/dayrun_0820/manifest_boost_e2.json.pre0827.bak	550430	True
experiments/dayrun_0820/manifest_boost_h.json.pre0827.bak	274644	True
experiments/dayrun_0820/narrative/diag_v1/DIAG_V1.md.pre0827.bak	20775	True
experiments/dayrun_0820/narrative/diag_v1/diag_v1.py.pre0827.bak	23625	True
experiments/mainrun_0819/HARNESS_NOTES.md.pre0827.bak	23417	True
experiments/mainrun_0819/METRICS.md.pre0827.bak	91411	True
experiments/mainrun_0819/PATHS.md.pre0827.bak	2033	True
experiments/mainrun_0819/PIPELINE_NOTES.md.pre0827.bak	27082	True
experiments/mainrun_0819/SPEC_EXTRACTED.md.pre0827.bak	27796	True
experiments/mainrun_0819/dataset_manifest_v1.json.pre0827.bak	2079431	True
experiments/mainrun_0819/logs/render.log.pre0827.bak	3216998	True
experiments/nightrun_0820/ctrl_dressing/CTRL_TABLE.md.pre0827.bak	3865	True
experiments/nightrun_0820/ctrl_dressing/README.md.pre0827.bak	10139	True
experiments/nightrun_0820/ctrl_dressing/ctrl_table.py.pre0827.bak	10696	True
experiments/nightrun_0820/ctrl_dressing/logs/render.log.pre0827.bak	129309	True
experiments/nightrun_0820/ctrl_dressing/manifest_ctrl.json.pre0827.bak	137239	True
experiments/nightrun_0820/ctrl_dressing/run_ctrl_dressing.sh.pre0827.bak	10844	True
experiments/nightrun_0820/ctrl_dressing/run_ctrl_eval.sh.pre0827.bak	9559	True
experiments/probe_holes_0820/README.md.pre0827.bak	17286	True
experiments/probe_holes_0820/dataset_manifest_probe.json.pre0827.bak	205349	True
experiments/probe_holes_0820/logs/probe.log.pre0827.bak	691852	True
experiments/probe_holes_0820/run_probe.sh.pre0827.bak	12878	True
experiments/v3_0823/G7_RELABEL.md.pre0827.bak	30376	True
experiments/v3_0823/REG_AUDIT.md.pre0827.bak	72398	True
experiments/v3_0823/RENDER_PLAN_V3.md.pre0827.bak	77173	True
experiments/v3_0823/SCENE_H67_BUILD.md.pre0827.bak	35012	True
experiments/v3_0823/SCENE_TEXT_BUILD.md.pre0827.bak	170177	True
experiments/v3_0823/W0_CUECLS.md.pre0827.bak	31122	True
experiments/v3_0823/W1D_REPORT.md.pre0827.bak	39629	True
experiments/v3_0823/W2_H67_REPORT.md.pre0827.bak	18882	True
experiments/v3_0823/W3_REPORT.md.pre0827.bak	48511	True
experiments/v3_0823/amodal5/frames.json.pre0827.bak	798486	True
experiments/v3_0823/annotations/_w3_b2_ac_manifest.json.pre0827.bak	138417	True
experiments/v3_0823/annotations/_w3_b2_bd_manifest.json.pre0827.bak	138417	True
experiments/v3_0823/annotations/_w3_base_ac_manifest.json.pre0827.bak	415723	True
experiments/v3_0823/annotations/_w3_base_bd_manifest.json.pre0827.bak	415585	True
experiments/v3_0823/annotations/_w3_h_ac_manifest.json.pre0827.bak	206062	True
experiments/v3_0823/annotations/_w3_h_bd_manifest.json.pre0827.bak	206062	True
experiments/v3_0823/annotations/_w3_lat_ac_manifest.json.pre0827.bak	69770	True
experiments/v3_0823/annotations/_w3_lat_bd_manifest.json.pre0827.bak	69755	True
experiments/v3_0823/annotations/w1b2_A.json.pre0827.bak	1192529	True
experiments/v3_0823/annotations/w1b2_Acorpus.json.pre0827.bak	1191936	True
experiments/v3_0823/annotations/w1b2_B.json.pre0827.bak	1192478	True
experiments/v3_0823/annotations/w1b3_A.json.pre0827.bak	495493	True
experiments/v3_0823/annotations/w1b3_Acorpus.json.pre0827.bak	495004	True
experiments/v3_0823/annotations/w1b3_B.json.pre0827.bak	495045	True
experiments/v3_0823/annotations/w1b_A.json.pre0827.bak	1340396	True
experiments/v3_0823/annotations/w1b_Acorpus.json.pre0827.bak	1339779	True
experiments/v3_0823/annotations/w1b_B.json.pre0827.bak	1340219	True
experiments/v3_0823/code/g7_build_v2corr.py.pre0827.bak	5994	True
experiments/v3_0823/code/g7_make_shadow.py.pre0827.bak	2588	True
experiments/v3_0823/code/g7_variantB.py.pre0827.bak	2961	True
experiments/v3_0823/code/h67_yield.py.pre0827.bak	8961	True
experiments/v3_0823/code/view_overlay.py.pre0827.bak	8703	True
experiments/v3_0823/code/w0_label.sh.pre0827.bak	2312	True
experiments/v3_0823/dataset_manifest_v2corr.json.pre0827.bak	3010477	True
experiments/v3_0823/dataset_manifest_v2corr_roundown.json.pre0827.bak	3010683	True
experiments/v3_0823/dataset_manifest_v3.json.pre0827.bak	9331998	True
experiments/v3_0823/dataset_manifest_v3_seg3.json.pre0827.bak	9460076	True
experiments/v3_0823/dataset_manifest_v3_textext.json.pre0827.bak	844655	True
experiments/v3_0823/dataset_manifest_v3_textext_bd.json.pre0827.bak	844502	True
experiments/v3_0823/logs/cue_extent_frames.json.pre0827.bak	3875303	True
experiments/v3_0823/logs/h12_probe.log.pre0827.bak	1781843	True
experiments/v3_0823/logs/h3l1_probe.log.pre0827.bak	1519031	True
experiments/v3_0823/logs/h67_probe.log.pre0827.bak	960871	True
experiments/v3_0823/logs/n911_probe.log.pre0827.bak	3627848	True
experiments/v3_0823/logs/p5_seg_smoke.log.pre0827.bak	44626	True
experiments/v3_0823/logs/segfill_render.log.pre0827.bak	1599417	True
experiments/v3_0823/logs/w0_cuecls_render.log.pre0827.bak	2498710	True
experiments/v3_0823/logs/w0_label.log.pre0827.bak	4662	True
experiments/v3_0823/logs/w1b2_render.log.pre0827.bak	1686967	True
experiments/v3_0823/logs/w1b3_render.log.pre0827.bak	728873	True
experiments/v3_0823/logs/w1b_console.log.pre0827.bak	18440	True
experiments/v3_0823/logs/w1b_render.log.pre0827.bak	1999082	True
experiments/v3_0823/logs/w1b_rerun_s20e2.log.pre0827.bak	2007	True
experiments/v3_0823/logs/w1b_rerun_scene20.log.pre0827.bak	1920	True
experiments/v3_0823/logs/w1c_hashgate.log.pre0827.bak	646255	True
experiments/v3_0823/logs/w1c_render.log.pre0827.bak	2418469	True
experiments/v3_0823/logs/w1c_segprobe.log.pre0827.bak	89779	True
experiments/v3_0823/logs/w1d_console.log.pre0827.bak	24098	True
experiments/v3_0823/logs/w1d_render.log.pre0827.bak	2791811	True
experiments/v3_0823/logs/w2_h67_render.log.pre0827.bak	981346	True
experiments/v3_0823/logs/w3_text_render.log.pre0827.bak	2388772	True
experiments/v3_0823/manifest_boost_e2_g7fix.json.pre0827.bak	557996	True
experiments/v3_0823/manifest_boost_e2_g7fixM.json.pre0827.bak	140689	True
experiments/v3_0823/manifest_boost_e_g7fix.json.pre0827.bak	973668	True
experiments/v3_0823/manifest_boost_e_g7fixM.json.pre0827.bak	209957	True
experiments/v3_0823/panels/PANELS_V3.md.pre0827.bak	15886	True
experiments/v3_0823/redteam/RT_LEDGER_A.md.pre0827.bak	66862	True
experiments/v3_0823/w0_cuecls.json.pre0827.bak	103040	True
experiments/v3_0823/w1b2_segfill.json.pre0827.bak	68853	True
experiments/v3_0823/w1d_cuecls.json.pre0827.bak	101362	True
experiments/v3_0823/w1d_cuecls_guoff_hmfix.json.pre0827.bak	102600	True
experiments/v3_0823/w1d_seg3.json.pre0827.bak	16997	True
experiments/weekend_0823/c2_rootcause/C2_ROOTCAUSE.md.pre0827.bak	29528	True
experiments/weekend_0823/code/run_ctrl_eval_depth.sh.pre0827.bak	9613	True
experiments/weekend_0823/cue_audit/CUEOFF_RESULT_v2.md.pre0827.bak	48702	True
experiments/weekend_0823/cue_audit/eval_cueoff.sh.pre0827.bak	9532	True
experiments/weekend_0823/cue_audit/eval_tmux.log.pre0827.bak	79356	True
experiments/weekend_0823/cue_audit/logs/cueoff_eval.log.pre0827.bak	5958954	True
experiments/weekend_0823/cue_audit/logs/cueoff_render.log.pre0827.bak	1238495	True
experiments/weekend_0823/cue_audit/manifests/lineage__260823_cueoff2_A__scene12.json.pre0827.bak	69026	True
experiments/weekend_0823/cue_audit/manifests/lineage__260823_cueoff2_B1__scene12.json.pre0827.bak	69099	True
experiments/weekend_0823/cue_audit/manifests/lineage__260823_cueoff2_B2__scene12.json.pre0827.bak	69099	True
experiments/weekend_0823/cue_audit/manifests/lineage__260823_cueoff2_C__scene12.json.pre0827.bak	69266	True
experiments/weekend_0823/cue_audit/manifests/lineage__260823_cueoff2_P__scene12.json.pre0827.bak	69026	True
experiments/weekend_0823/cue_audit/manifests/lineage__260823_cueoff_A__scene12.json.pre0827.bak	68862	True
experiments/weekend_0823/cue_audit/manifests/lineage__260823_cueoff_A__scene17.json.pre0827.bak	69081	True
experiments/weekend_0823/cue_audit/manifests/lineage__260823_cueoff_A__scene20.json.pre0827.bak	69126	True
experiments/weekend_0823/cue_audit/manifests/lineage__260823_cueoff_B1__scene12.json.pre0827.bak	68935	True
experiments/weekend_0823/cue_audit/manifests/lineage__260823_cueoff_B1__scene17.json.pre0827.bak	69154	True
experiments/weekend_0823/cue_audit/manifests/lineage__260823_cueoff_B1__scene20.json.pre0827.bak	69145	True
experiments/weekend_0823/cue_audit/manifests/lineage__260823_cueoff_B2__scene12.json.pre0827.bak	68935	True
experiments/weekend_0823/cue_audit/manifests/lineage__260823_cueoff_B2__scene17.json.pre0827.bak	35044	True
experiments/weekend_0823/cue_audit/manifests/lineage__260823_cueoff_B2__scene20.json.pre0827.bak	69163	True
experiments/weekend_0823/cue_audit/manifests/lineage__260823_cueoff_C__scene12.json.pre0827.bak	69102	True
experiments/weekend_0823/cue_audit/manifests/lineage__260823_cueoff_C__scene17.json.pre0827.bak	69300	True
experiments/weekend_0823/cue_audit/manifests/lineage__260823_cueoff_C__scene20.json.pre0827.bak	69219	True
experiments/weekend_0823/cue_audit/manifests/lineage__260823_cueoff_P__scene12.json.pre0827.bak	68862	True
experiments/weekend_0823/cue_audit/manifests/lineage__260823_cueoff_P__scene17.json.pre0827.bak	69081	True
experiments/weekend_0823/cue_audit/manifests/lineage__260823_cueoff_P__scene20.json.pre0827.bak	69126	True
experiments/weekend_0823/cue_audit/manifests/lineage__260823_cueoff_s20fix_A__scene20.json.pre0827.bak	104204	True
experiments/weekend_0823/cue_audit/manifests/lineage__260823_cueoff_s20fix_B1__scene20.json.pre0827.bak	104349	True
experiments/weekend_0823/cue_audit/manifests/lineage__260823_cueoff_s20fix_B2__scene20.json.pre0827.bak	104343	True
experiments/weekend_0823/cue_audit/manifests/lineage__260823_cueoff_s20fix_C__scene20.json.pre0827.bak	104516	True
experiments/weekend_0823/cue_audit/manifests/lineage__260823_cueoff_s20fix_P__scene20.json.pre0827.bak	104204	True
experiments/weekend_0823/cue_audit/manifests/twin__260823_cueoff2_A__scene12.json.pre0827.bak	68859	True
experiments/weekend_0823/cue_audit/manifests/twin__260823_cueoff2_B1__scene12.json.pre0827.bak	68881	True
experiments/weekend_0823/cue_audit/manifests/twin__260823_cueoff2_B2__scene12.json.pre0827.bak	68932	True
experiments/weekend_0823/cue_audit/manifests/twin__260823_cueoff2_C__scene12.json.pre0827.bak	69021	True
experiments/weekend_0823/cue_audit/manifests/twin__260823_cueoff2_P__scene12.json.pre0827.bak	68859	True
experiments/weekend_0823/cue_audit/manifests/twin__260823_cueoff_A__scene12.json.pre0827.bak	68750	True
experiments/weekend_0823/cue_audit/manifests/twin__260823_cueoff_A__scene17.json.pre0827.bak	68861	True
experiments/weekend_0823/cue_audit/manifests/twin__260823_cueoff_A__scene20.json.pre0827.bak	68927	True
experiments/weekend_0823/cue_audit/manifests/twin__260823_cueoff_B1__scene12.json.pre0827.bak	68823	True
experiments/weekend_0823/cue_audit/manifests/twin__260823_cueoff_B1__scene17.json.pre0827.bak	68934	True
experiments/weekend_0823/cue_audit/manifests/twin__260823_cueoff_B1__scene20.json.pre0827.bak	68946	True
experiments/weekend_0823/cue_audit/manifests/twin__260823_cueoff_B2__scene12.json.pre0827.bak	68823	True
experiments/weekend_0823/cue_audit/manifests/twin__260823_cueoff_B2__scene17.json.pre0827.bak	34824	True
experiments/weekend_0823/cue_audit/manifests/twin__260823_cueoff_B2__scene20.json.pre0827.bak	68964	True
experiments/weekend_0823/cue_audit/manifests/twin__260823_cueoff_C__scene12.json.pre0827.bak	68858	True
experiments/weekend_0823/cue_audit/manifests/twin__260823_cueoff_C__scene17.json.pre0827.bak	69080	True
experiments/weekend_0823/cue_audit/manifests/twin__260823_cueoff_C__scene20.json.pre0827.bak	69020	True
experiments/weekend_0823/cue_audit/manifests/twin__260823_cueoff_P__scene12.json.pre0827.bak	68750	True
experiments/weekend_0823/cue_audit/manifests/twin__260823_cueoff_P__scene17.json.pre0827.bak	68861	True
experiments/weekend_0823/cue_audit/manifests/twin__260823_cueoff_P__scene20.json.pre0827.bak	68927	True
experiments/weekend_0823/cue_audit/manifests/twin__260823_cueoff_s20fix_A__scene20.json.pre0827.bak	139005	True
experiments/weekend_0823/cue_audit/manifests/twin__260823_cueoff_s20fix_B1__scene20.json.pre0827.bak	139150	True
experiments/weekend_0823/cue_audit/manifests/twin__260823_cueoff_s20fix_B2__scene20.json.pre0827.bak	139144	True
experiments/weekend_0823/cue_audit/manifests/twin__260823_cueoff_s20fix_C__scene20.json.pre0827.bak	139317	True
experiments/weekend_0823/cue_audit/manifests/twin__260823_cueoff_s20fix_P__scene20.json.pre0827.bak	139005	True
experiments/weekend_0823/cue_audit/run_cueoff.sh.pre0827.bak	14125	True
experiments/weekend_0823/pilot_package/README_PILOT.md.pre0827.bak	18263	True
experiments/weekend_0823/redteam/REDTEAM_0823.md.pre0827.bak	21709	True
experiments/weekend_0823/rt_response/README.md.pre0827.bak	4941	True
experiments/weekend_0823/rt_response/code/f7b_noisefloor.py.pre0827.bak	5918	True
experiments/weekend_0823/rt_response/f7b_noisefloor.json.pre0827.bak	5023	True
experiments/weekend_0823/v2s/dataset_manifest_v2s_full.json.pre0827.bak	3420271	True
experiments/weekend_0823/v2s/manifest_v2s_boost_e.json.pre0827.bak	1257827	True
experiments/weekend_0823/v2s/manifest_v2s_boost_e2.json.pre0827.bak	720070	True
experiments/weekend_0823/v2s/manifest_v2s_boost_h.json.pre0827.bak	359318	True
experiments/weekend_0823/v2s/manifest_v2s_main.json.pre0827.bak	2959290	True
look_check/logs/260730_data_mini.log.pre0827.bak	181810	True
look_check/logs/260731_data_s10.log.pre0827.bak	50199	True
look_check/logs/260731_data_s17.log.pre0827.bak	48784	True
look_check/logs/260731_data_s18.log.pre0827.bak	45266	True
look_check/logs/260731_s03_recache.log.pre0827.bak	49240	True
scripts/rounds/run_260730_data_mini.sh.pre0827.bak	1734	True
scripts/rounds/run_260815_w4_physpilot.sh.pre0827.bak	1452	True
scripts/rounds/run_260819_main.sh.pre0827.bak	14281	True
scripts/rounds/run_260820_boost.sh.pre0827.bak	17535	True
scripts/shortcut_audit.py.pre0827.bak	8376	True
submission_0830/panels/PANELS.md.pre0827.bak	16038	True
