file	tracked	n_abs	n_rel	delta_bytes
experiments/v3_0823/dataset_manifest_v3_seg3.json	yes	10746	0	115686
experiments/v3_0823/dataset_manifest_v3.json	yes	10602	0	114102
experiments/dayrun_0820/dataset_manifest_v2_full.json	yes	5663	0	56630
experiments/v3_0823/dataset_manifest_v2corr.json	yes	5663	0	56630
experiments/v3_0823/dataset_manifest_v2corr_roundown.json	yes	5663	0	56630
experiments/weekend_0823/v2s/dataset_manifest_v2s_full.json	yes	5663	0	56630
experiments/v3_0823/logs/cue_extent_frames.json	no	0	4872	58208
experiments/dayrun_0820/dataset_manifest_v2.json	yes	3167	0	31670
experiments/mainrun_0819/dataset_manifest_v1.json	yes	3167	0	31670
experiments/weekend_0823/v2s/manifest_v2s_main.json	yes	3167	0	31670
experiments/dayrun_0820/annotations/amodal/bboxes.json	no	2832	0	28320
experiments/v3_0823/amodal5/frames.json	yes	1868	0	21272
experiments/dayrun_0820/manifest_boost_e.json	yes	1344	0	13440
experiments/v3_0823/manifest_boost_e_g7fix.json	yes	1344	0	13440
experiments/weekend_0823/v2s/manifest_v2s_boost_e.json	yes	1344	0	13440
experiments/v3_0823/dataset_manifest_v3_textext.json	yes	1152	0	13824
experiments/v3_0823/dataset_manifest_v3_textext_bd.json	yes	1152	0	13824
experiments/dayrun_0820/manifest_boost_e2.json	yes	768	0	7680
experiments/v3_0823/manifest_boost_e2_g7fix.json	yes	768	0	7680
experiments/weekend_0823/v2s/manifest_v2s_boost_e2.json	yes	768	0	7680
experiments/v3_0823/annotations/_w3_base_ac_manifest.json	yes	576	0	6912
experiments/v3_0823/annotations/_w3_base_bd_manifest.json	yes	576	0	6912
experiments/dayrun_0820/manifest_boost_h.json	yes	384	0	3840
experiments/weekend_0823/v2s/manifest_v2s_boost_h.json	yes	384	0	3840
experiments/mainrun_0819/logs/render.log	no	148	167	3150
experiments/probe_holes_0820/dataset_manifest_probe.json	yes	288	0	2880
experiments/v3_0823/manifest_boost_e_g7fixM.json	yes	288	0	2880
experiments/v3_0823/annotations/_w3_h_ac_manifest.json	yes	288	0	3456
experiments/v3_0823/annotations/_w3_h_bd_manifest.json	yes	288	0	3456
experiments/v3_0823/logs/n911_probe.log	no	82	171	5368
experiments/dayrun_0820/logs/boost_render.log	no	179	45	3068
experiments/v3_0823/logs/w1d_render.log	no	130	77	3518
experiments/nightrun_0820/ctrl_dressing/manifest_ctrl.json	yes	192	0	1920
experiments/v3_0823/manifest_boost_e2_g7fixM.json	yes	192	0	1920
experiments/v3_0823/annotations/_w3_b2_ac_manifest.json	yes	192	0	2304
experiments/v3_0823/annotations/_w3_b2_bd_manifest.json	yes	192	0	2304
experiments/weekend_0823/cue_audit/manifests/twin__260823_cueoff_s20fix_A__scene20.json	yes	192	0	1344
experiments/weekend_0823/cue_audit/manifests/twin__260823_cueoff_s20fix_B1__scene20.json	yes	192	0	1344
experiments/weekend_0823/cue_audit/manifests/twin__260823_cueoff_s20fix_B2__scene20.json	yes	192	0	1344
experiments/weekend_0823/cue_audit/manifests/twin__260823_cueoff_s20fix_C__scene20.json	yes	192	0	1344
experiments/weekend_0823/cue_audit/manifests/twin__260823_cueoff_s20fix_P__scene20.json	yes	192	0	1344
experiments/v3_0823/logs/w0_cuecls_render.log	no	116	58	1218
experiments/v3_0823/logs/w1b_render.log	no	93	75	2838
experiments/v3_0823/logs/w1c_render.log	no	110	57	2840
experiments/v3_0823/logs/segfill_render.log	no	72	84	1092
experiments/weekend_0823/cue_audit/logs/cueoff_eval.log	no	0	152	1325
experiments/weekend_0823/cue_audit/manifests/lineage__260823_cueoff_s20fix_A__scene20.json	yes	144	0	1152
experiments/weekend_0823/cue_audit/manifests/lineage__260823_cueoff_s20fix_B1__scene20.json	yes	144	0	1152
experiments/weekend_0823/cue_audit/manifests/lineage__260823_cueoff_s20fix_B2__scene20.json	yes	144	0	1152
experiments/weekend_0823/cue_audit/manifests/lineage__260823_cueoff_s20fix_C__scene20.json	yes	144	0	1152
experiments/weekend_0823/cue_audit/manifests/lineage__260823_cueoff_s20fix_P__scene20.json	yes	144	0	1152
experiments/v3_0823/logs/w1b2_render.log	no	78	60	2198
experiments/v3_0823/logs/h12_probe.log	no	40	81	2730
experiments/v3_0823/annotations/w1b_A.json	yes	0	108	1134
experiments/v3_0823/annotations/w1b_Acorpus.json	yes	0	108	1080
experiments/v3_0823/annotations/w1b_B.json	yes	0	108	1404
experiments/v3_0823/logs/h3l1_probe.log	no	34	66	2248
experiments/v3_0823/annotations/_w3_lat_ac_manifest.json	yes	96	0	1152
experiments/v3_0823/annotations/_w3_lat_bd_manifest.json	yes	96	0	1152
experiments/v3_0823/annotations/w1b2_A.json	yes	0	96	1008
experiments/v3_0823/annotations/w1b2_Acorpus.json	yes	0	96	960
experiments/v3_0823/annotations/w1b2_B.json	yes	0	96	1056
experiments/weekend_0823/cue_audit/manifests/lineage__260823_cueoff2_A__scene12.json	yes	96	0	816
experiments/weekend_0823/cue_audit/manifests/lineage__260823_cueoff2_B1__scene12.json	yes	96	0	816
experiments/weekend_0823/cue_audit/manifests/lineage__260823_cueoff2_B2__scene12.json	yes	96	0	816
experiments/weekend_0823/cue_audit/manifests/lineage__260823_cueoff2_C__scene12.json	yes	96	0	816
experiments/weekend_0823/cue_audit/manifests/lineage__260823_cueoff2_P__scene12.json	yes	96	0	816
experiments/weekend_0823/cue_audit/manifests/lineage__260823_cueoff_A__scene12.json	yes	96	0	816
experiments/weekend_0823/cue_audit/manifests/lineage__260823_cueoff_A__scene17.json	yes	96	0	816
experiments/weekend_0823/cue_audit/manifests/lineage__260823_cueoff_A__scene20.json	yes	96	0	816
experiments/weekend_0823/cue_audit/manifests/lineage__260823_cueoff_B1__scene12.json	yes	96	0	816
experiments/weekend_0823/cue_audit/manifests/lineage__260823_cueoff_B1__scene17.json	yes	96	0	816
experiments/weekend_0823/cue_audit/manifests/lineage__260823_cueoff_B1__scene20.json	yes	96	0	816
experiments/weekend_0823/cue_audit/manifests/lineage__260823_cueoff_B2__scene12.json	yes	96	0	816
experiments/weekend_0823/cue_audit/manifests/lineage__260823_cueoff_B2__scene20.json	yes	96	0	816
experiments/weekend_0823/cue_audit/manifests/lineage__260823_cueoff_C__scene12.json	yes	96	0	816
experiments/weekend_0823/cue_audit/manifests/lineage__260823_cueoff_C__scene17.json	yes	96	0	816
experiments/weekend_0823/cue_audit/manifests/lineage__260823_cueoff_C__scene20.json	yes	96	0	816
experiments/weekend_0823/cue_audit/manifests/lineage__260823_cueoff_P__scene12.json	yes	96	0	816
experiments/weekend_0823/cue_audit/manifests/lineage__260823_cueoff_P__scene17.json	yes	96	0	816
experiments/weekend_0823/cue_audit/manifests/lineage__260823_cueoff_P__scene20.json	yes	96	0	816
experiments/weekend_0823/cue_audit/manifests/twin__260823_cueoff2_A__scene12.json	yes	96	0	672
experiments/weekend_0823/cue_audit/manifests/twin__260823_cueoff2_B1__scene12.json	yes	96	0	672
experiments/weekend_0823/cue_audit/manifests/twin__260823_cueoff2_B2__scene12.json	yes	96	0	672
experiments/weekend_0823/cue_audit/manifests/twin__260823_cueoff2_C__scene12.json	yes	96	0	672
experiments/weekend_0823/cue_audit/manifests/twin__260823_cueoff2_P__scene12.json	yes	96	0	672
experiments/weekend_0823/cue_audit/manifests/twin__260823_cueoff_A__scene12.json	yes	96	0	672
experiments/weekend_0823/cue_audit/manifests/twin__260823_cueoff_A__scene17.json	yes	96	0	672
experiments/weekend_0823/cue_audit/manifests/twin__260823_cueoff_A__scene20.json	yes	96	0	672
experiments/weekend_0823/cue_audit/manifests/twin__260823_cueoff_B1__scene12.json	yes	96	0	672
experiments/weekend_0823/cue_audit/manifests/twin__260823_cueoff_B1__scene17.json	yes	96	0	672
experiments/weekend_0823/cue_audit/manifests/twin__260823_cueoff_B1__scene20.json	yes	96	0	672
experiments/weekend_0823/cue_audit/manifests/twin__260823_cueoff_B2__scene12.json	yes	96	0	672
experiments/weekend_0823/cue_audit/manifests/twin__260823_cueoff_B2__scene20.json	yes	96	0	672
experiments/weekend_0823/cue_audit/manifests/twin__260823_cueoff_C__scene12.json	yes	96	0	672
experiments/weekend_0823/cue_audit/manifests/twin__260823_cueoff_C__scene17.json	yes	96	0	672
experiments/weekend_0823/cue_audit/manifests/twin__260823_cueoff_C__scene20.json	yes	96	0	672
experiments/weekend_0823/cue_audit/manifests/twin__260823_cueoff_P__scene12.json	yes	96	0	672
experiments/weekend_0823/cue_audit/manifests/twin__260823_cueoff_P__scene17.json	yes	96	0	672
experiments/weekend_0823/cue_audit/manifests/twin__260823_cueoff_P__scene20.json	yes	96	0	672
experiments/v3_0823/w0_cuecls.json	yes	0	78	546
experiments/v3_0823/w1d_cuecls.json	yes	0	78	546
experiments/v3_0823/w1d_cuecls_guoff_hmfix.json	yes	0	78	546
experiments/v3_0823/logs/w3_text_render.log	no	54	16	936
experiments/v3_0823/w1b2_segfill.json	yes	0	68	578
experiments/probe_holes_0820/logs/probe.log	no	36	23	590
experiments/v3_0823/logs/w1b3_render.log	no	34	20	866
experiments/v3_0823/logs/h67_probe.log	no	21	28	1180
experiments/weekend_0823/cue_audit/logs/cueoff_render.log	no	24	24	336
experiments/weekend_0823/cue_audit/manifests/lineage__260823_cueoff_B2__scene17.json	yes	48	0	480
experiments/weekend_0823/cue_audit/manifests/twin__260823_cueoff_B2__scene17.json	yes	48	0	336
experiments/v3_0823/logs/w2_h67_render.log	no	22	24	540
experiments/v3_0823/annotations/w1b3_A.json	yes	0	40	420
experiments/v3_0823/annotations/w1b3_Acorpus.json	yes	0	40	400
experiments/v3_0823/annotations/w1b3_B.json	yes	0	40	440
experiments/weekend_0823/cue_audit/eval_tmux.log	no	0	40	340
dataset/v2_corpus/260819_main_off/manifest.json	no	0	33	330
dataset/v2_corpus/260819_main_on/manifest.json	no	0	33	330
experiments/v3_0823/logs/w1c_hashgate.log	no	30	0	480
dataset/_archive/_delete_candidates/260826_v3w1_lib_D_smoke/manifest.json	no	0	22	616
dataset/v3_library/260826_v3w1_lib_D/manifest.json	no	0	22	242
dataset/v3_aux/260825_v3w0_cuecls_A/manifest.json	no	0	19	133
dataset/v3_aux/260825_v3w0_cuecls_Bdress/manifest.json	no	0	19	133
dataset/_archive/_delete_candidates/260827_v3w1_lib_C_smoke/manifest.json	no	0	18	504
dataset/v3_aux/260826_v3a_segfill/manifest.json	no	0	18	126
dataset/v3_library/260827_v3w1_lib_C/manifest.json	no	0	18	198
experiments/v3_0823/w1d_seg3.json	yes	0	16	112
dataset/_archive/v3_aux/260827_v3w1c_hashgate/manifest.json	no	0	15	240
dataset/_archive/v3_library/260826_v3w1_lib_B_smoke/manifest.json	no	0	15	300
dataset/v3_library/260826_v3w1_lib_B/manifest.json	no	0	15	165
dataset/_archive/v2_probes/260820_boost_e/manifest.json	no	0	14	266
dataset/v2_corpus/260820_boost_e_off/manifest.json	no	0	14	140
dataset/v2_corpus/260820_boost_e_on/manifest.json	no	0	14	140
dataset/_archive/_delete_candidates/260826_v3w1_lib_B2_smoke/manifest.json	no	0	12	336
dataset/v3_library/260826_v3w1_lib_B2/manifest.json	no	0	12	132
experiments/v3_0823/logs/w1d_console.log	no	0	12	183
experiments/nightrun_0820/ctrl_dressing/logs/render.log	no	6	5	110
experiments/v3_0823/logs/w1b_console.log	no	0	10	182
dataset/v3_aux/260825_v3w0_cuecls_Brail/manifest.json	no	0	9	63
dataset/v3_aux/260826_v3a_segfill_e/manifest.json	no	0	9	63
dataset/v3_library/260826_v3w1_lib_D_e/manifest.json	no	0	9	99
dataset/v3_library/260827_v3w1_lib_C_e/manifest.json	no	0	9	99
dataset/v2_corpus/260820_boost_e2_off/manifest.json	no	0	8	80
dataset/v2_corpus/260820_boost_e2_on/manifest.json	no	0	8	80
dataset/_archive/v3_library/260826_v3w1_lib_B_e/manifest.json	no	0	7	140
dataset/v3_library/260826_v3w1_lib_B2_e/manifest.json	no	0	7	77
experiments/v3_0823/G7_RELABEL.md	yes	5	2	70
experiments/v3_0823/logs/w1b_rerun_s20e2.log	no	0	6	111
experiments/v3_0823/logs/w1b_rerun_scene20.log	no	0	6	102
experiments/weekend_0823/rt_response/f7b_noisefloor.json	yes	0	6	60
experiments/weekend_0823/rt_response/code/f7b_noisefloor.py	yes	0	6	60
dataset/_archive/_delete_candidates/260827_v3w1_lib_B3_smoke/manifest.json	no	0	5	140
dataset/_archive/pilots/260815_datapilot/manifest.json	no	0	5	80
dataset/v3_aux/260825_v3w0_cuecls_Bnose/manifest.json	no	0	5	35
dataset/v3_aux/260826_v3a_segfill_e2/manifest.json	no	0	5	35
dataset/v3_library/260826_v3w1_lib_D_e2/manifest.json	no	0	5	55
dataset/v3_library/260827_v3w1_lib_B3/manifest.json	no	0	5	55
dataset/v3_library/260827_v3w1_lib_C_e2/manifest.json	no	0	5	55
experiments/v3_0823/SCENE_H67_BUILD.md	yes	2	3	124
experiments/weekend_0823/cue_audit/eval_cueoff.sh	yes	5	0	50
look_check/logs/260730_data_mini.log	no	4	1	120
dataset/_archive/v2_probes/260820_boost_h/manifest.json	no	0	4	76
dataset/v2_corpus/260820_boost_h_off/manifest.json	no	0	4	40
dataset/v2_corpus/260820_boost_h_on/manifest.json	no	0	4	40
dataset/v3_aux/260825_v3w0_cuecls_Bmatl/manifest.json	no	0	4	28
experiments/dayrun_0820/code/run_phase1.sh	yes	4	0	40
experiments/v3_0823/logs/w0_label.log	no	4	0	28
scripts/rounds/run_260820_boost.sh	yes	0	4	58
Docs/experiment/Status/PROJECT_STATE_0826.md	no	0	3	15
Docs/reports/autonomy_run_extension_260816.md	yes	0	3	48
Docs/reports/dn_curve_260816.md	yes	0	3	48
dataset/_archive/scene_dev_2607/260730_data_mini/manifest.json	no	0	3	72
dataset/_archive/v3_library/260826_v3w1_lib_B_e2/manifest.json	no	0	3	60
dataset/v2_probes/260821_probe_off/manifest.json	no	0	3	30
dataset/v2_probes/260821_probe_on/manifest.json	no	0	3	30
dataset/v3_library/260826_v3w1_lib_B2_e2/manifest.json	no	0	3	33
dataset/v3_library/260827_v3w1_lib_B3_e/manifest.json	no	0	3	33
experiments/mainrun_0819/METRICS.md	yes	0	3	30
experiments/mainrun_0819/PATHS.md	yes	0	3	48
experiments/nightrun_0820/ctrl_dressing/CTRL_TABLE.md	yes	0	3	30
experiments/nightrun_0820/ctrl_dressing/ctrl_table.py	yes	0	3	30
experiments/v3_0823/RENDER_PLAN_V3.md	yes	0	3	63
experiments/weekend_0823/c2_rootcause/C2_ROOTCAUSE.md	yes	0	3	30
scripts/rounds/run_260815_w4_physpilot.sh	yes	0	3	48
Docs/audit_v4/gt_changes_w3.md	yes	0	2	48
dataset/_archive/_delete_candidates/260819_patchprobe_oracle/manifest.json	no	0	2	56
dataset/_archive/v3_library/260826_v3w1_lib_B_h/manifest.json	no	0	2	40
dataset/v2_probes/260820_ctrloff/manifest.json	no	0	2	20
dataset/v3_aux/260825_v3w0_cuecls_Btact/manifest.json	no	0	2	14
dataset/v3_aux/260826_v3a_segfill_h/manifest.json	no	0	2	14
dataset/v3_library/260826_v3w1_lib_B2_h/manifest.json	no	0	2	22
dataset/v3_library/260826_v3w1_lib_D_h/manifest.json	no	0	2	22
dataset/v3_library/260827_v3w1_lib_C_h/manifest.json	no	0	2	22
experiments/mainrun_0819/PIPELINE_NOTES.md	yes	0	2	32
experiments/nightrun_0820/ctrl_dressing/run_ctrl_dressing.sh	yes	0	2	20
experiments/nightrun_0820/ctrl_dressing/run_ctrl_eval.sh	yes	2	0	20
experiments/probe_holes_0820/README.md	yes	0	2	20
experiments/probe_holes_0820/run_probe.sh	yes	0	2	20
experiments/v3_0823/SCENE_TEXT_BUILD.md	yes	0	2	56
experiments/v3_0823/code/h67_yield.py	yes	0	2	48
experiments/v3_0823/logs/w1c_segprobe.log	no	2	0	32
experiments/weekend_0823/code/run_ctrl_eval_depth.sh	yes	2	0	20
experiments/weekend_0823/pilot_package/README_PILOT.md	yes	0	2	20
look_check/logs/260731_data_s10.log	no	1	1	48
look_check/logs/260731_data_s17.log	no	1	1	48
look_check/logs/260731_s03_recache.log	no	1	1	48
scripts/rounds/run_260819_main.sh	yes	0	2	20
Docs/archive/reports/lighting_round_impl_v1.md	yes	0	1	24
Docs/archive/reports/redteam_lane1.md	yes	0	1	24
Docs/reports/redteam_s0710_rebuild.md	yes	0	1	24
Docs/reports/w3_cb7_v1.md	yes	0	1	24
Docs/reports/w3_p03_v1.md	yes	0	1	24
Docs/reports/w3_s01_v1.md	yes	0	1	24
Docs/reports/w3_s10_close_v1.md	yes	0	1	24
Docs/reports/w3_s18_v1.md	yes	0	1	24
dataset/_archive/_delete_candidates/260819_patchprobe_noenv/manifest.json	no	0	1	28
dataset/_archive/_delete_candidates/260819_patchprobe_noenv2/manifest.json	no	0	1	28
dataset/_archive/_delete_candidates/260820_probe_h/manifest.json	no	0	1	28
dataset/_archive/_delete_candidates/260820_probe_noenv/manifest.json	no	0	1	28
dataset/_archive/_delete_candidates/260823_v3p5_segsmoke_A/manifest.json	no	0	1	28
dataset/_archive/scene_dev_2607/260730_s13_recache/manifest.json	no	0	1	24
dataset/_archive/scene_dev_2607/260731_cb7_recache/manifest.json	no	0	1	24
dataset/_archive/scene_dev_2607/260731_data_s01/manifest.json	no	0	1	24
dataset/_archive/scene_dev_2607/260731_data_s09/manifest.json	no	0	1	24
dataset/_archive/scene_dev_2607/260731_data_s10/manifest.json	no	0	1	24
dataset/_archive/scene_dev_2607/260731_data_s17/manifest.json	no	0	1	24
dataset/_archive/scene_dev_2607/260731_data_s18/manifest.json	no	0	1	24
dataset/_archive/scene_dev_2607/260731_s03_recache/manifest.json	no	0	1	24
dataset/_archive/scene_dev_2607/260731_s07_recache/manifest.json	no	0	1	24
dataset/_archive/scene_dev_2607/260731_s08_recache/manifest.json	no	0	1	24
dataset/_archive/v2_probes/260819_patchprobe_off/manifest.json	no	0	1	19
dataset/_archive/v2_probes/260819_patchprobe_on/manifest.json	no	0	1	19
dataset/_archive/v3_aux/260827_v3w1c_segprobe/manifest.json	no	0	1	16
dataset/_archive/v3_library/260826_v3w1_lib_B_e/test/scene12/heightmap_fused_meta.json	no	0	1	11
dataset/_archive/v3_library/260826_v3w1_lib_B_e2/test/scene12/heightmap_fused_meta.json	no	0	1	11
dataset/misc/260824_handson/manifest.json	no	0	1	5
dataset/v2_corpus/260819_main_on/test/scene10/idseg_backfill.json	no	0	1	7
dataset/v2_corpus/260819_main_on/test/scene12/idseg_backfill.json	no	0	1	7
dataset/v2_corpus/260819_main_on/train/scene03/idseg_backfill.json	no	0	1	7
dataset/v2_corpus/260819_main_on/train/scene04/idseg_backfill.json	no	0	1	7
dataset/v2_corpus/260819_main_on/train/scene09/idseg_backfill.json	no	0	1	7
dataset/v2_corpus/260819_main_on/train/scene16/idseg_backfill.json	no	0	1	7
dataset/v2_corpus/260819_main_on/train/scene17/idseg_backfill.json	no	0	1	7
dataset/v2_corpus/260819_main_on/train/scene20/idseg_backfill.json	no	0	1	7
dataset/v2_corpus/260819_main_on/train/scene21/idseg_backfill.json	no	0	1	7
dataset/v2_corpus/260819_main_on/train/sceneC1/idseg_backfill.json	no	0	1	7
dataset/v2_corpus/260819_main_on/train/sceneC4/idseg_backfill.json	no	0	1	7
dataset/v2_corpus/260819_main_on/train/sceneD2/idseg_backfill.json	no	0	1	7
dataset/v2_corpus/260819_main_on/train/sceneD3/idseg_backfill.json	no	0	1	7
dataset/v2_corpus/260819_main_on/val/scene01/idseg_backfill.json	no	0	1	7
dataset/v2_corpus/260819_main_on/val/scene02/idseg_backfill.json	no	0	1	7
dataset/v2_corpus/260819_main_on/val/sceneD1/idseg_backfill.json	no	0	1	7
dataset/v2_corpus/260820_boost_e2_on/train/scene03/idseg_backfill.json	no	0	1	7
dataset/v2_corpus/260820_boost_e2_on/train/scene04/idseg_backfill.json	no	0	1	7
dataset/v2_corpus/260820_boost_e2_on/train/scene20/idseg_backfill.json	no	0	1	7
dataset/v2_corpus/260820_boost_e2_on/train/sceneC4/idseg_backfill.json	no	0	1	7
dataset/v2_corpus/260820_boost_e_on/test/scene12/idseg_backfill.json	no	0	1	7
dataset/v2_corpus/260820_boost_e_on/train/scene03/idseg_backfill.json	no	0	1	7
dataset/v2_corpus/260820_boost_e_on/train/scene04/idseg_backfill.json	no	0	1	7
dataset/v2_corpus/260820_boost_e_on/train/scene09/idseg_backfill.json	no	0	1	7
dataset/v2_corpus/260820_boost_e_on/train/scene17/idseg_backfill.json	no	0	1	7
dataset/v2_corpus/260820_boost_e_on/train/scene20/idseg_backfill.json	no	0	1	7
dataset/v2_corpus/260820_boost_e_on/train/sceneC1/idseg_backfill.json	no	0	1	7
dataset/v2_corpus/260820_boost_e_on/train/sceneC4/idseg_backfill.json	no	0	1	7
dataset/v2_corpus/260820_boost_h_on/train/scene17/idseg_backfill.json	no	0	1	7
dataset/v3_library/260826_v3w1_lib_B2_e/test/scene12/heightmap_fused_meta.json	no	0	1	11
dataset/v3_library/260826_v3w1_lib_B2_e2/test/scene12/heightmap_fused_meta.json	no	0	1	11
dataset/v3_library/260826_v3w1_lib_D_e/test/scene12/heightmap_fused_meta.json	no	0	1	11
dataset/v3_library/260826_v3w1_lib_D_e/train/scene08/heightmap_fused_meta.json	no	0	1	11
dataset/v3_library/260826_v3w1_lib_D_e2/test/scene12/heightmap_fused_meta.json	no	0	1	11
dataset/v3_library/260827_v3w1_lib_B3_e2/manifest.json	no	0	1	11
dataset/v3_library/260827_v3w1_lib_B3_h/manifest.json	no	0	1	11
dataset/v3_library/260827_v3w1_lib_C_e/test/scene12/heightmap_fused_meta.json	no	0	1	11
dataset/v3_library/260827_v3w1_lib_C_e2/test/scene12/heightmap_fused_meta.json	no	0	1	11
experiments/dayrun_0820/narrative/diag_v1/DIAG_V1.md	yes	0	1	10
experiments/mainrun_0819/HARNESS_NOTES.md	yes	1	0	16
experiments/mainrun_0819/SPEC_EXTRACTED.md	yes	0	1	16
experiments/nightrun_0820/ctrl_dressing/README.md	yes	0	1	10
experiments/v3_0823/W1D_REPORT.md	yes	0	1	11
experiments/v3_0823/W3_REPORT.md	yes	0	1	28
experiments/v3_0823/code/view_overlay.py	no	0	1	5
experiments/v3_0823/code/w0_label.sh	yes	1	0	10
experiments/v3_0823/logs/p5_seg_smoke.log	yes	1	0	28
experiments/weekend_0823/redteam/REDTEAM_0823.md	yes	0	1	10
experiments/weekend_0823/rt_response/README.md	yes	0	1	10
look_check/logs/260731_data_s18.log	no	1	0	24
scripts/shortcut_audit.py	yes	0	1	24
scripts/rounds/run_260730_data_mini.sh	yes	0	1	24
